Date,Adj Close,Close,High,Low,Open,Volume
2023-06-01,0.0585700012743473,0.0585700012743473,0.0598919987678527,0.058373000472784,0.0595760010182857,6946955
2023-06-02,0.059673998504877,0.059673998504877,0.0597410015761852,0.0581009984016418,0.0585540011525154,5274838
2023-06-03,0.0592340007424354,0.0592340007424354,0.0596899986267089,0.0591819994151592,0.0596520006656646,4046843
2023-06-04,0.0605809986591339,0.0605809986591339,0.0623579993844032,0.0591849982738494,0.0592570006847381,12626175
2023-06-05,0.0582850016653537,0.0582850016653537,0.061269998550415,0.0578659996390342,0.0605910010635852,13944860
2023-06-06,0.0595390014350414,0.0595390014350414,0.0597110018134117,0.0580420009791851,0.0582729987800121,9357086
2023-06-07,0.0586749985814094,0.0586749985814094,0.0607369989156723,0.0586749985814094,0.0595359988510608,12505353
2023-06-08,0.05867899954319,0.05867899954319,0.0597519986331462,0.0583719983696937,0.0586740002036094,8950118
2023-06-09,0.0574170015752315,0.0574170015752315,0.0587409995496273,0.0574170015752315,0.058687999844551,7202433
2023-06-10,0.0541989989578723,0.0541989989578723,0.0574790015816688,0.0507239997386932,0.0574409998953342,17928584
2023-06-11,0.0550960004329681,0.0550960004329681,0.0552809983491897,0.0539710000157356,0.0542269982397556,6170871
2023-06-12,0.0533789992332458,0.0533789992332458,0.0551219992339611,0.0532669983804225,0.0550939999520778,6846207
2023-06-13,0.0522399991750717,0.0522399991750717,0.0537540018558502,0.0521739982068538,0.0533780008554458,6446244
2023-06-14,0.0518330000340938,0.0518330000340938,0.0534989982843399,0.0514650009572505,0.0522390007972717,6274683
2023-06-15,0.0525869987905025,0.0525869987905025,0.0526829995214939,0.0517969988286495,0.0518370009958744,7136611
2023-06-16,0.0528520010411739,0.0528520010411739,0.0533690005540847,0.0522780008614063,0.0525849983096122,8735892
2023-06-17,0.0533830001950264,0.0533830001950264,0.0535209998488426,0.0526829995214939,0.0528529994189739,6037351
2023-06-18,0.0535230003297328,0.0535230003297328,0.054076001048088,0.0533309988677501,0.0533809997141361,5554991
2023-06-19,0.0539419986307621,0.0539419986307621,0.0542000010609626,0.0534959994256496,0.0535390004515647,6302218
2023-06-20,0.0546230003237724,0.0546230003237724,0.0546640008687973,0.0533620007336139,0.0541319996118545,6944887
2023-06-21,0.056522000581026,0.056522000581026,0.0566909983754158,0.0544870011508464,0.0546320006251335,10756660
2023-06-22,0.0564999990165233,0.0564999990165233,0.0576139986515045,0.0564340017735958,0.0565619990229606,11277114
2023-06-23,0.0584280006587505,0.0584280006587505,0.0588679984211921,0.0563159994781017,0.0564499981701374,10924888
2023-06-24,0.0583779998123645,0.0583779998123645,0.058798000216484,0.0579870007932186,0.0584399998188018,7697810
2023-06-25,0.0584239996969699,0.0584239996969699,0.0602970011532306,0.0582140013575553,0.058373998850584,12036135
2023-06-26,0.0566629990935325,0.0566629990935325,0.0584469996392726,0.0564059987664222,0.0584359988570213,10357026
2023-06-27,0.0566789992153644,0.0566789992153644,0.056777000427246,0.0562510006129741,0.0566640011966228,7877951
2023-06-28,0.0550919994711875,0.0550919994711875,0.0569659993052482,0.0550919994711875,0.0566789992153644,10129965
2023-06-29,0.0551429986953735,0.0551429986953735,0.0559459999203681,0.0550549998879432,0.0550890006124973,7412666
2023-06-30,0.0561180002987384,0.0561180002987384,0.0568649992346763,0.0548500008881092,0.0551480017602443,13017150
2023-07-01,0.0572849996387958,0.0572849996387958,0.0572849996387958,0.0558930002152919,0.0561150014400482,8210822
2023-07-02,0.0566690005362033,0.0566690005362033,0.0576220005750656,0.0562659986317157,0.0572829991579055,8735910
2023-07-03,0.0569869987666606,0.0569869987666606,0.0573720000684261,0.0566309988498687,0.0566730014979839,7556068
2023-07-04,0.0571869984269142,0.0571869984269142,0.0574779994785785,0.0567630007863044,0.0569900013506412,6509721
2023-07-05,0.0576310008764267,0.0576310008764267,0.0580120012164115,0.0568590015172958,0.0571889989078044,8906783
2023-07-06,0.0566279999911785,0.0566279999911785,0.0587430000305175,0.0566279999911785,0.0576330013573169,8372322
2023-07-07,0.0564390011131763,0.0564390011131763,0.0567749999463558,0.0559910014271736,0.0566289983689785,6873790
2023-07-08,0.0567120015621185,0.0567120015621185,0.0567120015621185,0.0563549995422363,0.0564480014145374,5130433
2023-07-09,0.0563540011644363,0.0563540011644363,0.0570719987154006,0.0563349984586238,0.0567139983177185,5159350
2023-07-10,0.0560079999268054,0.0560079999268054,0.0565060004591941,0.0553690008819103,0.056352999061346,7011736
2023-07-11,0.056912001222372,0.056912001222372,0.0569900013506412,0.0558720007538795,0.0560079999268054,6516696
2023-07-12,0.0573959983885288,0.0573959983885288,0.0578210018575191,0.0568719990551471,0.056912001222372,9228444
2023-07-13,0.0601649992167949,0.0601649992167949,0.0601649992167949,0.0571979992091655,0.0573959983885288,17544212
2023-07-14,0.0596259981393814,0.0596259981393814,0.0609980002045631,0.0589170008897781,0.0601710006594657,18899484
2023-07-15,0.0609720014035701,0.0609720014035701,0.0609840005636215,0.0593659989535808,0.0596259981393814,9343698
2023-07-16,0.0603329986333847,0.0603329986333847,0.0617900006473064,0.0601599998772144,0.0609659999608993,12483810
2023-07-17,0.0601099990308284,0.0601099990308284,0.0605930015444755,0.0593260005116462,0.0603320002555847,10419987
2023-07-18,0.0592209994792938,0.0592209994792938,0.0601879991590976,0.0591179989278316,0.0601070001721382,9173386
2023-07-19,0.0594660006463527,0.0594660006463527,0.0600680001080036,0.0591679997742176,0.0592270009219646,10420975
2023-07-20,0.059333998709917,0.059333998709917,0.059689000248909,0.058908000588417,0.0594640001654624,10344864
2023-07-21,0.0611060000956058,0.0611060000956058,0.0617909990251064,0.0593390017747879,0.0593390017747879,25707935
2023-07-22,0.0604740008711814,0.0604740008711814,0.0611060000956058,0.060394000262022,0.0611060000956058,9062061
2023-07-23,0.0605229996144771,0.0605229996144771,0.0608359985053539,0.0602490007877349,0.0604630000889301,6824202
2023-07-24,0.0588620007038116,0.0588620007038116,0.0605400018393993,0.05867800116539,0.0605110004544258,10719146
2023-07-25,0.0585770010948181,0.0585770010948181,0.0588879995048046,0.0582199990749359,0.0588660016655921,7578028
2023-07-26,0.059138998389244,0.059138998389244,0.0604160018265247,0.0585790015757083,0.0585790015757083,21685219
2023-07-27,0.0590480007231235,0.0590480007231235,0.0594789981842041,0.0587339997291564,0.0591569989919662,6996079
2023-07-28,0.0597309991717338,0.0597309991717338,0.0597320012748241,0.0587930008769035,0.0590300001204013,10136854
2023-07-29,0.0601899996399879,0.0601899996399879,0.0602280013263225,0.0596869997680187,0.0596910007297992,6064340
2023-07-30,0.0593630000948905,0.0593630000948905,0.0603239983320236,0.0591339990496635,0.0602150000631809,7426506
2023-07-31,0.0587910003960132,0.0587910003960132,0.0595460012555122,0.0584390014410018,0.0593670010566711,8059553
2023-08-01,0.0594879984855651,0.0594879984855651,0.0601839981973171,0.0583430007100105,0.058788001537323,24369969
2023-08-02,0.0595009997487068,0.0595009997487068,0.059758998453617,0.0590750016272068,0.0594759993255138,12122226
2023-08-03,0.0593190006911754,0.0593190006911754,0.0596279986202716,0.0590419992804527,0.0595100000500679,8860392
2023-08-04,0.0583520010113716,0.0583520010113716,0.0593170002102851,0.0582309998571872,0.059298999607563,8112481
2023-08-05,0.0577600002288818,0.0577600002288818,0.0583649985492229,0.0574919991195201,0.0583520010113716,6480436
2023-08-06,0.0582339987158775,0.0582339987158775,0.058322999626398,0.0576950013637542,0.0577600002288818,7971797
2023-08-07,0.0576709993183612,0.0576709993183612,0.0584710016846656,0.0574089996516704,0.0582089982926845,9612058
2023-08-08,0.058042999356985,0.058042999356985,0.0582319982349872,0.0574170015752315,0.0576240010559558,7523708
2023-08-09,0.0576109997928142,0.0576109997928142,0.0583169981837272,0.0573140010237693,0.0580310001969337,8349085
2023-08-10,0.0574860014021396,0.0574860014021396,0.0578429996967315,0.0573149994015693,0.0576279982924461,5979643
2023-08-11,0.0571210011839866,0.0571210011839866,0.0575449988245964,0.0570789985358715,0.0574709996581077,4877663
2023-08-12,0.0572139993309974,0.0572139993309974,0.0572669990360736,0.0570130012929439,0.0571780018508434,4663498
2023-08-13,0.0569540001451969,0.0569540001451969,0.0572209991514682,0.056912001222372,0.0572169981896877,5169222
2023-08-14,0.0568000003695488,0.0568000003695488,0.0571810007095336,0.0566559992730617,0.0569530017673969,7876689
2023-08-15,0.0556150004267692,0.0556150004267692,0.0569889992475509,0.0556150004267692,0.056802999228239,8963469
2023-08-16,0.0543159991502761,0.0543159991502761,0.0557980015873909,0.0543159991502761,0.0556150004267692,22147111
2023-08-17,0.0520359985530376,0.0520359985530376,0.0545630007982254,0.05129000172019,0.0543889999389648,13602019
2023-08-18,0.0518409982323646,0.0518409982323646,0.0522909983992576,0.0514519996941089,0.0520410016179084,10636529
2023-08-19,0.0523470006883144,0.0523470006883144,0.0526259988546371,0.0516589991748333,0.0518490001559257,5221336
2023-08-20,0.0523829981684684,0.0523829981684684,0.0525709986686706,0.0521080009639263,0.0523479990661144,4841178
2023-08-21,0.051936000585556,0.051936000585556,0.0525900013744831,0.0518580004572868,0.0523840002715587,6854090
2023-08-22,0.0516839995980262,0.0516839995980262,0.0523529984056949,0.0513989999890327,0.0519349984824657,6582715
2023-08-23,0.0519290007650852,0.0519290007650852,0.0521549992263317,0.0511940009891986,0.0516839995980262,7107037
2023-08-24,0.0514920018613338,0.0514920018613338,0.0520239993929863,0.0513219982385635,0.0519299991428852,5923412
2023-08-25,0.0512280017137527,0.0512280017137527,0.051511000841856,0.0510599985718727,0.0514889992773532,6005789
2023-08-26,0.051095001399517,0.051095001399517,0.0513710007071495,0.0510040000081062,0.0512260012328624,3530089
2023-08-27,0.0510299988090992,0.0510299988090992,0.05154599994421,0.0510049983859062,0.051095001399517,5839577
2023-08-28,0.0528500005602836,0.0528500005602836,0.053847998380661,0.0509929992258548,0.0510200001299381,25492187
2023-08-29,0.0530520007014274,0.0530520007014274,0.0530610010027885,0.0505799986422061,0.0528480000793933,14245310
2023-08-30,0.0520079992711544,0.0520079992711544,0.053056001663208,0.0519980005919933,0.053056001663208,6215772
2023-08-31,0.0504870004951953,0.0504870004951953,0.0523919984698295,0.0504689998924732,0.0520079992711544,8843054
2023-09-01,0.0500079989433288,0.0500079989433288,0.0506329983472824,0.0497259981930255,0.0505219995975494,7494303
2023-09-02,0.0504550002515316,0.0504550002515316,0.0506439991295337,0.0499770008027553,0.0500059984624385,5422010
2023-09-03,0.0508259981870651,0.0508259981870651,0.0508840009570121,0.0502960011363029,0.0504570007324218,5221106
2023-09-04,0.0505230017006397,0.0505230017006397,0.0524090006947517,0.0504099987447261,0.0508249998092651,10671600
2023-09-05,0.0503549985587596,0.0503549985587596,0.0508220009505748,0.0499089993536472,0.0505300015211105,6943189
2023-09-06,0.0503170005977153,0.0503170005977153,0.0504870004951953,0.0497820004820823,0.0503589995205402,8465072
2023-09-07,0.0515570007264614,0.0515570007264614,0.0519290007650852,0.0499880015850067,0.050330001860857,9535308
2023-09-08,0.0527460016310215,0.0527460016310215,0.0529050007462501,0.0512680001556873,0.0515649989247322,10666528
2023-09-09,0.0518909990787506,0.0518909990787506,0.0532170012593269,0.0518370009958744,0.052751000970602,7185115
2023-09-10,0.0521290004253387,0.0521290004253387,0.052811998873949,0.0517349988222122,0.0518909990787506,10339222
2023-09-11,0.0500300005078315,0.0500300005078315,0.0524750016629695,0.049720000475645,0.0521200001239776,9291086
2023-09-12,0.0502180010080337,0.0502180010080337,0.0511050000786781,0.0499729998409748,0.0500379987061023,5894255
2023-09-13,0.0505409985780715,0.0505409985780715,0.0506290011107921,0.050136998295784,0.0502239987254142,3657239
2023-09-14,0.0509169995784759,0.0509169995784759,0.0510499998927116,0.0504850000143051,0.0505409985780715,4873538
2023-09-15,0.0510989986360073,0.0510989986360073,0.0514400005340576,0.0504780001938343,0.0509129986166954,5188924
2023-09-16,0.0510569997131824,0.0510569997131824,0.0514790005981922,0.050926998257637,0.0510930009186267,3793152
2023-09-17,0.0512159988284111,0.0512159988284111,0.0522830002009868,0.0510049983859062,0.051061000674963,11669103
2023-09-18,0.0511449985206127,0.0511449985206127,0.0518880002200603,0.0509780012071132,0.0512249991297721,6615206
2023-09-19,0.051350001245737,0.051350001245737,0.0513690002262592,0.0509530007839202,0.0511440001428127,5211005
2023-09-20,0.0511859990656375,0.0511859990656375,0.0513680018484592,0.0508829988539218,0.0513489991426467,4936084
2023-09-21,0.0502949990332126,0.0502949990332126,0.0514810010790824,0.0500200018286705,0.0511859990656375,7831052
2023-09-22,0.0503950007259845,0.0503950007259845,0.0504040010273456,0.0500090010464191,0.0502940006554126,4467083
2023-09-23,0.050671998411417,0.050671998411417,0.050671998411417,0.0503210015594959,0.0503950007259845,4584715
2023-09-24,0.0505929999053478,0.0505929999053478,0.0514210015535354,0.0504620000720024,0.0506739988923072,13042640
2023-09-25,0.0504029989242553,0.0504029989242553,0.0506590008735656,0.0502049997448921,0.0506150014698505,5440539
2023-09-26,0.0501549988985061,0.0501549988985061,0.0504960007965564,0.0498449988663196,0.0503950007259845,3812564
2023-09-27,0.0499840006232261,0.0499840006232261,0.0509370006620883,0.0497930012643337,0.0501560010015964,7831632
2023-09-28,0.0507000014185905,0.0507000014185905,0.0507320016622543,0.0499339997768402,0.0499820001423358,6043652
2023-09-29,0.0507769994437694,0.0507769994437694,0.0508010014891624,0.0504119992256164,0.0506969988346099,4521959
2023-09-30,0.050815001130104,0.050815001130104,0.0509499981999397,0.0503459982573986,0.0507519990205764,4483032
2023-10-01,0.0518090017139911,0.0518090017139911,0.051936998963356,0.0507670007646083,0.0508229993283748,5125801
2023-10-02,0.050670001655817,0.050670001655817,0.0519200004637241,0.0505709983408451,0.0518109984695911,5225682
2023-10-03,0.050255998969078,0.050255998969078,0.0507990010082721,0.0501050017774105,0.0506529994308948,4301752
2023-10-04,0.050305001437664,0.050305001437664,0.0503449998795986,0.0496679991483688,0.0502680018544197,4776468
2023-10-05,0.0501060001552104,0.0501060001552104,0.0510549992322921,0.0499290004372596,0.0502920001745224,6585513
2023-10-06,0.0507370010018348,0.0507370010018348,0.0508630014955997,0.0500940009951591,0.0501089990139007,4018535
2023-10-07,0.0506250001490116,0.0506250001490116,0.0507720001041889,0.050390001386404,0.0507339984178543,2622035
2023-10-08,0.0503199994564056,0.0503199994564056,0.0506559982895851,0.0500830002129077,0.0506259985268116,3798688
2023-10-09,0.0497310012578964,0.0497310012578964,0.0503229983150959,0.0491969995200634,0.0503190010786056,5332472
2023-10-10,0.0493060015141963,0.0493060015141963,0.0498949997127056,0.0489289984107017,0.0497340001165866,8126325
2023-10-11,0.0490310005843639,0.0490310005843639,0.0498530007898807,0.0488509982824325,0.0493040010333061,5856544
2023-10-12,0.0507999993860721,0.0507999993860721,0.0516699999570846,0.0489679984748363,0.0490299984812736,18968868
2023-10-13,0.0522110015153884,0.0522110015153884,0.0523199997842311,0.0500390008091926,0.0507970005273819,7959005
2023-10-14,0.0519310012459754,0.0519310012459754,0.0522110015153884,0.0514219999313354,0.0522079989314079,3668914
2023-10-15,0.0522349998354911,0.0522349998354911,0.0524590015411376,0.0512680001556873,0.0519310012459754,5154914
2023-10-16,0.0525930002331733,0.0525930002331733,0.0533850006759166,0.0521610006690025,0.0522399991750717,7146670
2023-10-17,0.0523580014705657,0.0523580014705657,0.0529679991304874,0.05163199827075,0.052590999752283,5156184
2023-10-18,0.0513300001621246,0.0513300001621246,0.0534299984574317,0.0510689988732337,0.052361998707056,11307275
2023-10-19,0.0511929988861084,0.0511929988861084,0.0514039993286132,0.0507210008800029,0.0513290017843246,4402202
2023-10-20,0.0523639991879463,0.0523639991879463,0.0523759983479976,0.0510400012135505,0.051180001348257,4726023
2023-10-21,0.053396001458168,0.053396001458168,0.0538420006632804,0.0519720017910003,0.0523510016500949,4972177
2023-10-22,0.0538280010223388,0.0538280010223388,0.0538970008492469,0.0526870004832744,0.0533859990537166,4237778
2023-10-23,0.0568570010364055,0.0568570010364055,0.0569799989461898,0.0537759996950626,0.0538190007209777,10848740
2023-10-24,0.0574790015816688,0.0574790015816688,0.0586740002036094,0.0565010011196136,0.0568820014595985,11882635
2023-10-25,0.0578339993953704,0.0578339993953704,0.0583619996905326,0.0565950013697147,0.057498000562191,6690257
2023-10-26,0.0594349987804889,0.0594349987804889,0.0598549991846084,0.0577809996902942,0.0578400008380413,11694633
2023-10-27,0.0590609982609748,0.0590609982609748,0.0594570003449916,0.0582210011780262,0.0594500005245208,5961989
2023-10-28,0.0595179982483387,0.0595179982483387,0.0603390000760555,0.0586960017681121,0.0590629987418651,6527486
2023-10-29,0.0599809996783733,0.0599809996783733,0.0607119984924793,0.0588149987161159,0.0595179982483387,8144711
2023-10-30,0.0612040013074874,0.0612040013074874,0.061209000647068,0.0592500008642673,0.059978000819683,5963666
2023-10-31,0.0619059987366199,0.0619059987366199,0.061914999037981,0.0599999986588954,0.0612079985439777,7343292
2023-11-01,0.0623189993202686,0.0623189993202686,0.0624070018529892,0.0604920014739036,0.0619070008397102,7406824
2023-11-02,0.0668380036950111,0.0668380036950111,0.0668380036950111,0.0618270002305507,0.0623200014233589,14131377
2023-11-03,0.0663900002837181,0.0663900002837181,0.067900002002716,0.0648650005459785,0.0667579993605613,16803920
2023-11-04,0.0683069974184036,0.0683069974184036,0.0683069974184036,0.0660870000720024,0.0663909986615181,10449812
2023-11-05,0.0701560005545616,0.0701560005545616,0.0703589990735054,0.0677110031247139,0.0683069974184036,10316836
2023-11-06,0.0754560008645057,0.0754560008645057,0.0754560008645057,0.0693320035934448,0.0701619982719421,15392215
2023-11-07,0.0800269991159439,0.0800269991159439,0.0841799974441528,0.0735170021653175,0.0754679962992668,41986618
2023-11-08,0.0806249976158142,0.0806249976158142,0.0812280029058456,0.0789410024881362,0.0800150036811828,17755159
2023-11-09,0.0839660018682479,0.0839660018682479,0.0856020003557205,0.0801829993724823,0.0806260034441948,24326171
2023-11-10,0.0999350026249885,0.0999350026249885,0.1007770001888275,0.0835329964756965,0.0839829966425895,36254495
2023-11-11,0.1083590015769004,0.1083590015769004,0.1210760027170181,0.0992709994316101,0.099712997674942,132747744
2023-11-12,0.0990689992904663,0.0990689992904663,0.1118910014629364,0.0916989967226982,0.108373999595642,61795666
2023-11-13,0.0927010029554367,0.0927010029554367,0.1024769991636276,0.0926750004291534,0.0990620031952858,29212419
2023-11-14,0.0881799980998039,0.0881799980998039,0.0936649963259697,0.0860679969191551,0.0926439985632896,30763433
2023-11-15,0.1030479967594146,0.1030479967594146,0.1089290007948875,0.0872220024466514,0.0882930010557174,100040954
2023-11-16,0.0964680016040802,0.0964680016040802,0.1045570001006126,0.0953470021486282,0.1031289994716644,36054231
2023-11-17,0.0996249988675117,0.0996249988675117,0.0996410027146339,0.0939359962940216,0.096460998058319,20621612
2023-11-18,0.097861997783184,0.097861997783184,0.1006790027022361,0.0948159992694854,0.0996360033750534,18745642
2023-11-19,0.0980369970202446,0.0980369970202446,0.0999109968543052,0.0946760028600692,0.0979050025343895,16750397
2023-11-20,0.0956000015139579,0.0956000015139579,0.0985490009188652,0.0954720005393028,0.0980340018868446,14629881
2023-11-21,0.0846540033817291,0.0846540033817291,0.0959279984235763,0.0846540033817291,0.0955689996480941,23430781
2023-11-22,0.0945350006222724,0.0945350006222724,0.0961019992828369,0.0842930004000663,0.0846320018172264,31655859
2023-11-23,0.0923440009355545,0.0923440009355545,0.09808299690485,0.0915509983897209,0.0945300012826919,17663680
2023-11-24,0.0975430011749267,0.0975430011749267,0.1002560034394264,0.0921429991722107,0.0923359990119934,29354043
2023-11-25,0.0973849967122078,0.0973849967122078,0.0991199985146522,0.0958819985389709,0.0975370034575462,11674772
2023-11-26,0.095050998032093,0.095050998032093,0.0974960029125213,0.0937480032444,0.0973860025405883,10438914
2023-11-27,0.0915110036730766,0.0915110036730766,0.0950279980897903,0.0901940017938613,0.0950279980897903,13210840
2023-11-28,0.0926640033721923,0.0926640033721923,0.0948619991540908,0.0897959992289543,0.0915850028395652,12216329
2023-11-29,0.0911550000309944,0.0911550000309944,0.093029998242855,0.0910760015249252,0.0926650017499923,9241319
2023-11-30,0.0889059975743293,0.0889059975743293,0.0915659964084625,0.0884729996323585,0.0911550000309944,11128549
2023-12-01,0.0919210016727447,0.0919210016727447,0.093811996281147,0.0886550024151802,0.0888580009341239,12095241
2023-12-02,0.0932060033082962,0.0932060033082962,0.0932800024747848,0.0905769988894462,0.0919239968061447,10426998
2023-12-03,0.0923629999160766,0.0923629999160766,0.0933910012245178,0.0911350026726722,0.0932080000638961,10145864
2023-12-04,0.0947000011801719,0.0947000011801719,0.1003239974379539,0.0921820029616355,0.0923629999160766,37416624
2023-12-05,0.0966759994626045,0.0966759994626045,0.0991799980401992,0.0938199982047081,0.0946940034627914,23530332
2023-12-06,0.0939019992947578,0.0939019992947578,0.0989610031247139,0.0930410027503967,0.0966729968786239,23802755
2023-12-07,0.0945160016417503,0.0945160016417503,0.0950599983334541,0.0925109982490539,0.0939140021800994,12985765
2023-12-08,0.0987299978733062,0.0987299978733062,0.0989020019769668,0.0936949998140335,0.0945229977369308,15771303
2023-12-09,0.1087479963898658,0.1087479963898658,0.1135310009121894,0.0987360030412674,0.0987360030412674,62552286
2023-12-10,0.1059729978442192,0.1059729978442192,0.1116909980773925,0.1031809970736503,0.1087940037250518,35679814
2023-12-11,0.0987090021371841,0.0987090021371841,0.1086309999227523,0.0958940014243125,0.1059800013899803,34628871
2023-12-12,0.1010989993810653,0.1010989993810653,0.1021889969706535,0.09842199832201,0.098701000213623,20282778
2023-12-13,0.1027470007538795,0.1027470007538795,0.1028190031647682,0.0967329964041709,0.1011020019650459,19130803
2023-12-14,0.1022880002856254,0.1022880002856254,0.1039550006389617,0.1008559986948967,0.1027700006961822,17019587
2023-12-15,0.0978790000081062,0.0978790000081062,0.1022450029850006,0.097631998360157,0.1022450029850006,16926372
2023-12-16,0.1012369990348815,0.1012369990348815,0.1030680015683174,0.0977090001106262,0.0978780016303062,13550029
2023-12-17,0.0983150005340576,0.0983150005340576,0.101341001689434,0.0982310026884079,0.1012419983744621,9005100
2023-12-18,0.0983150005340576,0.0983150005340576,0.0987899973988533,0.0931750014424324,0.0983060002326965,16906264
2023-12-19,0.0964440032839775,0.0964440032839775,0.0994499996304512,0.0952489972114563,0.0983169972896575,10209132
2023-12-20,0.0971610024571418,0.0971610024571418,0.0992730036377906,0.0962539985775947,0.0964369997382164,12623039
2023-12-21,0.0989639982581138,0.0989639982581138,0.0992809981107711,0.0962390005588531,0.0971679985523223,12205101
2023-12-22,0.1026040017604827,0.1026040017604827,0.1029509976506233,0.0989449992775917,0.0989449992775917,16569125
2023-12-23,0.1012089997529983,0.1012089997529983,0.1027889996767044,0.1004069969058036,0.1026120036840438,10096006
2023-12-24,0.0979359969496727,0.0979359969496727,0.1012659966945648,0.0976760014891624,0.1012080013751983,14215085
2023-12-25,0.1002530008554458,0.1002530008554458,0.1006769984960556,0.0979190021753311,0.0979409962892532,10489958
2023-12-26,0.0971980020403862,0.0971980020403862,0.1006769984960556,0.0961679965257644,0.1002919971942901,16105324
2023-12-27,0.100501000881195,0.100501000881195,0.1010280027985572,0.0960860028862953,0.0971980020403862,14273756
2023-12-28,0.0998290032148361,0.0998290032148361,0.1023340001702308,0.0990450009703636,0.1004209965467453,15013618
2023-12-29,0.099149003624916,0.099149003624916,0.1015179976820945,0.0977210029959678,0.0998290032148361,12360691
2023-12-30,0.0988529995083808,0.0988529995083808,0.0999160036444664,0.098191998898983,0.0991540029644966,7569445
2023-12-31,0.0989409983158111,0.0989409983158111,0.1003490015864372,0.0984510034322738,0.0988200008869171,8393444
2024-01-01,0.1005349978804588,0.1005349978804588,0.1005600020289421,0.0979980006814003,0.0989269986748695,9075122
2024-01-02,0.1034300029277801,0.1034300029277801,0.1035950034856796,0.1005370020866394,0.1005470007658004,19426260
2024-01-03,0.095949999988079,0.095949999988079,0.1067740023136138,0.0904640033841133,0.1034559980034828,41257408
2024-01-04,0.0977749973535537,0.0977749973535537,0.0992299988865852,0.0941789969801902,0.095951996743679,18453135
2024-01-05,0.0924500003457069,0.0924500003457069,0.0978809967637062,0.091448999941349,0.0977739989757537,18124720
2024-01-06,0.0889379978179931,0.0889379978179931,0.092518001794815,0.0884250029921531,0.0924760028719902,14440189
2024-01-07,0.0868249982595443,0.0868249982595443,0.0911969989538192,0.0865309983491897,0.0889369994401931,12096664
2024-01-08,0.0918470025062561,0.0918470025062561,0.0926069989800453,0.0832739993929863,0.0868609994649887,24963337
2024-01-09,0.0886820033192634,0.0886820033192634,0.0919660031795501,0.0870459973812103,0.0918530002236366,14141765
2024-01-10,0.0925899967551231,0.0925899967551231,0.0940139964222908,0.0852980017662048,0.0886669978499412,15215901
2024-01-11,0.092858001589775,0.092858001589775,0.0965079963207244,0.0913240015506744,0.0925979986786842,16341459
2024-01-12,0.0886479988694191,0.0886479988694191,0.0937369987368583,0.0869769975543022,0.092848002910614,13243644
2024-01-13,0.0897839963436126,0.0897839963436126,0.0898939967155456,0.0874760001897811,0.0886439979076385,7685585
2024-01-14,0.0874259993433952,0.0874259993433952,0.0904420018196106,0.0874259993433952,0.0897760018706321,8281746
2024-01-15,0.0876199975609779,0.0876199975609779,0.0891219973564148,0.0864539965987205,0.0874100029468536,9292949
2024-01-16,0.0882510021328926,0.0882510021328926,0.0888200029730796,0.0869249999523162,0.087577998638153,7144230
2024-01-17,0.0857570022344589,0.0857570022344589,0.0884620025753974,0.0850550010800361,0.088247999548912,9629329
2024-01-18,0.0817919969558715,0.0817919969558715,0.0858199968934059,0.0809089988470077,0.0857599973678588,14839182
2024-01-19,0.0826020017266273,0.0826020017266273,0.0826020017266273,0.0793899968266487,0.0817880034446716,10827295
2024-01-20,0.0840580016374588,0.0840580016374588,0.084144003689289,0.0824159979820251,0.0826020017266273,5412013
2024-01-21,0.0827760025858879,0.0827760025858879,0.0842380002140998,0.0827760025858879,0.0840559974312782,6246388
2024-01-22,0.077844999730587,0.077844999730587,0.0828170031309127,0.0776790007948875,0.0827789977192878,9671252
2024-01-23,0.0769649967551231,0.0769649967551231,0.0792260020971298,0.0722569972276687,0.077844999730587,14385570
2024-01-24,0.0792139992117881,0.0792139992117881,0.079815000295639,0.0766770020127296,0.076955996453762,8184088
2024-01-25,0.0787720009684562,0.0787720009684562,0.0792480036616325,0.0771019980311393,0.0792139992117881,5666431
2024-01-26,0.0820999965071678,0.0820999965071678,0.083416000008583,0.07829599827528,0.0787710025906562,8418718
2024-01-27,0.0814889967441558,0.0814889967441558,0.0821909978985786,0.0806329995393753,0.0820840001106262,4946729
2024-01-28,0.080605000257492,0.080605000257492,0.0829169973731041,0.0800070017576217,0.0814900025725364,5882276
2024-01-29,0.0836559981107711,0.0836559981107711,0.0837510004639625,0.0804919973015785,0.0806329995393753,6799883
2024-01-30,0.083524003624916,0.083524003624916,0.0855220034718513,0.0826790034770965,0.0836390033364296,8684708
2024-01-31,0.0815209969878196,0.0815209969878196,0.0836919993162155,0.080154001712799,0.0835610032081604,7585515
2024-02-01,0.0812809988856315,0.0812809988856315,0.0815249979496002,0.0799769982695579,0.0815220028162002,5299963
2024-02-02,0.0817530006170272,0.0817530006170272,0.0834259986877441,0.0801239982247352,0.0812800005078315,6051156
2024-02-03,0.0812299996614456,0.0812299996614456,0.0828749984502792,0.0810310021042823,0.0818220004439354,4756176
2024-02-04,0.0804639980196952,0.0804639980196952,0.0814170017838478,0.080045998096466,0.0813110023736953,5051831
2024-02-05,0.0816890001296997,0.0816890001296997,0.0827599987387657,0.0794090032577514,0.0804580003023147,6739117
2024-02-06,0.0817359983921051,0.0817359983921051,0.0820880010724067,0.0807129964232444,0.0816909968852996,5097834
2024-02-07,0.0841680020093917,0.0841680020093917,0.0841799974441528,0.0809789970517158,0.0817290022969245,6006438
2024-02-08,0.0842999964952468,0.0842999964952468,0.0862110033631324,0.0837669968605041,0.0841739997267723,8595758
2024-02-09,0.088198997080326,0.088198997080326,0.0900159999728202,0.0841879993677139,0.0842979997396469,20244578
2024-02-10,0.087398000061512,0.087398000061512,0.0893710032105445,0.0869140028953552,0.0882150009274482,7529202
2024-02-11,0.0863690003752708,0.0863690003752708,0.0889810025691986,0.0861639976501464,0.0873920023441314,6404035
2024-02-12,0.0888400003314018,0.0888400003314018,0.0888999998569488,0.0852890014648437,0.0863759964704513,9080839
2024-02-13,0.0902030020952224,0.0902030020952224,0.0944619998335838,0.0881609991192817,0.0888329967856407,35413823
2024-02-14,0.0921010002493858,0.0921010002493858,0.0929789990186691,0.0887700021266937,0.0901940017938613,12729385
2024-02-15,0.0916109979152679,0.0916109979152679,0.0929820016026496,0.0901900008320808,0.0920990034937858,13410511
2024-02-16,0.0907009989023208,0.0907009989023208,0.0921370014548301,0.0893630012869834,0.0916149988770484,8973754
2024-02-17,0.0892309993505477,0.0892309993505477,0.0907069966197013,0.0878539979457855,0.0907049998641014,7469712
2024-02-18,0.0905819982290268,0.0905819982290268,0.0908550024032592,0.0887840017676353,0.0892290025949478,7541002
2024-02-19,0.0918869972229003,0.0918869972229003,0.0925130024552345,0.0903460010886192,0.0905959978699684,13239173
2024-02-20,0.091228000819683,0.091228000819683,0.0922759994864463,0.0883539989590644,0.0918919965624809,12581525
2024-02-21,0.0903860032558441,0.0903860032558441,0.0918179973959922,0.0881950035691261,0.091228000819683,10974626
2024-02-22,0.0928419977426529,0.0928419977426529,0.09408900141716,0.0887209996581077,0.0904079973697662,13821848
2024-02-23,0.0918119996786117,0.0918119996786117,0.0930669978260994,0.0905530005693435,0.092848002910614,10113063
2024-02-24,0.0943379998207092,0.0943379998207092,0.0947000011801719,0.0906630009412765,0.0917999967932701,9936423
2024-02-25,0.0944209992885589,0.0944209992885589,0.0951670035719871,0.0928350016474723,0.0943379998207092,9772826
2024-02-26,0.0981020033359527,0.0981020033359527,0.0985490009188652,0.0923999994993209,0.0944349989295005,14792044
2024-02-27,0.1035389974713325,0.1035389974713325,0.1045949980616569,0.0972139984369278,0.0980869978666305,37179332
2024-02-28,0.1042409986257553,0.1042409986257553,0.1064400002360344,0.0999459996819496,0.1035270020365715,37106416
2024-02-29,0.1091689988970756,0.1091689988970756,0.1108599975705146,0.1035699993371963,0.1042329967021942,37656502
2024-03-01,0.1262979954481125,0.1262979954481125,0.1266070008277893,0.1091120019555091,0.1091609969735145,51599309
2024-03-02,0.1460539996623993,0.1460539996623993,0.1527419984340667,0.1198059991002082,0.126241996884346,101972767
2024-03-03,0.1419419944286346,0.1419419944286346,0.1497740000486374,0.1370780020952224,0.1459800004959106,66551415
2024-03-04,0.1420570015907287,0.1420570015907287,0.1481949985027313,0.1367879956960678,0.1419440060853958,48085841
2024-03-05,0.1526859998703003,0.1526859998703003,0.182001993060112,0.1382579952478408,0.142085000872612,339251394
2024-03-06,0.1582860052585601,0.1582860052585601,0.1582860052585601,0.1398289948701858,0.1527049988508224,56833927
2024-03-07,0.157941997051239,0.157941997051239,0.1590919941663742,0.1502339988946914,0.1582860052585601,38754269
2024-03-08,0.1628050059080124,0.1628050059080124,0.1654019951820373,0.1544959992170334,0.157938003540039,51475308
2024-03-09,0.1585399955511093,0.1585399955511093,0.1634140014648437,0.1583500057458877,0.1628050059080124,26263233
2024-03-10,0.1655250042676925,0.1655250042676925,0.1730950027704239,0.1585370004177093,0.1585370004177093,93219576
2024-03-11,0.1694069951772689,0.1694069951772689,0.1698399931192398,0.1581639945507049,0.1655270010232925,46863889
2024-03-12,0.1618549972772598,0.1618549972772598,0.1696140021085739,0.1536380052566528,0.1694069951772689,49783287
2024-03-13,0.1613010019063949,0.1613010019063949,0.1643870025873184,0.1568299978971481,0.1618549972772598,31082603
2024-03-14,0.1527960002422332,0.1527960002422332,0.1638679951429367,0.1449790000915527,0.1613440066576004,60595330
2024-03-15,0.1432240009307861,0.1432240009307861,0.1529639959335327,0.1310189962387085,0.1527960002422332,58348699
2024-03-16,0.1328539997339248,0.1328539997339248,0.1508689969778061,0.1308030039072036,0.1432240009307861,41782655
2024-03-17,0.1441940069198608,0.1441940069198608,0.1453610062599182,0.1288360059261322,0.1328539997339248,33324410
2024-03-18,0.1353960037231445,0.1353960037231445,0.1442009955644607,0.1323889940977096,0.1441940069198608,23300873
2024-03-19,0.121798999607563,0.121798999607563,0.1365450024604797,0.1191760003566742,0.1353960037231445,40187127
2024-03-20,0.1401109993457794,0.1401109993457794,0.140854001045227,0.1189500018954277,0.1217849999666214,37915290
2024-03-21,0.1377619951963424,0.1377619951963424,0.1420550048351287,0.1343619972467422,0.1401059925556183,24722521
2024-03-22,0.1331329941749572,0.1331329941749572,0.1405330002307891,0.1304659992456436,0.1377619951963424,18537781
2024-03-23,0.1367579996585846,0.1367579996585846,0.1396349966526031,0.1319189965724945,0.1331329941749572,17782396
2024-03-24,0.1444980055093765,0.1444980055093765,0.1445149928331375,0.1367579996585846,0.1367579996585846,34846068
2024-03-25,0.1480329930782318,0.1480329930782318,0.1497540026903152,0.1418959945440292,0.1444949954748153,22321009
2024-03-26,0.1490930020809173,0.1490930020809173,0.154445007443428,0.1450529992580413,0.1480379998683929,34639237
2024-03-27,0.1488189995288849,0.1488189995288849,0.1504369974136352,0.1442960053682327,0.1490930020809173,27303257
2024-03-28,0.1587830036878585,0.1587830036878585,0.1590909957885742,0.1451659947633743,0.1488189995288849,32119375
2024-03-29,0.1552930027246475,0.1552930027246475,0.1593270003795623,0.1502140015363693,0.1587830036878585,27137430
2024-03-30,0.1519230008125305,0.1519230008125305,0.1555040031671524,0.1505440026521682,0.1552930027246475,14786739
2024-03-31,0.1529130041599273,0.1529130041599273,0.1538150012493133,0.1509460061788559,0.1519230008125305,14667761
2024-04-01,0.1531970053911209,0.1531970053911209,0.1604200005531311,0.1478880047798156,0.1529130041599273,42421429
2024-04-02,0.1411740034818649,0.1411740034818649,0.1533599942922592,0.1369590014219284,0.1531970053911209,28522787
2024-04-03,0.1430699974298477,0.1430699974298477,0.1596380025148391,0.1376760005950927,0.1411740034818649,71336393
2024-04-04,0.1446039974689483,0.1446039974689483,0.1483419984579086,0.1389610022306442,0.1430699974298477,21589342
2024-04-05,0.1413930058479309,0.1413930058479309,0.1458169966936111,0.1398600041866302,0.1446039974689483,16643801
2024-04-06,0.1460520029067993,0.1460520029067993,0.1465439945459365,0.140636995434761,0.1413930058479309,9774121
2024-04-07,0.1462879925966262,0.1462879925966262,0.1477960050106048,0.1449050009250641,0.1460520029067993,10508862
2024-04-08,0.1509130001068115,0.1509130001068115,0.1520330011844635,0.1439689993858337,0.1462879925966262,16295789
2024-04-09,0.1464139968156814,0.1464139968156814,0.1557739973068237,0.146356999874115,0.1509239971637725,45873202
2024-04-10,0.1457509994506836,0.1457509994506836,0.1471000015735626,0.1410080045461654,0.1464139968156814,23365991
2024-04-11,0.1491519957780838,0.1491519957780838,0.1498250067234039,0.1436460018157959,0.1457509994506836,21032279
2024-04-12,0.1377090066671371,0.1377090066671371,0.1574600040912628,0.1310230046510696,0.1491519957780838,55589944
2024-04-13,0.1263090074062347,0.1263090074062347,0.1413709968328476,0.114887997508049,0.1377090066671371,46881090
2024-04-14,0.1330669969320297,0.1330669969320297,0.1337680071592331,0.1204600036144256,0.1263090074062347,27722631
2024-04-15,0.1271450072526931,0.1271450072526931,0.1387660056352615,0.1229920014739036,0.1330669969320297,26863655
2024-04-16,0.1269689947366714,0.1269689947366714,0.1292999982833862,0.1213070005178451,0.1271450072526931,19116712
2024-04-17,0.1211149990558624,0.1211149990558624,0.1286579966545105,0.1190010011196136,0.1269689947366714,15906043
2024-04-18,0.1235440000891685,0.1235440000891685,0.1257960051298141,0.1187380030751228,0.1211149990558624,16765851
2024-04-19,0.1232030019164085,0.1232030019164085,0.1264880001544952,0.1147670000791549,0.1235440000891685,23196778
2024-04-20,0.1307550072669983,0.1307550072669983,0.1313389986753463,0.1220479980111122,0.1232030019164085,16065242
2024-04-21,0.1290609985589981,0.1290609985589981,0.1331209987401962,0.1277060061693191,0.1307550072669983,11515416
2024-04-22,0.1327420026063919,0.1327420026063919,0.1338240057229995,0.1285820007324218,0.1290600001811981,13776311
2024-04-23,0.1312350034713745,0.1312350034713745,0.1343259960412979,0.1298480033874511,0.1327420026063919,12523312
2024-04-24,0.1247979998588562,0.1247979998588562,0.1335500031709671,0.1238019987940788,0.1312350034713745,15431347
2024-04-25,0.1278280019760131,0.1278280019760131,0.1290239989757537,0.1235670000314712,0.1247999966144561,20780659
2024-04-26,0.1243330016732215,0.1243330016732215,0.1315100044012069,0.1232900023460388,0.1278280019760131,21414838
2024-04-27,0.1269180029630661,0.1269180029630661,0.129378005862236,0.1192329972982406,0.1243330016732215,17207056
2024-04-28,0.1315100044012069,0.1315100044012069,0.1323210000991821,0.1269180029630661,0.1269180029630661,14198768
2024-04-29,0.131861001253128,0.131861001253128,0.1321399956941604,0.1259369999170303,0.1315100044012069,20455968
2024-04-30,0.1343500018119812,0.1343500018119812,0.1381970047950744,0.1261599957942962,0.131861001253128,60196289
2024-05-01,0.1278849989175796,0.1278849989175796,0.1345400065183639,0.1199930012226104,0.1343500018119812,33189787
2024-05-02,0.1281909942626953,0.1281909942626953,0.1299809962511062,0.1217620000243187,0.1278849989175796,17569259
2024-05-03,0.133429005742073,0.133429005742073,0.1346430033445358,0.127138003706932,0.1281909942626953,17516606
2024-05-04,0.132761999964714,0.132761999964714,0.1349940001964569,0.1323969960212707,0.133429005742073,11399141
2024-05-05,0.1324689984321594,0.1324689984321594,0.1345980018377304,0.1304890066385269,0.132774993777275,9758988
2024-05-06,0.1294199973344802,0.1294199973344802,0.1357010006904602,0.1293600052595138,0.1324689984321594,17119604
2024-05-07,0.125802993774414,0.125802993774414,0.1314170062541961,0.1255410015583038,0.1294199973344802,11375326
2024-05-08,0.1249129995703697,0.1249129995703697,0.1286330074071884,0.1242370009422302,0.125802993774414,14188891
2024-05-09,0.1273200064897537,0.1273200064897537,0.1278489977121353,0.122478999197483,0.1249129995703697,9613016
2024-05-10,0.1229970008134841,0.1229970008134841,0.1278640031814575,0.1218869984149932,0.1273230016231537,10062982
2024-05-11,0.1240670010447502,0.1240670010447502,0.1264320015907287,0.1227030009031295,0.1229970008134841,8085520
2024-05-12,0.1247380003333091,0.1247380003333091,0.1256850063800811,0.122870996594429,0.1240670010447502,7696430
2024-05-13,0.1235829964280128,0.1235829964280128,0.1267500072717666,0.1210630014538765,0.1247380003333091,11355714
2024-05-14,0.1197120025753974,0.1197120025753974,0.1249030008912086,0.1195769980549812,0.1235829964280128,9494597
2024-05-15,0.1256649941205978,0.1256649941205978,0.1258420050144195,0.1197109967470169,0.1197120025753974,11464942
2024-05-16,0.1235689967870712,0.1235689967870712,0.1261730045080185,0.1225349977612495,0.125668004155159,9592491
2024-05-17,0.1262470036745071,0.1262470036745071,0.1267050057649612,0.122748002409935,0.1235689967870712,10738240
2024-05-18,0.1249779984354972,0.1249779984354972,0.1264010071754455,0.1241310015320777,0.1262470036745071,6482080
2024-05-19,0.1218769997358322,0.1218769997358322,0.1255549937486648,0.120909996330738,0.1249789968132972,7810235
2024-05-20,0.1283469945192337,0.1283469945192337,0.1284230053424835,0.1211619973182678,0.1218769997358322,14430138
2024-05-21,0.1250900030136108,0.1250900030136108,0.1288560032844543,0.1241760030388832,0.1283559948205948,14424815
2024-05-22,0.125909999012947,0.125909999012947,0.128930002450943,0.1248259991407394,0.1250900030136108,22391415
2024-05-23,0.122250996530056,0.122250996530056,0.1265559941530227,0.118658997118473,0.125909999012947,19392996
2024-05-24,0.1207510009407997,0.1207510009407997,0.1231070011854171,0.1188639998435974,0.122250996530056,11091783
2024-05-25,0.1210900023579597,0.1210900023579597,0.1225730031728744,0.1203619986772537,0.1207510009407997,7548317
2024-05-26,0.1191330030560493,0.1191330030560493,0.1211839988827705,0.1180739998817443,0.1210900023579597,9013033
2024-05-27,0.1216500028967857,0.1216500028967857,0.1219059973955154,0.1188020035624504,0.1191330030560493,11856567
2024-05-28,0.1178459972143173,0.1178459972143173,0.1225360035896301,0.1166609972715377,0.1216500028967857,11382548
2024-05-29,0.1164840012788772,0.1164840012788772,0.1196480020880699,0.1163420006632804,0.1178459972143173,10595508
2024-05-30,0.1163240000605583,0.1163240000605583,0.118428997695446,0.1148129999637603,0.1164840012788772,11463433
2024-05-31,0.113315999507904,0.113315999507904,0.1167699992656707,0.1113390028476715,0.1163240000605583,10268192
2024-06-01,0.1117840036749839,0.1117840036749839,0.1136059984564781,0.1114939972758293,0.113315999507904,5744874
2024-06-02,0.1098650023341178,0.1098650023341178,0.11370699852705,0.1091820001602172,0.1117840036749839,9254741
2024-06-03,0.109325997531414,0.109325997531414,0.1127270013093948,0.109104998409748,0.1098650023341178,11426013
2024-06-04,0.1113779991865158,0.1113779991865158,0.1113800033926963,0.1050869971513748,0.109325997531414,13083303
2024-06-05,0.1188500002026557,0.1188500002026557,0.1198529973626136,0.1113779991865158,0.1113779991865158,19352519
2024-06-06,0.1135170012712478,0.1135170012712478,0.1193210035562515,0.1116689965128898,0.1188500002026557,13328732
2024-06-07,0.1131919994950294,0.1131919994950294,0.1195039972662925,0.1098050028085708,0.1135160028934478,20330233
2024-06-08,0.110846996307373,0.110846996307373,0.1154339984059333,0.1102790012955665,0.11319500207901,9445869
2024-06-09,0.1100910007953643,0.1100910007953643,0.1126279979944229,0.1099049970507621,0.1108570024371147,7670956
2024-06-10,0.1071730032563209,0.1071730032563209,0.1100429967045784,0.1065979972481727,0.1100429967045784,9012901
2024-06-11,0.100830003619194,0.100830003619194,0.1073959991335868,0.0977120026946067,0.1071769967675209,18445999
2024-06-12,0.1041299998760223,0.1041299998760223,0.107524998486042,0.0989969968795776,0.101002998650074,14097582
2024-06-13,0.100331999361515,0.100331999361515,0.1045359969139099,0.099322997033596,0.1041299998760223,9246505
2024-06-14,0.1004780009388923,0.1004780009388923,0.1026899963617324,0.0973450019955635,0.100331000983715,11245585
2024-06-15,0.0999839976429939,0.0999839976429939,0.1027079969644546,0.0999630019068718,0.1004849970340728,7106182
2024-06-16,0.0988830029964447,0.0988830029964447,0.1000789999961853,0.0980390012264251,0.0999860018491745,6842579
2024-06-17,0.0944259986281395,0.0944259986281395,0.0992640033364296,0.0934069976210594,0.0988769978284835,15745137
2024-06-18,0.0929379984736442,0.0929379984736442,0.0948980003595352,0.0904470011591911,0.0944219976663589,25575962
2024-06-19,0.0937130004167556,0.0937130004167556,0.0945279970765113,0.0921930000185966,0.0929379984736442,7866333
2024-06-20,0.0938339978456497,0.0938339978456497,0.0958380028605461,0.0931330025196075,0.0937130004167556,10517769
2024-06-21,0.0929659977555275,0.0929659977555275,0.0948410034179687,0.0924659967422485,0.0938410013914108,8791774
2024-06-22,0.0933469980955123,0.0933469980955123,0.0935159996151924,0.0921429991722107,0.0929490029811859,4368000
2024-06-23,0.0913340002298355,0.0913340002298355,0.0943830013275146,0.0913119986653328,0.0933289974927902,4892997
2024-06-24,0.0885580033063888,0.0885580033063888,0.0918129980564117,0.0861919969320297,0.0913520008325576,15001657
2024-06-25,0.0905219987034797,0.0905219987034797,0.0951490029692649,0.0883309990167617,0.0885619968175888,9978003
2024-06-26,0.0891259983181953,0.0891259983181953,0.0923789963126182,0.0881929993629455,0.0905190035700798,9405228
2024-06-27,0.091558001935482,0.091558001935482,0.0927160009741783,0.0887620002031326,0.0891050025820732,9375569
2024-06-28,0.0900589972734451,0.0900589972734451,0.0928549990057945,0.0895249992609024,0.0915509983897209,7784063
2024-06-29,0.0900110006332397,0.0900110006332397,0.0915220007300376,0.0899669975042343,0.0900690034031868,3937899
2024-06-30,0.091678999364376,0.091678999364376,0.0917219966650009,0.0892260000109672,0.0900110006332397,6034959
2024-07-01,0.0918050035834312,0.0918050035834312,0.0931989997625351,0.091337002813816,0.091679997742176,6807180
2024-07-02,0.0903450027108192,0.0903450027108192,0.0918790027499198,0.0898659974336624,0.0918060019612312,7414283
2024-07-03,0.088809996843338,0.088809996843338,0.090938001871109,0.0875980034470558,0.0903460010886192,10985746
2024-07-04,0.0846140012145042,0.0846140012145042,0.0891880020499229,0.0845739990472793,0.0888039991259574,14686825
2024-07-05,0.0841049998998642,0.0841049998998642,0.0848700031638145,0.077285997569561,0.0846000015735626,25140718
2024-07-06,0.0875860005617141,0.0875860005617141,0.0878000035881996,0.0840049982070922,0.0840910002589225,7324381
2024-07-07,0.0819989964365959,0.0819989964365959,0.0876379981637001,0.0819649994373321,0.0876379981637001,6081396
2024-07-08,0.0838290005922317,0.0838290005922317,0.0862379968166351,0.0801429972052574,0.0819939970970153,9194381
2024-07-09,0.085778996348381,0.085778996348381,0.0867689996957779,0.0834470018744468,0.0838159993290901,5478606
2024-07-10,0.0846600010991096,0.0846600010991096,0.087017998099327,0.0836760029196739,0.0857739970088005,7705411
2024-07-11,0.0863450020551681,0.0863450020551681,0.0869479998946189,0.0842539966106414,0.0846590027213096,6603073
2024-07-12,0.0880270004272461,0.0880270004272461,0.0887250006198883,0.0856349989771843,0.0863469988107681,7320734
2024-07-13,0.0913819968700409,0.0913819968700409,0.0915779992938041,0.0880339965224266,0.0880649983882904,6486492
2024-07-14,0.0922050029039383,0.0922050029039383,0.0938360020518302,0.0910990014672279,0.091388002038002,6261933
2024-07-15,0.0955170020461082,0.0955170020461082,0.0955799967050552,0.0921090021729469,0.0922060012817382,9506467
2024-07-16,0.0950039997696876,0.0950039997696876,0.095489002764225,0.092068001627922,0.095489002764225,8704736
2024-07-17,0.0928969979286193,0.0928969979286193,0.0955300033092498,0.0926999971270561,0.0950110033154487,8248096
2024-07-18,0.0933339968323707,0.0933339968323707,0.0938189998269081,0.0911530032753944,0.0928990021347999,7710449
2024-07-19,0.0945940017700195,0.0945940017700195,0.0949670001864433,0.0922299996018409,0.0933339968323707,8586253
2024-07-20,0.0940980017185211,0.0940980017185211,0.0954909995198249,0.093479000031948,0.0945940017700195,6302888
2024-07-21,0.095160998404026,0.095160998404026,0.0955469980835914,0.0929649993777275,0.0940980017185211,6500656
2024-07-22,0.0927859991788864,0.0927859991788864,0.0956989973783493,0.0925289988517761,0.095160998404026,9238776
2024-07-23,0.0919810011982917,0.0919810011982917,0.0936620011925697,0.0914250016212463,0.0927859991788864,7835111
2024-07-24,0.0918219983577728,0.0918219983577728,0.0932900011539459,0.0915480032563209,0.0919789969921112,7141044
2024-07-25,0.0892489999532699,0.0892489999532699,0.0920889973640441,0.0879160016775131,0.0918219983577728,10695065
2024-07-26,0.0915250033140182,0.0915250033140182,0.0917679965496063,0.0892489999532699,0.0892489999532699,6113731
2024-07-27,0.0907339975237846,0.0907339975237846,0.0922959968447685,0.090109996497631,0.0915250033140182,6240962
2024-07-28,0.0902869999408721,0.0902869999408721,0.0910620018839836,0.0896809995174408,0.0907339975237846,3514406
2024-07-29,0.0897390022873878,0.0897390022873878,0.0915760025382042,0.0896070003509521,0.0902869999408721,7081293
2024-07-30,0.0890979990363121,0.0890979990363121,0.0903059989213943,0.0884469971060752,0.0897390022873878,5760712
2024-07-31,0.0862440019845962,0.0862440019845962,0.0897039994597435,0.0862099975347518,0.0890979990363121,8517239
2024-08-01,0.0873529985547065,0.0873529985547065,0.0874719992280006,0.0837899968028068,0.0862530022859573,10933888
2024-08-02,0.0830880030989646,0.0830880030989646,0.0877000018954277,0.0829709991812706,0.0873529985547065,9362261
2024-08-03,0.0821399986743927,0.0821399986743927,0.0848229974508285,0.0815249979496002,0.0830880030989646,7489080
2024-08-04,0.0778039991855621,0.0778039991855621,0.082514002919197,0.0777169987559318,0.0821399986743927,10036601
2024-08-05,0.0752519965171814,0.0752519965171814,0.0779829993844032,0.067622996866703,0.0778039991855621,32752298
2024-08-06,0.0795790031552314,0.0795790031552314,0.0807090029120445,0.0752509981393814,0.0752509981393814,9893776
2024-08-07,0.0776159986853599,0.0776159986853599,0.0818110033869743,0.077053003013134,0.0795790031552314,7065791
2024-08-08,0.0841569975018501,0.0841569975018501,0.0870210006833076,0.0773710012435913,0.0776159986853599,11886403
2024-08-09,0.092970997095108,0.092970997095108,0.1057939976453781,0.0825309976935386,0.0841569975018501,81973030
2024-08-10,0.0945589989423751,0.0945589989423751,0.0972220003604888,0.0917960032820701,0.092970997095108,38091425
2024-08-11,0.0879049971699714,0.0879049971699714,0.0961280018091201,0.0879049971699714,0.0945589989423751,19747166
2024-08-12,0.0888549983501434,0.0888549983501434,0.089318998157978,0.0858180001378059,0.0879049971699714,10078383
2024-08-13,0.0887119993567466,0.0887119993567466,0.0891610011458396,0.0868230015039444,0.0888549983501434,6301087
2024-08-14,0.0905769988894462,0.0905769988894462,0.0931549966335296,0.0871250033378601,0.0887119993567466,15958870
2024-08-15,0.0880950018763542,0.0880950018763542,0.0910639986395835,0.0865869969129562,0.0905769988894462,10073084
2024-08-16,0.0880710035562515,0.0880710035562515,0.0886339992284774,0.0860359966754913,0.0880950018763542,7300879
2024-08-17,0.0882890000939369,0.0882890000939369,0.0885609984397888,0.0872329995036125,0.0880710035562515,3496850
2024-08-18,0.086216002702713,0.086216002702713,0.0889990031719207,0.0861930027604103,0.0882890000939369,4565054
2024-08-19,0.0862979963421821,0.0862979963421821,0.0868149995803833,0.0840149968862533,0.086216002702713,6939192
2024-08-20,0.0869959965348243,0.0869959965348243,0.0880220010876655,0.0853210017085075,0.0862979963421821,5890874
2024-08-21,0.0868590027093887,0.0868590027093887,0.0879240036010742,0.0854189991950988,0.0869959965348243,6571545
2024-08-22,0.0868270024657249,0.0868270024657249,0.0882520005106926,0.086496002972126,0.0868590027093887,4768871
2024-08-23,0.0909319967031478,0.0909319967031478,0.0919890031218528,0.0868259966373443,0.0868270024657249,7841110
2024-08-24,0.0907960012555122,0.0907960012555122,0.0921690016984939,0.0898049995303154,0.0909319967031478,6139890
2024-08-25,0.0886569991707801,0.0886569991707801,0.0910509973764419,0.0883819982409477,0.0907960012555122,5028947
2024-08-26,0.0852480009198188,0.0852480009198188,0.0889670029282569,0.0848430022597312,0.0886569991707801,6695557
2024-08-27,0.0818049982190132,0.0818049982190132,0.0863690003752708,0.0803719982504844,0.0852480009198188,8550877
2024-08-28,0.0814099982380867,0.0814099982380867,0.0823210030794143,0.0797279998660087,0.0818049982190132,7681125
2024-08-29,0.0804440006613731,0.0804440006613731,0.0840739980340004,0.0803420022130012,0.0814099982380867,7774824
2024-08-30,0.0812790021300315,0.0812790021300315,0.0817420035600662,0.0791409984230995,0.0804440006613731,5558939
2024-08-31,0.0814170017838478,0.0814170017838478,0.0816489979624748,0.0800580009818077,0.0812790021300315,3222822
2024-09-01,0.0786489993333816,0.0786489993333816,0.0816589966416359,0.0782520025968551,0.0813879966735839,5249232
2024-09-02,0.0808669999241828,0.0808669999241828,0.0809689983725547,0.0786089971661567,0.0786489993333816,5202109
2024-09-03,0.0786980018019676,0.0786980018019676,0.0816000029444694,0.0784709975123405,0.0808669999241828,4782708
2024-09-04,0.0784780010581016,0.0784780010581016,0.07931499928236,0.0768619999289512,0.0786970034241676,6895357
2024-09-05,0.0776619985699653,0.0776619985699653,0.0790100023150444,0.0770670026540756,0.0784780010581016,5118793
2024-09-06,0.0748109966516494,0.0748109966516494,0.0782260000705719,0.0730210021138191,0.0776619985699653,7168244
2024-09-07,0.0760330036282539,0.0760330036282539,0.0772529989480972,0.0748049989342689,0.0748109966516494,3953339
2024-09-08,0.0782179981470108,0.0782179981470108,0.0787680000066757,0.0759050026535987,0.0760330036282539,4377982
2024-09-09,0.0796549990773201,0.0796549990773201,0.0800200030207634,0.0779889971017837,0.0782179981470108,5227708
2024-09-10,0.0795710012316703,0.0795710012316703,0.0802849978208541,0.0786219984292984,0.0796549990773201,4593683
2024-09-11,0.0782719999551773,0.0782719999551773,0.0796639993786811,0.0768809989094734,0.0795710012316703,5156455
2024-09-12,0.0795079991221427,0.0795079991221427,0.0800030007958412,0.0782219991087913,0.0782719999551773,5436628
2024-09-13,0.0837099999189376,0.0837099999189376,0.0839259997010231,0.0795079991221427,0.0795079991221427,8569889
2024-09-14,0.0824360027909278,0.0824360027909278,0.0839129984378814,0.0814239978790283,0.0837019979953765,4179484
2024-09-15,0.0804660022258758,0.0804660022258758,0.0829960033297538,0.0801130011677742,0.0824360027909278,3807373
2024-09-16,0.0791509971022605,0.0791509971022605,0.0806080028414726,0.0790470018982887,0.0804660022258758,4716213
2024-09-17,0.0798510015010833,0.0798510015010833,0.0816330015659332,0.0786819979548454,0.0791509971022605,4935689
2024-09-18,0.0805839970707893,0.0805839970707893,0.0805850028991699,0.0783030018210411,0.0798510015010833,4689098
2024-09-19,0.0827630013227462,0.0827630013227462,0.0834480002522468,0.0805839970707893,0.0805839970707893,6813574
2024-09-20,0.0844200029969215,0.0844200029969215,0.0849210023880004,0.0821800008416175,0.0827630013227462,7114293
2024-09-21,0.0881619974970817,0.0881619974970817,0.0882190018892288,0.0840110033750534,0.0844200029969215,7213262
2024-09-22,0.0858009979128837,0.0858009979128837,0.089308001101017,0.0833420008420944,0.0881619974970817,21241497
2024-09-23,0.0858160033822059,0.0858160033822059,0.0871350020170211,0.0841260030865669,0.0858009979128837,10743744
2024-09-24,0.0866390019655227,0.0866390019655227,0.086677998304367,0.0839710012078285,0.0858160033822059,6709395
2024-09-25,0.0846389979124069,0.0846389979124069,0.0871509984135627,0.0846100002527237,0.0866390019655227,7232011
2024-09-26,0.0872040018439292,0.0872040018439292,0.0874179974198341,0.0842010006308555,0.0846389979124069,6949515
2024-09-27,0.0878920033574104,0.0878920033574104,0.088308997452259,0.0866290032863617,0.0872040018439292,7650420
2024-09-28,0.0863310024142265,0.0863310024142265,0.0884080007672309,0.0858080014586448,0.0878920033574104,6003656
2024-09-29,0.0861949995160102,0.0861949995160102,0.0870169997215271,0.0852949991822242,0.0863310024142265,4477082
2024-09-30,0.0834470018744468,0.0834470018744468,0.0863609984517097,0.0833949968218803,0.0861949995160102,6554094
2024-10-01,0.0797950029373169,0.0797950029373169,0.0855199992656707,0.0789230018854141,0.0834470018744468,9393223
2024-10-02,0.0793000012636184,0.0793000012636184,0.0816499963402748,0.0779770016670227,0.0797950029373169,6431498
2024-10-03,0.0790319964289665,0.0790319964289665,0.0798339992761612,0.0768380016088485,0.0793000012636184,6609415
2024-10-04,0.0810299962759018,0.0810299962759018,0.0810360014438629,0.078745998442173,0.0790319964289665,4823069
2024-10-05,0.0800879970192909,0.0800879970192909,0.0813079997897148,0.0797279998660087,0.0810299962759018,3274047
2024-10-06,0.0805609971284866,0.0805609971284866,0.0807000026106834,0.0794700011610984,0.0800879970192909,3777491
2024-10-07,0.0783940032124519,0.0783940032124519,0.081446997821331,0.0783919990062713,0.0805609971284866,6212237
2024-10-08,0.076162002980709,0.076162002980709,0.0791189968585968,0.0743469968438148,0.0783940032124519,11860435
2024-10-09,0.0751089975237846,0.0751089975237846,0.0770390033721923,0.0743160024285316,0.076162002980709,7496978
2024-10-10,0.0758860036730766,0.0758860036730766,0.0759790018200874,0.0742100030183792,0.0751089975237846,6229664
2024-10-11,0.0773990005254745,0.0773990005254745,0.0781320035457611,0.0753799974918365,0.0758860036730766,6276709
2024-10-12,0.0771899968385696,0.0771899968385696,0.0778980031609535,0.0768669992685318,0.0773990005254745,4045009
2024-10-13,0.0758579969406127,0.0758579969406127,0.077512003481388,0.0752519965171814,0.0771899968385696,4516128
2024-10-14,0.0785280019044876,0.0785280019044876,0.078855000436306,0.0754140019416809,0.0758579969406127,7271802
2024-10-15,0.0779210031032562,0.0779210031032562,0.0786750018596649,0.0762680023908615,0.0785280019044876,8189517
2024-10-16,0.0786970034241676,0.0786970034241676,0.0792210027575492,0.0775720030069351,0.0779210031032562,6694623
2024-10-17,0.0774609968066215,0.0774609968066215,0.079193003475666,0.0772960036993026,0.0786970034241676,6934308
2024-10-18,0.0781299993395805,0.0781299993395805,0.0784349963068962,0.0772899985313415,0.0774609968066215,4914717
2024-10-19,0.077903002500534,0.077903002500534,0.0792109966278076,0.0778649970889091,0.0781299993395805,5280535
2024-10-20,0.0792979970574379,0.0792979970574379,0.0793870016932487,0.0771709978580474,0.077903002500534,5549619
2024-10-21,0.0775049999356269,0.0775049999356269,0.0796070024371147,0.0772579982876777,0.0792979970574379,6300071
2024-10-22,0.0771109983325004,0.0771109983325004,0.0781800001859664,0.0766379982233047,0.0775049999356269,4306397
2024-10-23,0.075603000819683,0.075603000819683,0.0771559998393058,0.0740730017423629,0.0771109983325004,5382477
2024-10-24,0.0757850036025047,0.0757850036025047,0.076442003250122,0.0754140019416809,0.0757049992680549,4973918
2024-10-25,0.0718119964003562,0.0718119964003562,0.0759740024805069,0.070771999657154,0.0757850036025047,7432897
2024-10-26,0.0727970004081726,0.0727970004081726,0.0737150013446807,0.0712540000677108,0.0718119964003562,4911917
2024-10-27,0.0741730034351348,0.0741730034351348,0.0747490003705024,0.0726620033383369,0.0727970004081726,4282590
2024-10-28,0.0744979977607727,0.0744979977607727,0.0745529979467392,0.0730020031332969,0.0741730034351348,5687203
2024-10-29,0.0767100006341934,0.0767100006341934,0.0769670009613037,0.0743940025568008,0.0745169967412948,7566595
2024-10-30,0.0755489990115165,0.0755489990115165,0.0770019963383674,0.0750499963760376,0.0767100006341934,6311919
2024-10-31,0.0730039998888969,0.0730039998888969,0.0757019966840744,0.0728100016713142,0.0755489990115165,5958736
2024-11-01,0.0733160004019737,0.0733160004019737,0.0744199976325035,0.0722279995679855,0.0730039998888969,5891714
2024-11-02,0.072282999753952,0.072282999753952,0.0737909972667694,0.0720280036330223,0.0733160004019737,3593602
2024-11-03,0.0718149989843368,0.0718149989843368,0.0724110007286071,0.0704730004072189,0.072282999753952,5698398
2024-11-04,0.0704879984259605,0.0704879984259605,0.0723059996962547,0.0699660032987594,0.0718149989843368,5387485
2024-11-05,0.0722410008311271,0.0722410008311271,0.0728520005941391,0.0704870000481605,0.0704879984259605,5435640
2024-11-06,0.0857340022921562,0.0857340022921562,0.0952140018343925,0.0722270011901855,0.0722410008311271,96566596
2024-11-07,0.0922159999608993,0.0922159999608993,0.094028003513813,0.0849390029907226,0.0857340022921562,35718154
2024-11-08,0.108423002064228,0.108423002064228,0.1142740026116371,0.0899140015244484,0.0922159999608993,188850868
2024-11-09,0.1037089973688125,0.1037089973688125,0.108873002231121,0.1013839989900589,0.108423002064228,39138497
2024-11-10,0.124220997095108,0.124220997095108,0.1364820003509521,0.1019890010356903,0.1037089973688125,241165527
2024-11-11,0.2054190039634704,0.2054190039634704,0.2347750067710876,0.121189996600151,0.1242090016603469,931568951
2024-11-12,0.1759169995784759,0.1759169995784759,0.2238530069589615,0.1600400060415268,0.2054190039634704,748282216
2024-11-13,0.1723980009555816,0.1723980009555816,0.1955240070819854,0.1559980064630508,0.1759169995784759,270536748
2024-11-14,0.1488270014524459,0.1488270014524459,0.173113003373146,0.1473450064659118,0.1723980009555816,95721461
2024-11-15,0.1673640012741089,0.1673640012741089,0.1788610070943832,0.1433800011873245,0.1488270014524459,208839884
2024-11-16,0.1645669937133789,0.1645669937133789,0.1749610006809234,0.1591150015592575,0.1668770015239715,80840505
2024-11-17,0.1597820073366165,0.1597820073366165,0.1650730073451995,0.1534599959850311,0.164559006690979,44439607
2024-11-18,0.1714150011539459,0.1714150011539459,0.1891590058803558,0.1597619950771331,0.1597940027713775,182951812
2024-11-19,0.1713580042123794,0.1713580042123794,0.171777993440628,0.165009006857872,0.1714150011539459,40651566
2024-11-20,0.1778880059719085,0.1778880059719085,0.1914640069007873,0.1713580042123794,0.1713580042123794,190785519
2024-11-21,0.1868789941072464,0.1868789941072464,0.1890950053930282,0.170877993106842,0.1778880059719085,84994438
2024-11-22,0.1923010051250457,0.1923010051250457,0.2054039984941482,0.1836279928684234,0.1869439929723739,167416536
2024-11-23,0.2048230022192001,0.2048230022192001,0.2068800032138824,0.1866019964218139,0.1923010051250457,144079479
2024-11-24,0.1917870044708252,0.1917870044708252,0.207068994641304,0.1796900033950805,0.2048230022192001,102486415
2024-11-25,0.1776359975337982,0.1776359975337982,0.1933369934558868,0.1756310015916824,0.1917929947376251,64256747
2024-11-26,0.173335999250412,0.173335999250412,0.1803130060434341,0.1644749939441681,0.1776479929685592,55234733
2024-11-27,0.1806969940662384,0.1806969940662384,0.184906005859375,0.1698269993066787,0.173335999250412,50638924
2024-11-28,0.1784140020608902,0.1784140020608902,0.1807139962911605,0.1746360063552856,0.1807129979133606,38261355
2024-11-29,0.189421996474266,0.189421996474266,0.1913720071315765,0.1765149980783462,0.1784150004386901,67860291
2024-11-30,0.187060996890068,0.187060996890068,0.1895110011100769,0.1834259927272796,0.189421996474266,45945212
2024-12-01,0.1916690021753311,0.1916690021753311,0.1945659965276718,0.1812130063772201,0.187059998512268,74151247
2024-12-02,0.1848720014095306,0.1848720014095306,0.1916770040988922,0.1762969940900802,0.1916690021753311,89789587
2024-12-03,0.2031230032444,0.2031230032444,0.2067209929227829,0.1847379952669143,0.1848720014095306,284804015
2024-12-04,0.2148550003767013,0.2148550003767013,0.2295690029859542,0.1971150040626526,0.2031230032444,233830861
2024-12-05,0.2043869942426681,0.2043869942426681,0.2174199968576431,0.2010399997234344,0.2148550003767013,115195915
2024-12-06,0.2067909985780716,0.2067909985780716,0.2076659947633743,0.1961770057678222,0.2042649984359741,72294008
2024-12-07,0.2031199932098388,0.2031199932098388,0.2068299949169159,0.1998009979724884,0.2067909985780716,53209000
2024-12-08,0.200652003288269,0.200652003288269,0.2040839940309524,0.1967439949512481,0.2036560028791427,43134600
2024-12-09,0.1741030067205429,0.1741030067205429,0.200654000043869,0.1575810015201568,0.200652003288269,93755972
2024-12-10,0.1746000051498413,0.1746000051498413,0.175463005900383,0.1544259935617447,0.1741030067205429,95091275
2024-12-11,0.1849550008773803,0.1849550008773803,0.1852760016918182,0.1658630073070526,0.1746319979429245,57697021
2024-12-12,0.1834930032491684,0.1834930032491684,0.1992589980363845,0.1817079931497573,0.1849550008773803,109156057
2024-12-13,0.1856420040130615,0.1856420040130615,0.1941889971494674,0.1805360019207,0.1834930032491684,73826191
2024-12-14,0.1759999990463256,0.1759999990463256,0.1873530000448227,0.1734469980001449,0.1856420040130615,41325800
2024-12-15,0.1802950054407119,0.1802950054407119,0.1821960061788559,0.1734970062971115,0.1759999990463256,33847633
2024-12-16,0.177616998553276,0.177616998553276,0.1819050014019012,0.1709569990634918,0.1802899986505508,46966201
2024-12-17,0.196285992860794,0.196285992860794,0.2044139951467514,0.1742810010910034,0.177616998553276,287339107
2024-12-18,0.172993004322052,0.172993004322052,0.1971379965543747,0.1724960058927536,0.1962819993495941,97531677
2024-12-19,0.1640190035104751,0.1640190035104751,0.1850430071353912,0.1602600067853927,0.172993004322052,96387228
2024-12-20,0.1640779972076416,0.1640779972076416,0.1681839972734451,0.1411889940500259,0.163999006152153,82976167
2024-12-21,0.1572909951210022,0.1572909951210022,0.1709139943122863,0.1556079983711242,0.1640779972076416,48332565
2024-12-22,0.1538130044937133,0.1538130044937133,0.1607400029897689,0.1515119969844818,0.1572909951210022,32846974
2024-12-23,0.1623270064592361,0.1623270064592361,0.1633870005607605,0.1505070030689239,0.1538130044937133,39921197
2024-12-24,0.1638250052928924,0.1638250052928924,0.1676380038261413,0.1574160009622573,0.1623270064592361,41144553
2024-12-25,0.1580210030078888,0.1580210030078888,0.1638479977846145,0.1560530066490173,0.1638299971818924,33822542
2024-12-26,0.1509930044412613,0.1509930044412613,0.158948004245758,0.1481440067291259,0.1580300033092498,30575402
2024-12-27,0.1482820063829422,0.1482820063829422,0.1548469960689544,0.1480859965085983,0.1506569981575012,29420948
2024-12-28,0.1501950025558471,0.1501950025558471,0.1504220068454742,0.145346999168396,0.1482820063829422,26950451
2024-12-29,0.1446180045604705,0.1446180045604705,0.1502439975738525,0.1422490030527115,0.1501950025558471,23023069
2024-12-30,0.1414069980382919,0.1414069980382919,0.1606599986553192,0.1386979967355728,0.1446180045604705,75180516
2024-12-31,0.1409589946269989,0.1409589946269989,0.1463519930839538,0.1383620053529739,0.1414069980382919,31545128
2025-01-01,0.1503240019083023,0.1503240019083023,0.1512259989976883,0.1395280063152313,0.1409589946269989,33371185
2025-01-02,0.1504449993371963,0.1504449993371963,0.1544920057058334,0.1496739983558654,0.1503240019083023,34683545
2025-01-03,0.1596570014953613,0.1596570014953613,0.1611649990081787,0.1496739983558654,0.1504420042037964,46956850
2025-01-04,0.1616870015859604,0.1616870015859604,0.1654189974069595,0.1582050025463104,0.159633994102478,41207517
2025-01-05,0.159073993563652,0.159073993563652,0.1628430038690567,0.1582030057907104,0.1617030054330825,28301817
2025-01-06,0.16143099963665,0.16143099963665,0.1653839945793151,0.1565639972686767,0.159073993563652,37565892
2025-01-07,0.1494829952716827,0.1494829952716827,0.1644179970026016,0.1474560052156448,0.1618349999189376,43586351
2025-01-08,0.1454100012779235,0.1454100012779235,0.1499090045690536,0.1395689994096756,0.1494829952716827,36842140
2025-01-09,0.1385570019483566,0.1385570019483566,0.1466789990663528,0.1354900002479553,0.1454100012779235,35744776
2025-01-10,0.1437249928712844,0.1437249928712844,0.1443209946155548,0.1370860040187835,0.1385560035705566,30726358
2025-01-11,0.1416410058736801,0.1416410058736801,0.1437530070543289,0.1398389935493469,0.1437249928712844,22959865
2025-01-12,0.1376830041408538,0.1376830041408538,0.1419100016355514,0.1361999958753585,0.141631007194519,19744661
2025-01-13,0.1347279995679855,0.1347279995679855,0.1398829966783523,0.1256390064954757,0.1376830041408538,36731012
2025-01-14,0.1368999928236007,0.1368999928236007,0.1404590010643005,0.1339859962463379,0.1347279995679855,32809977
2025-01-15,0.1448870003223419,0.1448870003223419,0.144895002245903,0.1335030049085617,0.1368999928236007,38071609
2025-01-16,0.143778994679451,0.143778994679451,0.1465760022401809,0.1383659988641739,0.1448879987001419,36499243
2025-01-17,0.1467700004577636,0.1467700004577636,0.1493230015039444,0.1435150057077407,0.14376300573349,57695049
2025-01-18,0.1346369981765747,0.1346369981765747,0.1480830013751983,0.1294800043106079,0.1467700004577636,58565543
2025-01-19,0.1310620009899139,0.1310620009899139,0.1479890048503875,0.121638998389244,0.1346459984779358,106578778
2025-01-20,0.132078006863594,0.132078006863594,0.1378889977931976,0.1260139942169189,0.1310559958219528,70501772
2025-01-21,0.1391550004482269,0.1391550004482269,0.1436409950256347,0.1288540065288543,0.132078006863594,44637183
2025-01-22,0.1401980072259903,0.1401980072259903,0.1489049941301345,0.138725996017456,0.1391550004482269,58731164
2025-01-23,0.1398289948701858,0.1398289948701858,0.1448339968919754,0.131860002875328,0.1401959955692291,42047710
2025-01-24,0.1383180022239685,0.1383180022239685,0.1452099978923797,0.1359779983758926,0.1398340016603469,27814887
2025-01-25,0.1383810043334961,0.1383810043334961,0.1397770047187805,0.1366849988698959,0.1383180022239685,17366245
2025-01-26,0.1344069987535476,0.1344069987535476,0.1410160064697265,0.1344020068645477,0.1383810043334961,18909214
2025-01-27,0.1324969977140426,0.1324969977140426,0.1350429952144622,0.1232730001211166,0.1344069987535476,39888452
2025-01-28,0.1277080029249191,0.1277080029249191,0.1334639936685562,0.1256120055913925,0.1324969977140426,24892987
2025-01-29,0.1287969946861267,0.1287969946861267,0.1313299983739853,0.1264020055532455,0.1277080029249191,24065288
2025-01-30,0.1310800015926361,0.1310800015926361,0.1329050064086914,0.1282690018415451,0.1288020014762878,18707015
2025-01-31,0.1297519952058792,0.1297519952058792,0.1337060034275055,0.128601998090744,0.131082996726036,20269486
2025-02-01,0.1240189969539642,0.1240189969539642,0.1312610059976577,0.1224289983510971,0.1297499984502792,17364913
2025-02-02,0.1082390025258064,0.1082390025258064,0.1254169940948486,0.1042769998311996,0.1240129992365837,51642219
2025-02-03,0.1136640012264251,0.1136640012264251,0.1153189986944198,0.084657996892929,0.1082390025258064,99647550
2025-02-04,0.1067619994282722,0.1067619994282722,0.1146309971809387,0.1030139997601509,0.1136690005660057,42056520
2025-02-05,0.1017789989709854,0.1017789989709854,0.107412002980709,0.1013609990477562,0.1067619994282722,22849603
2025-02-06,0.0958390012383461,0.0958390012383461,0.1033530011773109,0.0947970002889633,0.1017789989709854,21723682
2025-02-07,0.0944420024752616,0.0944420024752616,0.1013280004262924,0.0920569971203804,0.0958390012383461,23618904
2025-02-08,0.0943439975380897,0.0943439975380897,0.0950839966535568,0.0909179970622062,0.0944420024752616,16506408
2025-02-09,0.0934650003910064,0.0934650003910064,0.0973910018801689,0.0897750034928321,0.0943489968776702,21384070
2025-02-10,0.0942820012569427,0.0942820012569427,0.0948029980063438,0.0903220027685165,0.0934650003910064,15851003
2025-02-11,0.0923930034041404,0.0923930034041404,0.098751001060009,0.0917069986462593,0.0942820012569427,19817465
2025-02-12,0.0951569974422454,0.0951569974422454,0.0955419987440109,0.0895759984850883,0.0923930034041404,35279383
2025-02-13,0.0909740030765533,0.0909740030765533,0.0954520031809806,0.0901179984211921,0.0951569974422454,18135450
2025-02-14,0.091229997575283,0.091229997575283,0.0932139977812767,0.0904600024223327,0.0909740030765533,21120659
2025-02-15,0.0886539965867996,0.0886539965867996,0.0916879996657371,0.088016003370285,0.091229997575283,17354412
2025-02-16,0.0876429975032806,0.0876429975032806,0.0890140011906623,0.0873090028762817,0.0886539965867996,13082297
2025-02-17,0.087847001850605,0.087847001850605,0.0908309966325759,0.0858229994773864,0.0876369997859001,18971815
2025-02-18,0.0848459973931312,0.0848459973931312,0.0891349986195564,0.0825200006365776,0.087847001850605,20104610
2025-02-19,0.0843349993228912,0.0843349993228912,0.0857099965214729,0.0831220000982284,0.0848459973931312,14171860
2025-02-20,0.0860709995031356,0.0860709995031356,0.0869259983301162,0.0841989964246749,0.0843349993228912,14956780
2025-02-21,0.0833429992198944,0.0833429992198944,0.088307000696659,0.0823530033230781,0.0860709995031356,20523178
2025-02-22,0.0855870023369789,0.0855870023369789,0.0859860032796859,0.082845002412796,0.0833429992198944,15980119
2025-02-23,0.0851010009646415,0.0851010009646415,0.086506001651287,0.0840419977903366,0.0855870023369789,15394996
2025-02-24,0.0774400010704994,0.0774400010704994,0.092517003417015,0.0773959979414939,0.0851010009646415,60755348
2025-02-25,0.0764589980244636,0.0764589980244636,0.0797780007123947,0.0720359981060028,0.0774400010704994,38469418
2025-02-26,0.073352999985218,0.073352999985218,0.0769580006599426,0.0717850029468536,0.0764589980244636,27610829
2025-02-27,0.0741849988698959,0.0741849988698959,0.0760470032691955,0.0726960003376007,0.0733589977025985,21818353
2025-02-28,0.0736500024795532,0.0736500024795532,0.0741870030760765,0.0682670027017593,0.0741849988698959,36813112
2025-03-01,0.0737169981002807,0.0737169981002807,0.0746949985623359,0.0715970024466514,0.0736500024795532,22702530
2025-03-02,0.0823620036244392,0.0823620036244392,0.0833000019192695,0.0726170018315315,0.0737169981002807,45934466
2025-03-03,0.076783001422882,0.076783001422882,0.100780002772808,0.0755280032753944,0.0823620036244392,199468674
2025-03-04,0.0738719999790191,0.0738719999790191,0.0768050029873848,0.0685919970273971,0.076783001422882,49419134
2025-03-05,0.0801220014691352,0.0801220014691352,0.0805519968271255,0.0718979984521865,0.0738719999790191,58553828
2025-03-06,0.0888409987092018,0.0888409987092018,0.0973550006747245,0.0790719985961914,0.0801220014691352,203592686
2025-03-07,0.0827929973602294,0.0827929973602294,0.0921579971909523,0.082235999405384,0.0888409987092018,102496496
2025-03-08,0.0849720016121864,0.0849720016121864,0.0869140028953552,0.0809639990329742,0.0827929973602294,42273177
2025-03-09,0.0804530009627342,0.0804530009627342,0.0925839990377426,0.0799439996480941,0.0849720016121864,81462134
2025-03-10,0.0761469975113868,0.0761469975113868,0.0846590027213096,0.0761469975113868,0.0804530009627342,65962000
2025-03-11,0.0800860002636909,0.0800860002636909,0.0831120014190673,0.0730509981513023,0.076165996491909,59388534
2025-03-12,0.0842600017786026,0.0842600017786026,0.0843819975852966,0.077733002603054,0.0800909996032714,35156315
2025-03-13,0.0811410024762153,0.0811410024762153,0.0847200006246566,0.0791049972176551,0.0842600017786026,32753013
2025-03-14,0.0825119987130165,0.0825119987130165,0.084146000444889,0.0806950032711029,0.0811410024762153,35042452
2025-03-15,0.084086000919342,0.084086000919342,0.0853679999709129,0.0824590027332305,0.0825119987130165,32724750
2025-03-16,0.0829330012202262,0.0829330012202262,0.0840950012207031,0.0787959992885589,0.084085002541542,48344149
2025-03-17,0.0851650014519691,0.0851650014519691,0.089599996805191,0.0827770009636879,0.0829320028424263,66017607
2025-03-18,0.078693002462387,0.078693002462387,0.0852990001440048,0.0772589966654777,0.0851650014519691,33363439
2025-03-19,0.0807999968528747,0.0807999968528747,0.0810990035533905,0.0771640017628669,0.078693002462387,34446271
2025-03-20,0.0798309966921806,0.0798309966921806,0.0836319997906684,0.078233003616333,0.0807999968528747,38296306
2025-03-21,0.07829499989748,0.07829499989748,0.0799290016293525,0.0771009996533393,0.0798309966921806,23161478
2025-03-22,0.0802770033478736,0.0802770033478736,0.0823969990015029,0.0775799974799156,0.07829499989748,19597085
2025-03-23,0.0806820020079612,0.0806820020079612,0.081274002790451,0.0793830007314682,0.0802770033478736,19144177
2025-03-24,0.094039000570774,0.094039000570774,0.0997589975595474,0.0806820020079612,0.0806820020079612,100873046
2025-03-25,0.1047889962792396,0.1047889962792396,0.1147219985723495,0.0914459973573684,0.094039000570774,342174184
2025-03-26,0.1002760007977485,0.1002760007977485,0.1130290031433105,0.0978690013289451,0.1047889962792396,154201974
2025-03-27,0.1058240011334419,0.1058240011334419,0.1071930006146431,0.0972979962825775,0.1002760007977485,69533560
2025-03-28,0.1049129962921142,0.1049129962921142,0.1139390021562576,0.1020170003175735,0.1058359965682029,131423734
2025-03-29,0.1008860021829605,0.1008860021829605,0.1049129962921142,0.0985279977321624,0.1049129962921142,38806034
2025-03-30,0.1018050014972686,0.1018050014972686,0.1089069992303848,0.1008389964699745,0.1008860021829605,76517246
2025-03-31,0.099040001630783,0.099040001630783,0.1018880009651184,0.0977350026369094,0.1018050014972686,36629048
2025-04-01,0.1042660027742385,0.1042660027742385,0.1061509996652603,0.0976440012454986,0.099040001630783,43156240
2025-04-02,0.0964070037007331,0.0964070037007331,0.1087779998779296,0.0940480008721351,0.1042660027742385,89936706
2025-04-03,0.096291996538639,0.096291996538639,0.1006449982523918,0.0922629982233047,0.0964120030403137,47332162
2025-04-04,0.0940599963068962,0.0940599963068962,0.0986469984054565,0.0928839966654777,0.096291996538639,38152628
2025-04-05,0.0914039984345436,0.0914039984345436,0.0949949994683265,0.0905259996652603,0.0940599963068962,22250846
2025-04-06,0.0814910009503364,0.0814910009503364,0.0918430015444755,0.0797609984874725,0.0914039984345436,37900425
2025-04-07,0.0858419984579086,0.0858419984579086,0.0871540009975433,0.0739329978823661,0.0814910009503364,56859207
2025-04-08,0.0803219974040985,0.0803219974040985,0.0870210006833076,0.0798090025782585,0.0858019962906837,34512714
2025-04-09,0.0877349972724914,0.0877349972724914,0.0890830010175705,0.0773990005254745,0.0803219974040985,39850770
2025-04-10,0.0845469981431961,0.0845469981431961,0.0882159993052482,0.0841540023684501,0.0877349972724914,30442286
2025-04-11,0.0875580012798309,0.0875580012798309,0.0882989987730979,0.0844599977135658,0.0845469981431961,26956146
2025-04-12,0.0898919999599456,0.0898919999599456,0.0909439995884895,0.0865150019526481,0.0875580012798309,26099290
2025-04-13,0.0851439982652664,0.0851439982652664,0.0909880027174949,0.0843949988484382,0.0898919999599456,24345670
2025-04-14,0.0850770026445388,0.0850770026445388,0.0879800021648407,0.0846690014004707,0.0851449966430664,19168922
2025-04-15,0.0824169963598251,0.0824169963598251,0.0859559997916221,0.0822430029511451,0.0850770026445388,19669151
2025-04-16,0.0819019973278045,0.0819019973278045,0.0832659974694252,0.0809279978275299,0.0824169963598251,22388133
2025-04-17,0.0834449976682663,0.0834449976682663,0.0850040018558502,0.081895999610424,0.0819019973278045,20480476
2025-04-18,0.0836910009384155,0.0836910009384155,0.0842960029840469,0.0828910022974014,0.0834449976682663,14463654
2025-04-19,0.0837720036506652,0.0837720036506652,0.0849400013685226,0.0832289978861808,0.0836910009384155,13528854
2025-04-20,0.0824370011687278,0.0824370011687278,0.0839840024709701,0.0820249989628791,0.0837709978222847,16194575
2025-04-21,0.0824640020728111,0.0824640020728111,0.0843420028686523,0.0813610032200813,0.0824370011687278,21663822
2025-04-22,0.0918160006403923,0.0918160006403923,0.0928959995508194,0.081555999815464,0.0824630036950111,72742207
2025-04-23,0.0899590030312538,0.0899590030312538,0.0937699973583221,0.0885569974780082,0.0918160006403923,40022777
2025-04-24,0.0912310034036636,0.0912310034036636,0.0924459993839263,0.0884530022740364,0.0899590030312538,29645637
2025-04-25,0.0913619995117187,0.0913619995117187,0.0929529964923858,0.0900920033454895,0.0912310034036636,26104942
2025-04-26,0.0920400023460388,0.0920400023460388,0.0929979979991912,0.0906829982995987,0.0913640037178993,22227091
2025-04-27,0.0905179977416992,0.0905179977416992,0.0933559983968734,0.0901399999856948,0.0920400023460388,24086882
2025-04-28,0.0905390009284019,0.0905390009284019,0.0928070023655891,0.0890809968113899,0.0905179977416992,22171762
2025-04-29,0.0896779969334602,0.0896779969334602,0.0925630033016204,0.0892300009727478,0.0905390009284019,24454375
2025-04-30,0.0882309973239898,0.0882309973239898,0.090498000383377,0.0851510018110275,0.0896779969334602,23574895
2025-05-01,0.0902829989790916,0.0902829989790916,0.0912239998579025,0.0882299989461898,0.0882330015301704,26753541
2025-05-02,0.0918510034680366,0.0918510034680366,0.0921579971909523,0.089647002518177,0.0902839973568916,25854884
2025-05-03,0.0897779986262321,0.0897779986262321,0.0922110006213188,0.0888200029730796,0.0918510034680366,20896895
2025-05-04,0.0882320031523704,0.0882320031523704,0.0903249979019165,0.0877930000424385,0.0897779986262321,17702163
2025-05-05,0.088357001543045,0.088357001543045,0.0888800024986267,0.0868880003690719,0.0882320031523704,20152394
2025-05-06,0.0905160009860992,0.0905160009860992,0.0905200019478797,0.0855920016765594,0.088357001543045,22466648
2025-05-07,0.09145999699831,0.09145999699831,0.0929630026221275,0.0902530029416084,0.0905100032687187,27251611
2025-05-08,0.0983079969882965,0.0983079969882965,0.0989399999380111,0.0914570018649101,0.09145999699831,41739722
2025-05-09,0.1013600006699562,0.1013600006699562,0.1029009968042373,0.0972379967570304,0.0983079969882965,39283969
2025-05-10,0.1048460006713867,0.1048460006713867,0.1048640012741088,0.0988389998674392,0.1013600006699562,41111165
2025-05-11,0.0984119996428489,0.0984119996428489,0.1052040010690689,0.0973109975457191,0.1048469990491867,31319420
2025-05-12,0.1014209985733032,0.1014209985733032,0.103142999112606,0.0973170027136802,0.0984020009636879,45458151
2025-05-13,0.1034120023250579,0.1034120023250579,0.1039370000362396,0.0954969972372055,0.1014209985733032,46749073
2025-05-14,0.1016609966754913,0.1016609966754913,0.1035019978880882,0.100662000477314,0.1034120023250579,32274015
2025-05-15,0.1008599996566772,0.1008599996566772,0.1031949967145919,0.0974460020661354,0.1016609966754913,41101078
2025-05-16,0.0996680036187172,0.0996680036187172,0.1021400019526481,0.0995550006628036,0.1008609980344772,22931603
2025-05-17,0.0975600033998489,0.0975600033998489,0.1003400012850761,0.0965379998087883,0.0996680036187172,21845538
2025-05-18,0.0997980013489723,0.0997980013489723,0.1007860004901886,0.0963480025529861,0.0975600033998489,25782286
2025-05-19,0.0961029976606369,0.0961029976606369,0.0999279990792274,0.0930010005831718,0.0997980013489723,27307536
2025-05-20,0.0968300029635429,0.0968300029635429,0.0975309982895851,0.0947400033473968,0.0961029976606369,20316899
2025-05-21,0.0977549999952316,0.0977549999952316,0.0988029986619949,0.0953610017895698,0.0968300029635429,26405083
2025-05-22,0.1003210023045539,0.1003210023045539,0.1012519970536232,0.0977270007133483,0.0977549999952316,26213892
2025-05-23,0.0947339981794357,0.0947339981794357,0.1018429994583129,0.0946699976921081,0.1003199964761734,32640991
2025-05-24,0.095780000090599,0.095780000090599,0.0972260013222694,0.0945750027894973,0.0947339981794357,17591688
2025-05-25,0.0963950008153915,0.0963950008153915,0.0964070037007331,0.0936969965696334,0.095780000090599,20040444
2025-05-26,0.0969519987702369,0.0969519987702369,0.0974899977445602,0.0961560010910034,0.0963950008153915,20852129
2025-05-27,0.0981670022010803,0.0981670022010803,0.1012879982590675,0.0955239981412887,0.0969519987702369,34690830
2025-05-28,0.0976679995656013,0.0976679995656013,0.0983470007777214,0.0960429981350898,0.0981670022010803,19859032
2025-05-29,0.0944489985704422,0.0944489985704422,0.098811000585556,0.0941929966211319,0.0976679995656013,24282075
2025-05-30,0.0996799990534782,0.0996799990534782,0.1036230027675628,0.0910509973764419,0.0944489985704422,76729776
2025-05-31,0.1054809987545013,0.1054809987545013,0.1086829975247383,0.0988240018486976,0.0996799990534782,89961144
2025-06-01,0.1058359965682029,0.1058359965682029,0.1081530004739761,0.101960003376007,0.105492003262043,42539211
2025-06-02,0.1034810021519661,0.1034810021519661,0.1061180010437965,0.1015399992465972,0.1058349981904029,26127531
2025-06-03,0.1023709997534751,0.1023709997534751,0.1045980006456375,0.1023259982466697,0.1034810021519661,24342116
2025-06-04,0.1001589968800544,0.1001589968800544,0.1034450009465217,0.1000730022788047,0.1023709997534751,23163707
2025-06-05,0.0982690006494522,0.0982690006494522,0.1025680005550384,0.0956579968333244,0.1001589968800544,28281454
2025-06-06,0.0966639965772628,0.0966639965772628,0.1000579968094825,0.0964829996228218,0.0982690006494522,18623963
2025-06-07,0.0969479978084564,0.0969479978084564,0.0979420021176338,0.0962420031428337,0.0966639965772628,18210327
2025-06-08,0.0979600027203559,0.0979600027203559,0.0981739982962608,0.0967200025916099,0.0969479978084564,16229137
2025-06-09,0.1012689992785453,0.1012689992785453,0.1013130024075508,0.0979079976677894,0.0979600027203559,18767216
2025-06-10,0.1018910035490989,0.1018910035490989,0.1019299998879432,0.0996719971299171,0.1012689992785453,19706575
2025-06-11,0.0989089980721473,0.0989089980721473,0.1019200012087822,0.0979370027780532,0.1018910035490989,22346115
2025-06-12,0.096729002892971,0.096729002892971,0.0991720035672187,0.0955360010266304,0.0989089980721473,21387549
2025-06-13,0.0920130014419555,0.0920130014419555,0.096730999648571,0.0882939994335174,0.096729002892971,30658202
2025-06-14,0.0910539999604225,0.0910539999604225,0.0920339971780777,0.0897810012102127,0.0920130014419555,14534011
2025-06-15,0.0908949971199035,0.0908949971199035,0.0914679989218711,0.0896449983119964,0.0910539999604225,14963338
2025-06-16,0.0905120000243187,0.0905120000243187,0.0932310000061988,0.090488001704216,0.0908949971199035,18197996
2025-06-17,0.0881209969520568,0.0881209969520568,0.0914790034294128,0.0873240008950233,0.0905070006847381,20734905
2025-06-18,0.0912119969725608,0.0912119969725608,0.0932940021157264,0.0854799970984458,0.0881209969520568,28644895
2025-06-19,0.0909529998898506,0.0909529998898506,0.0918769985437393,0.0901150032877922,0.0912119969725608,16981387
2025-06-20,0.0880530029535293,0.0880530029535293,0.091338001191616,0.0875099971890449,0.0909529998898506,20772469
2025-06-21,0.0844660028815269,0.0844660028815269,0.0887610018253326,0.0834430009126663,0.0880530029535293,17646289
2025-06-22,0.0798830017447471,0.0798830017447471,0.0850490033626556,0.0775590017437934,0.0844660028815269,26985214
2025-06-23,0.0849789977073669,0.0849789977073669,0.084988996386528,0.078915998339653,0.0798830017447471,20981854
2025-06-24,0.0842610001564025,0.0842610001564025,0.0868790000677108,0.0838410034775734,0.0849789977073669,18668397
2025-06-25,0.0822779983282089,0.0822779983282089,0.0845260024070739,0.0815320014953613,0.0842610001564025,18204555
2025-06-26,0.0805360004305839,0.0805360004305839,0.0833190008997917,0.0801950022578239,0.0822779983282089,9002955
2025-06-27,0.0809829980134964,0.0809829980134964,0.0815400034189224,0.0799150019884109,0.0805360004305839,10136440
2025-06-28,0.0811360031366348,0.0811360031366348,0.0812669992446899,0.0803920030593872,0.0809829980134964,7135061
2025-06-29,0.0818490013480186,0.0818490013480186,0.082395002245903,0.0804539993405342,0.0811360031366348,9461601
2025-06-30,0.0818070024251937,0.0818070024251937,0.0822530016303062,0.0800139978528022,0.0818490013480186,12774825
2025-07-01,0.0799079984426498,0.0799079984426498,0.0819230005145073,0.0794079974293708,0.0818070024251937,10160789
2025-07-02,0.0825750008225441,0.0825750008225441,0.0831469967961311,0.0794439986348152,0.0799079984426498,12324787
2025-07-03,0.0831329971551895,0.0831329971551895,0.0838159993290901,0.0820349976420402,0.0825750008225441,14527169
2025-07-04,0.0811270028352737,0.0811270028352737,0.0833899974822998,0.0805400013923645,0.0831329971551895,8700329
2025-07-05,0.081115998327732,0.081115998327732,0.0814390033483505,0.080324001610279,0.0811270028352737,5531058
2025-07-06,0.0811889991164207,0.0811889991164207,0.0817880034446716,0.0803920030593872,0.081115998327732,9263166
2025-07-07,0.0808200016617775,0.0808200016617775,0.0818049982190132,0.0805419981479644,0.0811889991164207,10899887
2025-07-08,0.0970320031046867,0.0970320031046867,0.0997850000858306,0.0800829976797103,0.0808200016617775,204292736
2025-07-09,0.0969360023736953,0.0969360023736953,0.0991009995341301,0.0924829989671707,0.0970320031046867,114421979
2025-07-10,0.0978790000081062,0.0978790000081062,0.099261999130249,0.0931819975376129,0.0969360023736953,54519059
2025-07-11,0.104492001235485,0.104492001235485,0.1054340004920959,0.0962830036878585,0.0978790000081062,55722052
2025-07-12,0.1016609966754913,0.1016609966754913,0.1110780015587806,0.0998120009899139,0.104492001235485,59170892
2025-07-13,0.1066730022430419,0.1066730022430419,0.1083270013332367,0.1004009991884231,0.1016609966754913,30043312
2025-07-14,0.1071389988064765,0.1071389988064765,0.1177069991827011,0.1052279993891716,0.1066730022430419,64526112
2025-07-15,0.1082229986786842,0.1082229986786842,0.1098399981856346,0.1026590019464492,0.1071429997682571,32726573
2025-07-16,0.1084470003843307,0.1084470003843307,0.1099189966917038,0.1067690029740333,0.1082229986786842,30239806
2025-07-17,0.1186039969325065,0.1186039969325065,0.1192589998245239,0.1044280007481575,0.1084470003843307,61258998
2025-07-18,0.1185299977660179,0.1185299977660179,0.12813700735569,0.1168320029973983,0.1185820028185844,73243110
2025-07-19,0.1212330013513565,0.1212330013513565,0.1224989965558052,0.1159979999065399,0.1185299977660179,34526543
2025-07-20,0.1208150014281272,0.1208150014281272,0.1235919967293739,0.1197059974074363,0.1212330013513565,33176389
2025-07-21,0.122250996530056,0.122250996530056,0.12568099796772,0.1190219968557357,0.1208150014281272,35713195
2025-07-22,0.1254329979419708,0.1254329979419708,0.1256700009107589,0.1199690029025077,0.122250996530056,42516031
2025-07-23,0.1217639967799186,0.1217639967799186,0.128163993358612,0.1177029982209205,0.1254329979419708,44451496
2025-07-24,0.1265870034694671,0.1265870034694671,0.1287429928779602,0.1178580000996589,0.1217719987034797,54188800
2025-07-25,0.1323219984769821,0.1323219984769821,0.1328929960727691,0.1245549991726875,0.1265870034694671,49705696
2025-07-26,0.1414899975061416,0.1414899975061416,0.1418080031871795,0.1312970072031021,0.1323219984769821,39667002
2025-07-27,0.1446129977703094,0.1446129977703094,0.1465139985084533,0.1377429962158203,0.1414899975061416,43326852
2025-07-28,0.1377920061349868,0.1377920061349868,0.1487540006637573,0.1377920061349868,0.1446329951286316,48609090
2025-07-29,0.1454900056123733,0.1454900056123733,0.1492529958486557,0.1360159963369369,0.1377969980239868,117971403
2025-07-30,0.1468439996242523,0.1468439996242523,0.1473470032215118,0.1371929943561554,0.1454900056123733,54419130
2025-07-31,0.139272004365921,0.139272004365921,0.1490350067615509,0.1390099972486496,0.1468649953603744,44343437
2025-08-01,0.1315149962902069,0.1315149962902069,0.1430699974298477,0.1287029981613159,0.1392689943313598,50301458
2025-08-02,0.1244350001215934,0.1244350001215934,0.1347929984331131,0.1235110014677047,0.1315149962902069,30080278
2025-08-03,0.1302060037851333,0.1302060037851333,0.1342619955539703,0.1226190030574798,0.1244350001215934,27111411
2025-08-04,0.1401579976081848,0.1401579976081848,0.1405390053987503,0.1300140023231506,0.1302060037851333,30965000
2025-08-05,0.1390880048274994,0.1390880048274994,0.1415439993143081,0.1339270025491714,0.1401579976081848,30704406
2025-08-06,0.1439599990844726,0.1439599990844726,0.1442980021238327,0.1361829936504364,0.1390880048274994,36049203
2025-08-07,0.1499370038509369,0.1499370038509369,0.1499679982662201,0.1434870064258575,0.1439550071954727,41610524
2025-08-08,0.1554059982299804,0.1554059982299804,0.1569699943065643,0.1471379995346069,0.1499370038509369,57705187
2025-08-09,0.1573369950056076,0.1573369950056076,0.1637859940528869,0.1551100015640258,0.1553789973258972,55193736
2025-08-10,0.1645549982786178,0.1645549982786178,0.1646630018949508,0.155796006321907,0.1573369950056076,35704289
2025-08-11,0.1657129973173141,0.1657129973173141,0.173006996512413,0.1630689948797226,0.1645549982786178,67067758
2025-08-12,0.1643729954957962,0.1643729954957962,0.1707919985055923,0.1638419926166534,0.1657129973173141,49166664
2025-08-13,0.1681289970874786,0.1681289970874786,0.169293999671936,0.1608140021562576,0.1643729954957962,45350572
2025-08-14,0.1542219966650009,0.1542219966650009,0.1684779971837997,0.1499309986829757,0.168176993727684,51332605
2025-08-15,0.1517940014600753,0.1517940014600753,0.1581120043992996,0.1483529955148697,0.1542219966650009,30007377
2025-08-16,0.150854006409645,0.150854006409645,0.1533710062503814,0.1495890021324157,0.1517940014600753,17444648
2025-08-17,0.1505129933357238,0.1505129933357238,0.155576005578041,0.1504970043897628,0.150854006409645,21138661
2025-08-18,0.1483639925718307,0.1483639925718307,0.1508439928293228,0.1432429999113083,0.1505129933357238,32739009
2025-08-19,0.1359670013189315,0.1359670013189315,0.1510059982538223,0.1359300017356872,0.1483639925718307,29688721
2025-08-20,0.1430680006742477,0.1430680006742477,0.1451109945774078,0.1359670013189315,0.1359670013189315,24979763
2025-08-21,0.1411049962043762,0.1411049962043762,0.1453669965267181,0.1403830051422119,0.1430680006742477,19295953
2025-08-22,0.152329996228218,0.152329996228218,0.1575379967689514,0.1407019942998886,0.1411170065402984,45695177
2025-08-23,0.1580770015716552,0.1580770015716552,0.158511996269226,0.1493470072746276,0.152331992983818,24370372
2025-08-24,0.1569759994745254,0.1569759994745254,0.1633339971303939,0.1553820073604583,0.1581110060214996,42341178
2025-08-25,0.1548710018396377,0.1548710018396377,0.1616300046443939,0.1535689979791641,0.1569759994745254,60929556
2025-08-26,0.2003619968891143,0.2003619968891143,0.2123650014400482,0.1532939970493316,0.1548710018396377,686402501
2025-08-27,0.2581270039081573,0.2581270039081573,0.2866719961166382,0.1966650038957595,0.2003680020570755,1184500958
2025-08-28,0.3288260102272033,0.3288260102272033,0.3874520063400268,0.2578110098838806,0.2581360042095184,2622947027
2025-08-29,0.28438800573349,0.28438800573349,0.3377600014209747,0.2671560049057007,0.3288230001926422,754970399
2025-08-30,0.3041050136089325,0.3041050136089325,0.3320069909095764,0.2662320137023926,0.28438800573349,788053748
2025-08-31,0.2934530079364776,0.2934530079364776,0.3119690120220184,0.2830969989299774,0.3042649924755096,272481851
2025-09-01,0.2697019875049591,0.2697019875049591,0.3020859956741333,0.2598010003566742,0.2934490144252777,285452918
2025-09-02,0.2672789990901947,0.2672789990901947,0.2709609866142273,0.249549999833107,0.2697210013866424,239477183
2025-09-03,0.2807709872722626,0.2807709872722626,0.2814179956912994,0.2560360133647918,0.2672789990901947,484157844
2025-09-04,0.2677670121192932,0.2677670121192932,0.2810260057449341,0.2630580067634582,0.2807709872722626,234578021
2025-09-05,0.2658630013465881,0.2658630013465881,0.2745600044727325,0.2617230117321014,0.267764002084732,138162778
2025-09-06,0.2666139900684356,0.2666139900684356,0.2749730050563812,0.2651619911193847,0.2658630013465881,103714400
2025-09-07,0.2616379857063293,0.2616379857063293,0.268215000629425,0.2576169967651367,0.2666099965572357,75098288
2025-09-08,0.2514649927616119,0.2514649927616119,0.2633759975433349,0.2506160140037536,0.2616510093212127,91808621
2025-09-09,0.2586979866027832,0.2586979866027832,0.2771269977092743,0.2439469993114471,0.2514489889144897,278671181
2025-09-10,0.2606190145015716,0.2606190145015716,0.2610450088977813,0.2519640028476715,0.2587099969387054,83626774
2025-09-11,0.2596189975738525,0.2596189975738525,0.2720339894294739,0.2533439993858337,0.2606100142002105,127044858
2025-09-12,0.2568170130252838,0.2568170130252838,0.2610020041465759,0.2531409859657287,0.2596339881420135,64100099
2025-09-13,0.2493820041418075,0.2493820041418075,0.2568170130252838,0.2476110011339187,0.2568170130252838,60339987
2025-09-14,0.2362170070409774,0.2362170070409774,0.2500059902667999,0.2355639934539795,0.2493710070848465,53610587
2025-09-15,0.2311179935932159,0.2311179935932159,0.2451249957084655,0.2266809940338134,0.2362170070409774,109822299
2025-09-16,0.2326540052890777,0.2326540052890777,0.2338970005512237,0.2247810065746307,0.2311179935932159,49553282
2025-09-17,0.2377620041370391,0.2377620041370391,0.2395330071449279,0.2279579937458038,0.2326579988002777,53694089
2025-09-18,0.2370070070028305,0.2370070070028305,0.2452709972858429,0.235275998711586,0.2377620041370391,61215002
2025-09-19,0.2330120056867599,0.2330120056867599,0.2376199960708618,0.2283750027418136,0.2370020002126693,38673869
2025-09-20,0.2292599976062774,0.2292599976062774,0.2339020073413849,0.229212999343872,0.2330120056867599,24325733
2025-09-21,0.2173729985952377,0.2173729985952377,0.2301110029220581,0.2172169983386993,0.2292599976062774,38960457
2025-09-22,0.2137289941310882,0.2137289941310882,0.2184730023145675,0.1962350010871887,0.2173690050840377,117483339
2025-09-23,0.2058899998664856,0.2058899998664856,0.216510996222496,0.2058179974555969,0.2137240022420883,68662471
2025-09-24,0.2004429996013641,0.2004429996013641,0.2087250053882599,0.1982399970293045,0.2058899998664856,68264807
2025-09-25,0.1856269985437393,0.1856269985437393,0.200887992978096,0.1801889985799789,0.2004390060901641,75865538
2025-09-26,0.1919330060482025,0.1919330060482025,0.2000979930162429,0.1854829937219619,0.1856269985437393,119555891
2025-09-27,0.1862120032310485,0.1862120032310485,0.1919330060482025,0.1847600042819976,0.1919330060482025,36268431
2025-09-28,0.1945199966430664,0.1945199966430664,0.1949760019779205,0.1820860058069229,0.1862120032310485,50242848
2025-09-29,0.1905809938907623,0.1905809938907623,0.1974869966506958,0.1874800026416778,0.1945199966430664,53082737
2025-09-30,0.1979829967021942,0.1979829967021942,0.2000589966773986,0.1866810023784637,0.1905609965324401,109669937
2025-10-01,0.2032919973134994,0.2032919973134994,0.2045360058546066,0.1912509948015213,0.1979590058326721,77506808
2025-10-02,0.2181469947099685,0.2181469947099685,0.2277449965476989,0.2018669992685318,0.2033700048923492,142375481
2025-10-03,0.2136020064353943,0.2136020064353943,0.2198659926652908,0.2101110070943832,0.2181369960308075,53914002
2025-10-04,0.2071830034255981,0.2071830034255981,0.2171359956264495,0.2059659957885742,0.2136020064353943,44965568
2025-10-05,0.2092330008745193,0.2092330008745193,0.2134480029344558,0.2046259939670562,0.2071830034255981,39202627
2025-10-06,0.2106889933347702,0.2106889933347702,0.2128320038318634,0.2066639959812164,0.2092330008745193,49691834
2025-10-07,0.1952410042285919,0.1952410042285919,0.2119390070438385,0.1946180015802383,0.2106889933347702,50686667
2025-10-08,0.1985770016908645,0.1985770016908645,0.2055830061435699,0.1948239952325821,0.1952410042285919,49846334
2025-10-09,0.1931670010089874,0.1931670010089874,0.1985799968242645,0.1893029958009719,0.1985770016908645,46866735
2025-10-10,0.1476240009069442,0.1476240009069442,0.193913996219635,0.0910039991140365,0.1931650042533874,156794883
2025-10-11,0.1557739973068237,0.1557739973068237,0.1634279936552047,0.1476240009069442,0.1476240009069442,98138531
2025-10-12,0.1729239970445633,0.1729239970445633,0.1770049929618835,0.1510840058326721,0.1557700037956237,73193526
2025-10-13,0.1728489995002746,0.1728489995002746,0.1751559972763061,0.1658450067043304,0.1729319989681244,47695216
2025-10-14,0.1632529944181442,0.1632529944181442,0.1734659969806671,0.1556950062513351,0.1728470027446746,54936304
2025-10-15,0.157259002327919,0.157259002327919,0.1690669953823089,0.1555469930171966,0.1632570028305053,47656231
2025-10-16,0.1476069986820221,0.1476069986820221,0.1594920009374618,0.1453540027141571,0.157259002327919,42794918
2025-10-17,0.1430329978466034,0.1430329978466034,0.1484619975090026,0.1325110048055648,0.147608995437622,58982167
2025-10-18,0.1444379985332489,0.1444379985332489,0.1465499997138977,0.1420419961214065,0.1430329978466034,24733579
2025-10-19,0.1467929929494857,0.1467929929494857,0.148835003376007,0.1407240033149719,0.1444379985332489,25948638
2025-10-20,0.1511390060186386,0.1511390060186386,0.1557140052318573,0.1444830000400543,0.1467929929494857,38624521
2025-10-21,0.1446810066699981,0.1446810066699981,0.1528470069169998,0.1439460068941116,0.1511349976062774,34454218
2025-10-22,0.1400700062513351,0.1400700062513351,0.1466269940137863,0.1371230036020279,0.144688993692398,31693811
2025-10-23,0.1436779946088791,0.1436779946088791,0.1454509943723678,0.1397770047187805,0.1400700062513351,22670195
2025-10-24,0.148493006825447,0.148493006825447,0.1513279974460601,0.142778992652893,0.1436779946088791,30993610
2025-10-25,0.152197003364563,0.152197003364563,0.1550910025835037,0.1481119990348816,0.148493006825447,23491171
2025-10-26,0.1536139994859695,0.1536139994859695,0.1548500061035156,0.1489569991827011,0.152197003364563,20918806
2025-10-27,0.1496410071849823,0.1496410071849823,0.1561949998140335,0.1485770046710968,0.1536139994859695,21069794
2025-10-28,0.1512240022420883,0.1512240022420883,0.1666920036077499,0.1480409950017929,0.1496410071849823,83192611
2025-10-29,0.1466069966554641,0.1466069966554641,0.1512240022420883,0.1445849984884262,0.1512240022420883,34421671
2025-10-30,0.145578995347023,0.145578995347023,0.1492329984903335,0.1395670026540756,0.1466069966554641,29070809
2025-10-31,0.1455480009317398,0.1455480009317398,0.1491079926490783,0.1447390019893646,0.1455850005149841,24904456
2025-11-01,0.1470869928598404,0.1470869928598404,0.1481979936361313,0.1449619978666305,0.1455480009317398,15335740
2025-11-02,0.1460160017013549,0.1460160017013549,0.1470869928598404,0.143227994441986,0.1470869928598404,18166498
2025-11-03,0.1297229975461959,0.1297229975461959,0.1460320055484771,0.127143993973732,0.146027997136116,37639086
2025-11-04,0.1216830015182495,0.1216830015182495,0.1332309991121292,0.1125049963593483,0.1297270059585571,62684820
2025-11-05,0.1250199973583221,0.1250199973583221,0.1272079944610595,0.1151940003037452,0.1216809973120689,43642895
2025-11-06,0.1224550008773803,0.1224550008773803,0.1250350028276443,0.1200499981641769,0.1250199973583221,24136206
2025-11-07,0.1296049952507019,0.1296049952507019,0.1334729939699173,0.1204300001263618,0.1224550008773803,57873186
2025-11-08,0.1251820027828216,0.1251820027828216,0.1323319971561432,0.124450996518135,0.1296049952507019,25831456
2025-11-09,0.1278039962053299,0.1278039962053299,0.1286419928073883,0.1225140020251274,0.1251820027828216,21767533
2025-11-10,0.1365479975938797,0.1365479975938797,0.1370899975299835,0.127469003200531,0.1278039962053299,44942619
2025-11-11,0.1254100054502487,0.1254100054502487,0.1385930031538009,0.1242439970374107,0.1365440040826797,31285610
2025-11-12,0.1250720024108886,0.1250720024108886,0.1307789981365203,0.1230269968509674,0.1254110038280487,29666198
2025-11-13,0.1227080002427101,0.1227080002427101,0.1289760023355484,0.118316002190113,0.1250720024108886,31796284
2025-11-14,0.1135289967060089,0.1135289967060089,0.1228749975562095,0.1127170026302337,0.1227080002427101,39971594
2025-11-15,0.1151390001177787,0.1151390001177787,0.1169210001826286,0.1135210022330284,0.1135289967060089,20659260
2025-11-16,0.1095379963517189,0.1095379963517189,0.1164250001311302,0.1074080020189285,0.1151390001177787,25978895
2025-11-17,0.103982999920845,0.103982999920845,0.1122500002384185,0.1029390022158622,0.1095379963517189,38087009
2025-11-18,0.1143409982323646,0.1143409982323646,0.1143409982323646,0.1013099998235702,0.1039870008826255,42597416
2025-11-19,0.1091379970312118,0.1091379970312118,0.1145080029964447,0.1033850014209747,0.1143409982323646,41138229
2025-11-20,0.1023470014333725,0.1023470014333725,0.1105939969420433,0.1010039970278739,0.1091379970312118,35623995
2025-11-21,0.0990390032529831,0.0990390032529831,0.103363998234272,0.0930669978260994,0.1023460030555725,44141169
2025-11-22,0.100101999938488,0.100101999938488,0.1007779985666275,0.0970840007066726,0.0990390032529831,19372728
2025-11-23,0.1062489971518516,0.1062489971518516,0.1121570020914077,0.1000650003552436,0.100101001560688,53767121
2025-11-24,0.1097379997372627,0.1097379997372627,0.1115420013666153,0.1051760017871856,0.1062489971518516,32154881
2025-11-25,0.1103020012378692,0.1103020012378692,0.1115280017256736,0.1068440005183219,0.1097379997372627,25738802
2025-11-26,0.111855998635292,0.111855998635292,0.1122639998793602,0.1080740019679069,0.1103020012378692,21570503
2025-11-27,0.1113829985260963,0.1113829985260963,0.1140979975461959,0.1112660020589828,0.111853003501892,15932107
2025-11-28,0.1087940037250518,0.1087940037250518,0.1132159978151321,0.1084079965949058,0.1113770008087158,19014664
2025-11-29,0.1072119995951652,0.1072119995951652,0.1094480007886886,0.106293000280857,0.1087940037250518,12011347
2025-11-30,0.1060319989919662,0.1060319989919662,0.1090629994869232,0.1060319989919662,0.1072039976716041,11710873
2025-12-01,0.1018889993429184,0.1018889993429184,0.1059990003705024,0.098361998796463,0.1059859991073608,25989659
2025-12-02,0.108824998140335,0.108824998140335,0.1121480017900466,0.1013609990477562,0.1018889993429184,27604317
2025-12-03,0.1103200018405914,0.1103200018405914,0.1110349968075752,0.1078239977359771,0.1088280007243156,19918920
2025-12-04,0.1063970029354095,0.1063970029354095,0.1110349968075752,0.1057929992675781,0.1103160008788108,15079274
2025-12-05,0.1036500036716461,0.1036500036716461,0.1073499992489814,0.1019980013370513,0.1063980013132095,19258875
2025-12-06,0.1041280031204223,0.1041280031204223,0.1049349978566169,0.1035479977726936,0.1036449968814849,9134136
2025-12-07,0.1035789996385574,0.1035789996385574,0.1052450016140937,0.1011459976434707,0.1041280031204223,13525291
2025-12-08,0.1035280004143714,0.1035280004143714,0.1057910025119781,0.1030720025300979,0.103582002222538,15562120
2025-12-09,0.1058830022811889,0.1058830022811889,0.1090060025453567,0.103021003305912,0.1035280004143714,16974441
2025-12-10,0.1037909984588623,0.1037909984588623,0.1065429970622062,0.1034300029277801,0.1058830022811889,16878597
2025-12-11,0.1017979979515075,0.1017979979515075,0.1040220037102699,0.0994160026311874,0.1037900000810623,17238883
2025-12-12,0.1003649979829788,0.1003649979829788,0.1022839993238449,0.0982299968600273,0.1018000021576881,15072962
2025-12-13,0.0996040031313896,0.0996040031313896,0.1006930023431778,0.0991050004959106,0.1003649979829788,7983183
2025-12-14,0.0967570021748542,0.0967570021748542,0.1003049984574318,0.0961730033159256,0.0996040031313896,10724626
2025-12-15,0.0963319987058639,0.0963319987058639,0.1000170037150383,0.0937429964542388,0.0967520028352737,33124000
2025-12-16,0.095611996948719,0.095611996948719,0.0965040028095245,0.0933270007371902,0.0963319987058639,19896047
2025-12-17,0.0912989974021911,0.0912989974021911,0.0960720032453537,0.0905760005116462,0.095611996948719,20503519
2025-12-18,0.090208999812603,0.090208999812603,0.0941919982433319,0.0890830010175705,0.0913019999861717,20044348
2025-12-19,0.0952830016613006,0.0952830016613006,0.0952870026230812,0.0892969965934753,0.090208999812603,16968233
2025-12-20,0.0959929972887039,0.0959929972887039,0.0991050004959106,0.0946530029177665,0.0952830016613006,15621300
2025-12-21,0.095830999314785,0.095830999314785,0.0962010025978088,0.0939470008015632,0.0959929972887039,10212664
2025-12-22,0.0957150012254715,0.0957150012254715,0.0975050032138824,0.0948569998145103,0.095830999314785,11965258
2025-12-23,0.0945950001478195,0.0945950001478195,0.096571996808052,0.0939960032701492,0.0957150012254715,10449726
2025-12-24,0.0930230021476745,0.0930230021476745,0.0947159975767135,0.0923179984092712,0.0946040004491806,10618404
2025-12-25,0.0923049971461296,0.0923049971461296,0.0943790003657341,0.0921749994158744,0.0930240005254745,9461798
2025-12-26,0.0916460007429122,0.0916460007429122,0.0940089970827102,0.0914110019803047,0.0923049971461296,10814409
2025-12-27,0.0926700010895729,0.0926700010895729,0.0926759988069534,0.091509997844696,0.0916460007429122,8206014
2025-12-28,0.0927020013332367,0.0927020013332367,0.0941229984164238,0.0923769995570182,0.0926700010895729,11193158
2025-12-29,0.0917230024933815,0.0917230024933815,0.0945359990000724,0.0916090011596679,0.0926989987492561,12938489
2025-12-30,0.0924530029296875,0.0924530029296875,0.0951469987630844,0.0917190015316009,0.0917230024933815,18542959
2025-12-31,0.0906120017170906,0.0906120017170906,0.0945440009236335,0.0897210016846656,0.0924519971013069,21371606
