Date,Adj Close,Close,High,Low,Open,Volume
2023-06-01,0.9997000098228456,0.9997000098228456,1.0003429651260376,0.9982619881629944,1.0000280141830444,112089896
2023-06-02,0.9997659921646118,0.9997659921646118,1.0006489753723145,0.9985439777374268,0.9996349811553956,167413511
2023-06-03,0.999754011631012,0.999754011631012,1.0000239610671997,0.9987819790840148,0.9997770190238952,55626544
2023-06-04,0.9992089867591858,0.9992089867591858,1.0003859996795654,0.9986960291862488,0.9997490048408508,53737099
2023-06-05,0.9997199773788452,0.9997199773788452,1.0001039505004885,0.9949259757995604,0.9992600083351136,182512601
2023-06-06,0.9999579787254332,0.9999579787254332,1.0016080141067505,0.9980930089950562,0.9996610283851624,151115180
2023-06-07,0.9996309876441956,0.9996309876441956,1.0007530450820925,0.997564971446991,0.9999650120735168,156843086
2023-06-08,0.9995399713516236,0.9995399713516236,1.001134991645813,0.9985820055007936,0.999692976474762,96623143
2023-06-09,0.99972802400589,0.99972802400589,1.0004650354385376,0.99822598695755,0.9995959997177124,134428975
2023-06-10,0.9999409914016724,0.9999409914016724,1.0015300512313845,0.9954590201377868,0.9997410178184508,235160228
2023-06-11,0.9996359944343568,0.9996359944343568,1.000920057296753,0.9981989860534668,0.9998379945755004,87455639
2023-06-12,0.9997119903564452,0.9997119903564452,1.000967025756836,0.9970189929008484,0.999556005001068,128701031
2023-06-13,0.9999150037765504,0.9999150037765504,1.001041054725647,0.9975460171699524,0.9997310042381288,144489002
2023-06-14,0.9997850060462952,0.9997850060462952,1.000516057014465,0.995851993560791,0.9998819828033448,190733853
2023-06-15,0.999758005142212,0.999758005142212,1.0014690160751345,0.997868001461029,0.999787986278534,499219337
2023-06-16,0.9999330043792723,0.9999330043792723,1.0018099546432495,0.9988759756088256,0.9998070001602172,249256984
2023-06-17,0.9997469782829284,0.9997469782829284,1.0011529922485352,0.999234974384308,0.999966025352478,94021680
2023-06-18,0.9998319745063782,0.9998319745063782,1.000643014907837,0.9982330203056335,0.9996439814567566,71212818
2023-06-19,1.0004669427871704,1.0004669427871704,1.0011130571365356,0.9980769753456116,0.9998319745063782,125788922
2023-06-20,1.0007339715957642,1.0007339715957642,1.0020339488983154,0.9985809922218324,1.0005439519882202,168693980
2023-06-21,0.999705970287323,0.999705970287323,1.0028539896011353,0.9988510012626648,1.000633955001831,266694202
2023-06-22,0.99932599067688,0.99932599067688,1.001325011253357,0.9983639717102052,0.9996129870414734,142669367
2023-06-23,1.0003199577331543,1.0003199577331543,1.0017969608306885,0.9987260103225708,0.9993460178375244,170521826
2023-06-24,1.0002729892730713,1.0002729892730713,1.000880002975464,0.9984109997749328,1.0004260540008545,82861931
2023-06-25,0.9999729990959167,0.9999729990959167,1.0010199546813965,0.998423993587494,1.000223994255066,114080760
2023-06-26,0.9998859763145448,0.9998859763145448,1.0012179613113403,0.9979339838027954,0.9999250173568726,141221205
2023-06-27,0.9997450113296508,0.9997450113296508,1.0011210441589355,0.9988729953765868,0.9999920129776,136172583
2023-06-28,0.9993460178375244,0.9993460178375244,1.0011080503463743,0.996142029762268,0.9998090267181396,149487571
2023-06-29,0.9996179938316344,0.9996179938316344,1.0012229681015017,0.9986249804496764,0.9993469715118408,113082278
2023-06-30,1.0000250339508057,1.0000250339508057,1.0019530057907104,0.9960179924964904,0.9995329976081848,182187884
2023-07-01,0.9999690055847168,0.9999690055847168,1.0008490085601809,0.9987339973449708,1.0000979900360107,102897064
2023-07-02,0.9998900294303894,0.9998900294303894,1.0009310245513916,0.9983829855918884,0.9999150037765504,86291739
2023-07-03,1.0000170469284058,1.0000170469284058,1.000828981399536,0.999185025691986,0.999879002571106,175085810
2023-07-04,0.9994379878044128,0.9994379878044128,1.0001959800720217,0.9982879757881165,1.000010967254639,118987527
2023-07-05,0.9998239874839784,0.9998239874839784,1.0003230571746826,0.9973989725112916,0.9994950294494628,100804817
2023-07-06,0.998337984085083,0.998337984085083,1.001162052154541,0.9973160028457642,0.9998660087585448,115666708
2023-07-07,0.9998509883880616,0.9998509883880616,1.0007649660110474,0.997672975063324,0.9985359907150269,92831860
2023-07-08,1.0000660419464111,1.0000660419464111,1.0003169775009155,0.9984019994735718,0.9998369812965392,84546050
2023-07-09,0.9994459748268129,0.9994459748268129,1.0008480548858645,0.9988909959793092,1.000087022781372,67319487
2023-07-10,0.999772012233734,0.999772012233734,1.0008440017700195,0.9977989792823792,0.9993630051612854,101138888
2023-07-11,0.9997550249099731,0.9997550249099731,1.000537991523743,0.9988049864768982,0.9997829794883728,85703551
2023-07-12,0.9995669722557068,0.9995669722557068,1.000568985939026,0.9974809885025024,0.9997529983520508,83838708
2023-07-13,1.000789999961853,1.000789999961853,1.0016549825668335,0.9987559914588928,0.9995549917221068,163990802
2023-07-14,1.0005110502243042,1.0005110502243042,1.0009039640426636,0.9947410225868224,1.0007330179214478,153185420
2023-07-15,0.9997180104255676,0.9997180104255676,1.0005320310592651,0.999085009098053,1.0005320310592651,60262645
2023-07-16,0.9992210268974304,0.9992210268974304,1.0006829500198364,0.9980250000953674,0.9996960163116456,54633450
2023-07-17,1.0000139474868774,1.0000139474868774,1.0008089542388916,0.9971230030059814,0.999206006526947,138161709
2023-07-18,0.9999300241470336,0.9999300241470336,1.0003859996795654,0.9976029992103576,0.9999979734420776,75632891
2023-07-19,0.9998319745063782,0.9998319745063782,1.000648021697998,0.9986780285835266,0.9999240040779114,78774477
2023-07-20,0.999547004699707,0.999547004699707,1.0003999471664429,0.9987189769744872,0.9999160170555116,147850388
2023-07-21,0.9999079704284668,0.9999079704284668,1.0006500482559204,0.9988830089569092,0.9995049834251404,76988593
2023-07-22,0.9992420077323914,0.9992420077323914,1.0002460479736328,0.9976540207862854,0.9999229907989502,61892513
2023-07-23,0.9997569918632508,0.9997569918632508,1.0010089874267578,0.9983670115470886,0.9993109703063964,53244918
2023-07-24,0.999563992023468,0.999563992023468,0.9999359846115112,0.9960349798202516,0.9996039867401124,80938295
2023-07-25,0.9995459914207458,0.9995459914207458,1.000516057014465,0.9989129900932312,0.9995369911193848,74281345
2023-07-26,0.9994879961013794,0.9994879961013794,1.000972032546997,0.998898983001709,0.9995930194854736,116202187
2023-07-27,0.9996209740638732,0.9996209740638732,1.0003210306167605,0.998544991016388,0.9995229840278624,64945426
2023-07-28,0.9999449849128724,0.9999449849128724,1.000694990158081,0.9987239837646484,0.999575972557068,72861348
2023-07-29,0.9996650218963624,0.9996650218963624,1.0003130435943604,0.9993550181388856,0.9999030232429504,57185294
2023-07-30,0.999882996082306,0.999882996082306,1.000300049781799,0.9978740215301514,0.9997050166130066,80651990
2023-07-31,0.9997209906578064,0.9997209906578064,1.0003379583358765,0.9984009861946106,0.9997860193252563,187115753
2023-08-01,1.0008039474487305,1.0008039474487305,1.0010019540786743,0.9978110194206238,0.9997379779815674,229879540
2023-08-02,0.9996500015258788,0.9996500015258788,1.001142978668213,0.9976940155029296,1.0006929636001587,142060029
2023-08-03,0.999426007270813,0.999426007270813,1.0004429817199707,0.9978479743003844,0.99965900182724,135936255
2023-08-04,0.9995999932289124,0.9995999932289124,1.0008440017700195,0.9979779720306396,0.9993680119514464,199181573
2023-08-05,0.9996259808540344,0.9996259808540344,1.0002249479293823,0.9986429810523988,0.9995790123939514,121142909
2023-08-06,0.9994440078735352,0.9994440078735352,1.0002620220184326,0.9988459944725036,0.999701976776123,131628565
2023-08-07,1.000102996826172,1.000102996826172,1.0006810426712036,0.9982069730758668,0.9995009899139404,199196517
2023-08-08,0.999787986278534,0.999787986278534,1.0012190341949463,0.9991660118103028,0.9999759793281556,154610809
2023-08-09,1.0000959634780884,1.0000959634780884,1.0006829500198364,0.9987030029296876,0.9997190237045288,118519789
2023-08-10,0.9999650120735168,0.9999650120735168,1.00068199634552,0.9989960193634032,1.0000710487365725,78981476
2023-08-11,0.9997119903564452,0.9997119903564452,1.0002340078353882,0.9989179968833924,1.0000159740447998,81790371
2023-08-12,0.9998859763145448,0.9998859763145448,1.0003039836883545,0.9991790056228638,0.9996709823608398,60765158
2023-08-13,0.999508023262024,0.999508023262024,1.0004080533981323,0.9991689920425416,0.9998859763145448,73165437
2023-08-14,1.000180959701538,1.000180959701538,1.0003650188446045,0.9988120198249816,0.9993839859962464,78607286
2023-08-15,0.99965500831604,0.99965500831604,1.0001039505004885,0.9977489709854126,1.0001039505004885,92159863
2023-08-16,0.9995499849319458,0.9995499849319458,1.000648021697998,0.998515009880066,0.9996770024299622,82105445
2023-08-17,0.9994029998779296,0.9994029998779296,1.0014610290527344,0.9913579821586608,0.9995329976081848,235120594
2023-08-18,0.9996839761734008,0.9996839761734008,1.000939965248108,0.9972779750823976,0.999576985836029,169516094
2023-08-19,0.9998589754104614,0.9998589754104614,1.0008879899978638,0.9988009929656982,0.9996690154075624,62924701
2023-08-20,0.9997940063476562,0.9997940063476562,1.0008970499038696,0.9992799758911132,0.999888002872467,55851898
2023-08-21,0.9992989897727966,0.9992989897727966,1.0008480548858645,0.9979029893875122,0.9997050166130066,104446690
2023-08-22,0.9999579787254332,0.9999579787254332,1.0008809566497805,0.9974210262298584,0.9993990063667296,167324351
2023-08-23,1.000033974647522,1.000033974647522,1.00136399269104,0.9981899857521056,1.0000499486923218,113137353
2023-08-24,1.0002189874649048,1.0002189874649048,1.0005979537963867,0.9972310066223145,1.0000439882278442,91422807
2023-08-25,0.9999880194664,0.9999880194664,1.0005619525909424,0.998458981513977,1.000100016593933,75095539
2023-08-26,0.9996600151062012,0.9996600151062012,1.0002260208129885,0.9988570213317872,1.0000449419021606,51285774
2023-08-27,0.9999489784240724,0.9999489784240724,1.000349998474121,0.9991769790649414,0.9997320175170898,48771602
2023-08-28,1.0000040531158447,1.0000040531158447,1.000488042831421,0.9985380172729492,0.999983012676239,71798007
2023-08-29,1.0000920295715332,1.0000920295715332,1.0023629665374756,0.9984840154647828,0.9999560117721558,148523680
2023-08-30,1.000041961669922,1.000041961669922,1.0003060102462769,0.9986220002174376,1.0001039505004885,96742673
2023-08-31,0.9997180104255676,0.9997180104255676,1.0008729696273804,0.9966800212860109,1.000020980834961,91200391
2023-09-01,1.0000250339508057,1.0000250339508057,1.0005719661712646,0.9979230165481568,0.9997429847717284,126735127
2023-09-02,1.0002360343933103,1.0002360343933103,1.0006990432739258,0.999336004257202,1.0000989437103271,57894601
2023-09-03,1.0000449419021606,1.0000449419021606,1.0009729862213137,0.9990689754486084,1.0003080368041992,45847952
2023-09-04,1.0000159740447998,1.0000159740447998,1.000669002532959,0.9985349774360656,1.0000250339508057,59334624
2023-09-05,1.0000070333480835,1.0000070333480835,1.000797986984253,0.9985499978065492,1.0,63592958
2023-09-06,0.9999510049819946,0.9999510049819946,1.0007749795913696,0.9986199736595154,1.0000239610671997,89851655
2023-09-07,0.999970018863678,0.999970018863678,1.0010019540786743,0.9988309741020204,0.9999319911003112,68317518
2023-09-08,1.0001300573349,1.0001300573349,1.0010559558868408,0.9979239702224731,0.999871015548706,60004593
2023-09-09,1.0001089572906494,1.0001089572906494,1.0005550384521484,0.9993799924850464,1.0001009702682495,50141518
2023-09-10,0.999360978603363,0.999360978603363,1.0008490085601809,0.9987750053405762,1.000108003616333,56181069
2023-09-11,1.0002059936523438,1.0002059936523438,1.0007129907608032,0.997367024421692,0.9994249939918518,111723582
2023-09-12,0.9996399879455566,0.9996399879455566,1.0014389753341677,0.9984930157661438,1.0001970529556274,119817591
2023-09-13,1.0001709461212158,1.0001709461212158,1.0011659860610962,0.9989680051803588,0.9996520280838012,85210776
2023-09-14,0.9996790289878844,0.9996790289878844,1.0013480186462402,0.9992949962615968,1.0001510381698608,109894161
2023-09-15,1.000051975250244,1.000051975250244,1.000942945480347,0.9987630248069764,0.999763011932373,94376588
2023-09-16,1.0000560283660889,1.0000560283660889,1.0007439851760864,0.9989420175552368,0.9999759793281556,50172574
2023-09-17,1.0004719495773315,1.0004719495773315,1.000648021697998,0.9990490078926086,1.000040054321289,52246844
2023-09-18,0.999849021434784,0.999849021434784,1.001121997833252,0.9980329871177672,1.0003520250320437,94325938
2023-09-19,1.000051975250244,1.000051975250244,1.00103497505188,0.9987419843673706,0.9998400211334229,106018722
2023-09-20,0.9996820092201232,0.9996820092201232,1.0007189512252808,0.9984859824180604,1.0000250339508057,83337762
2023-09-21,0.9993759989738464,0.9993759989738464,1.0001840591430664,0.9975950121879578,0.9996700286865234,84099819
2023-09-22,0.999882996082306,0.999882996082306,1.000412940979004,0.9986090064048768,0.999369978904724,71307258
2023-09-23,1.000180959701538,1.000180959701538,1.000476956367493,0.9994580149650574,0.9998549818992616,107981349
2023-09-24,0.999912977218628,0.999912977218628,1.000627040863037,0.9994620084762572,1.000164031982422,48885697
2023-09-25,1.000038981437683,1.000038981437683,1.0008009672164917,0.9988459944725036,0.9999110102653505,114545893
2023-09-26,1.000141978263855,1.000141978263855,1.0005650520324707,0.999010980129242,1.000025987625122,63832983
2023-09-27,0.9999549984931946,0.9999549984931946,1.0009000301361084,0.9982579946517944,1.0000890493392944,81155950
2023-09-28,1.000288009643555,1.000288009643555,1.0014300346374512,0.9992719888687134,0.9999840259552002,101481441
2023-09-29,1.0003069639205933,1.0003069639205933,1.0012309551239014,0.9988719820976256,1.000285029411316,80869928
2023-09-30,0.9996740221977234,0.9996740221977234,1.0008870363235474,0.9994660019874572,1.00028395652771,63143181
2023-10-01,1.0001790523529053,1.0001790523529053,1.001304030418396,0.9988080263137816,0.9996309876441956,94375863
2023-10-02,0.9997010231018066,0.9997010231018066,1.0009210109710691,0.9966390132904052,1.000133991241455,123620717
2023-10-03,0.999508023262024,0.999508023262024,1.0003290176391602,0.9982960224151612,0.9997649788856506,86663004
2023-10-04,1.0002000331878662,1.0002000331878662,1.000766038894653,0.9978539943695068,0.9995890259742736,105687444
2023-10-05,0.9993270039558412,0.9993270039558412,1.0008419752120972,0.99890398979187,1.0002410411834717,79046376
2023-10-06,0.9998940229415894,0.9998940229415894,1.0012609958648682,0.9991430044174194,0.9993330240249634,60841696
2023-10-07,0.9997889995574952,0.9997889995574952,1.0003399848937988,0.9992809891700744,0.999875009059906,47390141
2023-10-08,0.9999759793281556,0.9999759793281556,1.0005340576171875,0.999109983444214,0.9998949766159058,65534541
2023-10-09,0.9997079968452454,0.9997079968452454,1.0005420446395874,0.998054027557373,0.9999639987945556,99621218
2023-10-10,0.9997159838676452,0.9997159838676452,1.000578999519348,0.9984880089759828,0.9997209906578064,96131023
2023-10-11,0.9997239708900452,0.9997239708900452,1.0006649494171145,0.9977669715881348,0.9996680021286012,128669499
2023-10-12,0.9999979734420776,0.9999979734420776,1.0005340576171875,0.9984170198440552,0.9996730089187622,112538697
2023-10-13,1.0,1.0,1.0015599727630615,0.9991419911384584,1.000041961669922,89813317
2023-10-14,1.0000829696655271,1.0000829696655271,1.000661015510559,0.9993529915809632,0.9999989867210388,62450642
2023-10-15,1.000012993812561,1.000012993812561,1.0006489753723145,0.9992889761924744,1.0001070499420166,49600562
2023-10-16,1.0002989768981934,1.0002989768981934,1.0013920068740845,0.9988009929656982,1.0000380277633667,197423051
2023-10-17,1.0000139474868774,1.0000139474868774,1.0003609657287598,0.9985209703445436,1.000264048576355,82966431
2023-10-18,0.9999560117721558,0.9999560117721558,1.0006099939346311,0.9991289973258972,1.0000430345535278,104432932
2023-10-19,1.0000510215759275,1.0000510215759275,1.0006779432296753,0.9991649985313416,0.9999790191650392,83748847
2023-10-20,0.9999819993972778,0.9999819993972778,1.00141704082489,0.9991959929466248,1.0000849962234497,105809286
2023-10-21,1.000054955482483,1.000054955482483,1.000828981399536,0.9995880126953124,0.9999399781227112,120631482
2023-10-22,1.0004630088806152,1.0004630088806152,1.000983953475952,0.9992510080337524,1.0,156250642
2023-10-23,1.0006389617919922,1.0006389617919922,1.0019639730453491,0.9990379810333252,1.001183032989502,321029773
2023-10-24,0.999638020992279,0.999638020992279,1.0016969442367554,0.9974259734153748,1.000614047050476,286764128
2023-10-25,0.999970018863678,0.999970018863678,1.0012439489364624,0.9987000226974488,0.999791979789734,164506763
2023-10-26,0.9999809861183168,0.9999809861183168,1.000846028327942,0.9976969957351683,1.0000070333480835,189373020
2023-10-27,1.000146985054016,1.000146985054016,1.0006070137023926,0.9983779788017272,0.9999380111694336,155284094
2023-10-28,0.99993497133255,0.99993497133255,1.000627040863037,0.9990800023078918,1.0001009702682495,88454631
2023-10-29,0.9999250173568726,0.9999250173568726,1.000952959060669,0.9992769956588744,0.9998700022697448,75680047
2023-10-30,1.0002210140228271,1.0002210140228271,1.001278042793274,0.9988629817962646,0.9999390244483948,139546751
2023-10-31,1.0007810592651367,1.0007810592651367,1.000815987586975,0.9989029765129088,1.000208020210266,146551108
2023-11-01,1.0003060102462769,1.0003060102462769,1.0013329982757568,0.9984639883041382,1.0007200241088867,173707901
2023-11-02,1.000180959701538,1.000180959701538,1.0010770559310913,0.9975339770317078,1.000357985496521,184094013
2023-11-03,1.0004069805145264,1.0004069805145264,1.0009750127792358,0.998511016368866,1.0001120567321775,163214643
2023-11-04,0.9997649788856506,0.9997649788856506,1.001109957695007,0.999521017074585,1.0005600452423096,89381827
2023-11-05,0.9997529983520508,0.9997529983520508,1.0014859437942505,0.998893976211548,0.9997479915618896,146607203
2023-11-06,1.0002000331878662,1.0002000331878662,1.0008519887924194,0.999081015586853,0.9996079802513124,151444626
2023-11-07,1.000148057937622,1.000148057937622,1.0016249418258667,0.99864399433136,1.0001729726791382,134092004
2023-11-08,0.9996579885482788,0.9996579885482788,1.0008820295333862,0.9990730285644532,1.0001800060272217,158366487
2023-11-09,1.0004099607467651,1.0004099607467651,1.0013799667358398,0.997717022895813,0.9996709823608398,313649994
2023-11-10,0.9996770024299622,0.9996770024299622,1.0010709762573242,0.9988470077514648,1.0003650188446045,212089633
2023-11-11,0.999805986881256,0.999805986881256,1.0008020401000977,0.998097002506256,0.9995449781417848,166861448
2023-11-12,0.9994710087776184,0.9994710087776184,1.0008519887924194,0.998130977153778,0.9998589754104614,140367293
2023-11-13,0.9987229704856871,0.9987229704856871,1.0014899969100952,0.998386025428772,0.999576985836029,168357039
2023-11-14,0.9995359778404236,0.9995359778404236,1.0012749433517456,0.9971920251846312,0.998803973197937,183009485
2023-11-15,1.0006849765777588,1.0006849765777588,1.0020860433578491,0.9989870190620422,0.9995689988136292,178414008
2023-11-16,0.9998909831047058,0.9998909831047058,1.0013610124588013,0.9965749979019164,1.0006749629974363,241158674
2023-11-17,1.0004199743270874,1.0004199743270874,1.0015790462493896,0.9976699948310852,0.9998229742050172,204404254
2023-11-18,1.0003520250320437,1.0003520250320437,1.00143301486969,0.9985870122909546,1.000525951385498,279846305
2023-11-19,1.0005830526351929,1.0005830526351929,1.001451015472412,0.9990280270576476,1.0003390312194824,237737018
2023-11-20,0.9995710253715516,0.9995710253715516,1.0012120008468628,0.9986680150032043,1.0006710290908811,263191467
2023-11-21,0.9979209899902344,0.9979209899902344,1.0012379884719849,0.997327983379364,0.9996089935302734,300031548
2023-11-22,0.9998940229415894,0.9998940229415894,1.0015259981155396,0.997639000415802,0.9978960156440736,265816148
2023-11-23,0.9996860027313232,0.9996860027313232,1.001127004623413,0.9987589716911316,0.9997329711914062,239495570
2023-11-24,1.0000280141830444,1.0000280141830444,1.0015000104904177,0.9983829855918884,0.999746024608612,242064501
2023-11-25,1.0001009702682495,1.0001009702682495,1.0011860132217407,0.9990190267562866,0.999974012374878,231477989
2023-11-26,0.9996740221977234,0.9996740221977234,1.001039981842041,0.9978640079498292,1.000100016593933,247938608
2023-11-27,1.000161051750183,1.000161051750183,1.0006840229034424,0.9983919858932496,0.9995880126953124,312672885
2023-11-28,0.9995530247688292,0.9995530247688292,1.001358985900879,0.998394012451172,1.0001929998397827,312447154
2023-11-29,0.9997169971466064,0.9997169971466064,1.000818967819214,0.9985640048980712,0.9995089769363404,314547669
2023-11-30,1.0000629425048828,1.0000629425048828,1.0008950233459473,0.9988769888877868,0.9997730255126952,504381554
2023-12-01,0.9997529983520508,0.9997529983520508,1.0007489919662476,0.9987409710884094,1.0001239776611328,220472115
2023-12-02,1.0000050067901611,1.0000050067901611,1.0014469623565674,0.9988459944725036,0.9997490048408508,310128871
2023-12-03,0.9996500015258788,0.9996500015258788,1.000754952430725,0.9987369775772096,0.9999669790267944,361084615
2023-12-04,1.0005520582199097,1.0005520582199097,1.000838041305542,0.9987630248069764,0.999692976474762,448318964
2023-12-05,1.000419020652771,1.000419020652771,1.001209020614624,0.9972749948501588,1.000465989112854,602935460
2023-12-06,0.9991880059242249,0.9991880059242249,1.0010390281677246,0.9983569979667664,1.0003880262374878,306190359
2023-12-07,1.0000619888305664,1.0000619888305664,1.0011459589004517,0.998192012310028,0.9992579817771912,298090261
2023-12-08,0.9999229907989502,0.9999229907989502,1.001006007194519,0.9990339875221252,0.9999729990959167,280626307
2023-12-09,0.9996730089187622,0.9996730089187622,1.0016069412231443,0.9983630180358888,0.999974012374878,276870222
2023-12-10,0.9998949766159058,0.9998949766159058,1.0006450414657593,0.9983459711074828,0.9996489882469176,223455007
2023-12-11,1.000195026397705,1.000195026397705,1.0010340213775637,0.9957759976387024,0.9999499917030334,345970674
2023-12-12,1.0003679990768433,1.0003679990768433,1.001289963722229,0.998063027858734,1.0001970529556274,306049666
2023-12-13,1.0001349449157717,1.0001349449157717,1.0024210214614868,0.998104989528656,1.0003360509872437,297470064
2023-12-14,1.0001649856567385,1.0001649856567385,1.0012450218200684,0.9984570145606996,0.9999750256538392,349451707
2023-12-15,0.9982370138168336,0.9982370138168336,1.0005320310592651,0.9977869987487792,1.0001850128173828,242839446
2023-12-16,0.999292016029358,0.999292016029358,1.000736951828003,0.9977740049362184,0.9983850121498108,371406387
2023-12-17,0.9991379976272584,0.9991379976272584,1.000602960586548,0.997668981552124,0.9993289709091188,205593888
2023-12-18,1.000203013420105,1.000203013420105,1.0013060569763184,0.99685400724411,0.9991250038146972,222566928
2023-12-19,0.9997569918632508,0.9997569918632508,1.0011450052261353,0.9976230263710022,1.0001870393753052,292953168
2023-12-20,1.000041961669922,1.000041961669922,1.001109957695007,0.9979749917984008,0.9998250007629396,251133098
2023-12-21,1.0001660585403442,1.0001660585403442,1.0007569789886477,0.9982789754867554,1.0000989437103271,214502485
2023-12-22,1.0003260374069214,1.0003260374069214,1.001114010810852,0.9985600113868712,1.0001050233840942,243828091
2023-12-23,0.9999750256538392,0.9999750256538392,1.0005520582199097,0.9983109831809998,1.0002330541610718,180543827
2023-12-24,0.9995089769363404,0.9995089769363404,1.0008620023727417,0.9979519844055176,1.0000040531158447,157911174
2023-12-25,0.9996160268783568,0.9996160268783568,1.0007970333099363,0.9983590245246888,0.9994159936904908,226135423
2023-12-26,1.000383973121643,1.000383973121643,1.0006200075149536,0.996645987033844,0.9997180104255676,231686753
2023-12-27,1.0003130435943604,1.0003130435943604,1.001484990119934,0.9989410042762756,1.000424027442932,264968316
2023-12-28,0.999737024307251,0.999737024307251,1.001127004623413,0.997704029083252,1.0000699758529663,293430251
2023-12-29,1.000419020652771,1.000419020652771,1.0008339881896973,0.9973980188369752,0.9998109936714172,244283931
2023-12-30,0.9994549751281738,0.9994549751281738,1.0007989406585691,0.9982550144195556,1.0004090070724487,214916196
2023-12-31,0.999413013458252,0.999413013458252,1.0005849599838257,0.9984440207481384,0.9992200136184692,235247576
2024-01-01,1.0005600452423096,1.0005600452423096,1.0013240575790403,0.9984359741210938,0.99932599067688,224210242
2024-01-02,0.9997339844703674,0.9997339844703674,1.0015159845352173,0.9979529976844788,1.0006380081176758,305192563
2024-01-03,0.9996640086174012,0.9996640086174012,1.0011019706726074,0.9952080249786376,0.9997609853744508,373419567
2024-01-04,0.9998540282249452,0.9998540282249452,1.001446008682251,0.9981650114059448,0.9996970295906068,312978171
2024-01-05,1.0002670288085938,1.0002670288085938,1.0013519525527954,0.99823397397995,0.999845027923584,334105198
2024-01-06,0.9997640252113342,0.9997640252113342,1.000767946243286,0.9980649948120116,1.0003269910812378,252506752
2024-01-07,0.999563992023468,0.999563992023468,1.00068998336792,0.9978539943695068,0.9999150037765504,200184311
2024-01-08,0.9997900128364564,0.9997900128364564,1.001966953277588,0.9972609877586364,0.9995329976081848,236443701
2024-01-09,0.9999390244483948,0.9999390244483948,1.0006150007247925,0.9983879923820496,0.9996659755706788,256937108
2024-01-10,0.999978005886078,0.999978005886078,1.000499963760376,0.9996870160102844,0.9999470114707948,280376708
2024-01-11,0.9999439716339112,0.9999439716339112,1.0004719495773315,0.9993749856948853,0.9999150037765504,305643017
2024-01-12,1.000143051147461,1.000143051147461,1.0002470016479492,0.9995589852333068,0.9999359846115112,320989807
2024-01-13,1.0000070333480835,1.0000070333480835,1.0002739429473877,0.9998049736022948,1.0001200437545776,255357893
2024-01-14,0.9997609853744508,0.9997609853744508,1.0002379417419434,0.9996150135993958,1.0000050067901611,149770163
2024-01-15,1.0000070333480835,1.0000070333480835,1.000236988067627,0.999633014202118,0.9997050166130066,296521824
2024-01-16,1.0000170469284058,1.0000170469284058,1.000331997871399,0.9994969964027404,1.0,152602744
2024-01-17,0.9999150037765504,0.9999150037765504,1.0003310441970823,0.9994779825210572,1.0000280141830444,230666604
2024-01-18,0.999904990196228,0.999904990196228,1.0001200437545776,0.9992499947547911,0.99993097782135,163119761
2024-01-19,1.000115990638733,1.000115990638733,1.00027596950531,0.9995909929275512,0.9999030232429504,199760266
2024-01-20,1.000012993812561,1.000012993812561,1.001296043395996,0.9998540282249452,1.000115990638733,205045933
2024-01-21,1.000035047531128,1.000035047531128,1.00033700466156,0.999767005443573,1.0000200271606443,108340492
2024-01-22,0.9997959733009338,0.9997959733009338,1.0002119541168213,0.9995959997177124,1.0000629425048828,275986578
2024-01-23,1.0000760555267334,1.0000760555267334,1.000396966934204,0.9996070265769958,0.999770998954773,224575745
2024-01-24,1.0002119541168213,1.0002119541168213,1.000385046005249,0.9998000264167786,1.0000660419464111,170022504
2024-01-25,1.0004030466079712,1.0004030466079712,1.0007649660110474,0.9998940229415894,1.0002119541168213,229194493
2024-01-26,1.0002299547195437,1.0002299547195437,1.0006719827651978,0.9999250173568726,1.0003910064697266,250731979
2024-01-27,1.000133991241455,1.000133991241455,1.0004220008850098,1.0000890493392944,1.000236988067627,178939390
2024-01-28,1.0001269578933716,1.0001269578933716,1.0003310441970823,0.9998520016670228,1.000148057937622,149972883
2024-01-29,1.000128984451294,1.000128984451294,1.0003960132598877,0.999908983707428,1.0001239776611328,177812861
2024-01-30,1.000133037567139,1.000133037567139,1.0002700090408323,0.9998199939727784,1.0001269578933716,168965408
2024-01-31,0.9998369812965392,0.9998369812965392,1.0002399682998655,0.999671995639801,1.0001280307769775,171771278
2024-02-01,1.0001800060272217,1.0001800060272217,1.0002210140228271,0.99938702583313,0.9998469948768616,125488515
2024-02-02,1.000012993812561,1.000012993812561,1.0003249645233154,0.9996209740638732,1.0001939535140991,127056111
2024-02-03,1.0000489950180054,1.0000489950180054,1.0002009868621826,0.9998340010643004,1.0000189542770386,161118274
2024-02-04,0.9999759793281556,0.9999759793281556,1.0003550052642822,0.9997479915618896,1.0000499486923218,62797125
2024-02-05,0.9999380111694336,0.9999380111694336,1.0002429485321045,0.9996230006217957,0.9999840259552002,122117339
2024-02-06,1.000128984451294,1.000128984451294,1.0004370212554932,0.9996880292892456,0.9999380111694336,141704661
2024-02-07,0.999978005886078,0.999978005886078,1.000349998474121,0.9998260140419006,1.000177025794983,162340434
2024-02-08,1.0000410079956057,1.0000410079956057,1.0001929998397827,0.999688982963562,1.000010967254639,107540867
2024-02-09,1.0003119707107544,1.0003119707107544,1.0004279613494873,0.9998220205307008,1.0000289678573608,135793157
2024-02-10,1.0001929998397827,1.0001929998397827,1.000602960586548,1.0000430345535278,1.0003130435943604,100740194
2024-02-11,1.0000200271606443,1.0000200271606443,1.0003780126571655,0.999862015247345,1.000188946723938,255124317
2024-02-12,0.999891996383667,0.999891996383667,1.0004990100860596,0.999891996383667,1.000025987625122,160595916
2024-02-13,1.0001150369644165,1.0001150369644165,1.000362992286682,0.9996320009231568,0.9999489784240724,152306883
2024-02-14,1.000080943107605,1.000080943107605,1.0003770589828491,0.9997270107269288,1.0001349449157717,151007151
2024-02-15,1.0000879764556885,1.0000879764556885,1.0003039836883545,0.999584972858429,1.000080943107605,117227184
2024-02-16,1.0000410079956057,1.0000410079956057,1.0002670288085938,0.9997079968452454,1.000085949897766,235500138
2024-02-17,0.9998779892921448,0.9998779892921448,1.0000779628753662,0.9996129870414734,1.0000590085983276,99367283
2024-02-18,0.9998930096626282,0.9998930096626282,1.0003540515899658,0.9997519850730896,0.9998800158500672,93702614
2024-02-19,0.99966698884964,0.99966698884964,1.0000289678573608,0.9994329810142516,0.9998909831047058,132422244
2024-02-20,0.999888002872467,0.999888002872467,1.000162959098816,0.9995390176773072,0.999671995639801,165870615
2024-02-21,1.0001709461212158,1.0001709461212158,1.0004030466079712,0.9997469782829284,0.9998980164527892,186133672
2024-02-22,0.9997159838676452,0.9997159838676452,1.0001660585403442,0.9993889927864076,1.000162959098816,142429438
2024-02-23,0.9999030232429504,0.9999030232429504,1.000167965888977,0.9997209906578064,0.9997270107269288,126247759
2024-02-24,1.0001389980316162,1.0001389980316162,1.000264048576355,0.9997249841690063,0.9998769760131836,109500043
2024-02-25,1.000025987625122,1.000025987625122,1.0003700256347656,0.9997860193252563,1.0001399517059326,112152584
2024-02-26,0.999888002872467,0.999888002872467,1.0002460479736328,0.9995480179786682,1.0000200271606443,185685912
2024-02-27,0.9997680187225342,0.9997680187225342,1.0000669956207275,0.9994140267372132,0.999886989593506,417487474
2024-02-28,1.0000619888305664,1.0000619888305664,1.0003050565719604,0.9987720251083374,0.9997529983520508,335747475
2024-02-29,0.9997749924659728,0.9997749924659728,1.000298023223877,0.9994009733200072,1.0000250339508057,297734434
2024-03-01,0.9999859929084778,0.9999859929084778,1.0007480382919312,0.9996449947357178,0.999783992767334,219406496
2024-03-02,0.9998930096626282,0.9998930096626282,1.000527024269104,0.9996610283851624,1.0000050067901611,345646943
2024-03-03,0.999875009059906,0.999875009059906,1.0001180171966553,0.9996029734611512,0.9998639822006226,217624570
2024-03-04,1.0002110004425049,1.0002110004425049,1.0003290176391602,0.9992669820785522,0.9998570084571838,304107415
2024-03-05,0.9999570250511168,0.9999570250511168,1.0002789497375488,0.999028980731964,1.0002549886703491,756690977
2024-03-06,0.9996700286865234,0.9996700286865234,1.0001059770584106,0.999243974685669,0.9999579787254332,964453479
2024-03-07,1.0000079870224,1.0000079870224,1.0007059574127195,0.999355971813202,0.9996700286865234,764137178
2024-03-08,1.0000770092010498,1.0000770092010498,1.000499963760376,0.9992089867591858,1.0000079870224,524782803
2024-03-09,1.000128984451294,1.000128984451294,1.0008070468902588,0.9998540282249452,1.000095009803772,327655680
2024-03-10,0.9997609853744508,0.9997609853744508,1.000349044799805,0.9993910193443298,1.0001310110092163,420698089
2024-03-11,0.9998800158500672,0.9998800158500672,1.0002139806747437,0.9994739890098572,0.9997749924659728,668813995
2024-03-12,1.0000230073928833,1.0000230073928833,1.0003160238265991,0.999504029750824,0.9998800158500672,647606229
2024-03-13,0.9999799728393556,0.9999799728393556,1.0005680322647097,0.9997820258140564,1.0000230073928833,468851335
2024-03-14,0.9998220205307008,0.9998220205307008,1.000270962715149,0.9990469813346864,0.9999799728393556,515454579
2024-03-15,1.0001039505004885,1.0001039505004885,1.0002590417861938,0.9993839859962464,0.9998220205307008,1052659626
2024-03-16,1.0000790357589722,1.0000790357589722,1.0005840063095093,0.9996659755706788,1.000108003616333,822318041
2024-03-17,0.999684989452362,0.999684989452362,1.0003440380096436,0.9996610283851624,1.0000790357589722,486712552
2024-03-18,1.000120997428894,1.000120997428894,1.000519037246704,0.9995399713516236,0.999684989452362,376763988
2024-03-19,0.999888002872467,0.999888002872467,1.0005589723587036,0.999567985534668,1.000120997428894,802495679
2024-03-20,1.000201940536499,1.000201940536499,1.0005240440368652,0.9996060132980348,0.999888002872467,569170278
2024-03-21,1.000174045562744,1.000174045562744,1.000815987586975,0.999791979789734,1.0002009868621826,453352509
2024-03-22,1.000277042388916,1.000277042388916,1.00062894821167,0.9997389912605286,1.0001649856567385,743177552
2024-03-23,1.000251054763794,1.000251054763794,1.0006849765777588,1.000051975250244,1.000277042388916,556385776
2024-03-24,1.0002379417419434,1.0002379417419434,1.0009009838104248,1.0000940561294556,1.0002470016479492,445014185
2024-03-25,1.0000079870224,1.0000079870224,1.0007929801940918,0.9998469948768616,1.0002379417419434,334831527
2024-03-26,0.999904990196228,0.999904990196228,1.000465989112854,0.999779999256134,1.0000079870224,414309880
2024-03-27,1.00005304813385,1.00005304813385,1.000303030014038,0.999737024307251,0.9999060034751892,898898817
2024-03-28,1.0001269578933716,1.0001269578933716,1.0003650188446045,0.9998639822006226,1.0000489950180054,859144184
2024-03-29,1.000025987625122,1.000025987625122,1.0005840063095093,0.9997869729995728,1.0001269578933716,544932954
2024-03-30,1.000208020210266,1.000208020210266,1.0005149841308594,0.9998810291290284,1.000022053718567,318792454
2024-03-31,1.0001009702682495,1.0001009702682495,1.000622034072876,0.9999939799308776,1.000208020210266,207372770
2024-04-01,1.0002319812774658,1.0002319812774658,1.0006109476089478,0.9998549818992616,1.000100016593933,220535448
2024-04-02,0.9999650120735168,0.9999650120735168,1.0003999471664429,0.9996230006217957,1.0002319812774658,473979075
2024-04-03,1.0000239610671997,1.0000239610671997,1.0001590251922607,0.9997950196266174,0.9999650120735168,751554183
2024-04-04,1.0000319480895996,1.0000319480895996,1.0003859996795654,0.9997249841690063,1.0000239610671997,1089806714
2024-04-05,1.0000449419021606,1.0000449419021606,1.0002379417419434,0.999637007713318,1.0000319480895996,776652924
2024-04-06,0.9998800158500672,0.9998800158500672,1.0002870559692385,0.9997310042381288,1.0000449419021606,607591264
2024-04-07,0.9998540282249452,0.9998540282249452,1.0000970363616943,0.9997469782829284,0.9998810291290284,611101443
2024-04-08,0.9999819993972778,0.9999819993972778,1.0002349615097046,0.9997230172157288,0.9998540282249452,528959914
2024-04-09,0.9998980164527892,0.9998980164527892,1.0003039836883545,0.9997379779815674,0.9999819993972778,427618489
2024-04-10,1.0001100301742554,1.0001100301742554,1.0004119873046875,0.9997270107269288,0.999897003173828,350570100
2024-04-11,1.000087022781372,1.000087022781372,1.000349998474121,0.9997860193252563,1.0001100301742554,305072904
2024-04-12,0.9998990297317504,0.9998990297317504,1.0003910064697266,0.9995949864387512,1.000087022781372,555052153
2024-04-13,1.000100016593933,1.000100016593933,1.0010730028152466,0.9995459914207458,0.9999030232429504,860022363
2024-04-14,1.000249981880188,1.000249981880188,1.0004249811172483,0.9996309876441956,1.000100016593933,579506578
2024-04-15,0.9999330043792723,0.9999330043792723,1.0004329681396484,0.9996020197868348,1.000249981880188,464524089
2024-04-16,1.000040054321289,1.000040054321289,1.0004709959030151,0.9998120069503784,0.9999330043792723,629275511
2024-04-17,0.9999729990959167,0.9999729990959167,1.000458002090454,0.9996680021286012,1.000040054321289,812047452
2024-04-18,1.0000289678573608,1.0000289678573608,1.0004090070724487,0.9998589754104614,0.9999729990959167,287247589
2024-04-19,1.0001519918441772,1.0001519918441772,1.000614047050476,0.9997040033340454,1.0000289678573608,1142968784
2024-04-20,1.0002059936523438,1.0002059936523438,1.0005120038986206,0.9999889731407166,1.0001540184020996,696004564
2024-04-21,1.000169038772583,1.000169038772583,1.0004669427871704,0.9999510049819946,1.0002069473266602,343513151
2024-04-22,1.0001360177993774,1.0001360177993774,1.000728964805603,1.0000319480895996,1.000177025794983,356383084
2024-04-23,0.9999899864196776,0.9999899864196776,1.0005509853363037,0.9999020099639891,1.0001360177993774,454682917
2024-04-24,0.999978005886078,0.999978005886078,1.0003039836883545,0.9996259808540344,0.9999889731407166,429367843
2024-04-25,0.999966025352478,0.999966025352478,1.0004420280456543,0.9997490048408508,0.9999920129776,520662914
2024-04-26,0.9999250173568726,0.9999250173568726,1.0003830194473269,0.9998189806938172,0.999966025352478,655941322
2024-04-27,0.9997959733009338,0.9997959733009338,1.0002299547195437,0.9996539950370787,0.9999250173568726,547341761
2024-04-28,1.000054955482483,1.000054955482483,1.0003869533538818,0.9997379779815674,0.9997959733009338,639625289
2024-04-29,1.0002130270004272,1.0002130270004272,1.0004329681396484,0.9998260140419006,1.000054955482483,658378901
2024-04-30,0.9998909831047058,0.9998909831047058,1.0003999471664429,0.9994080066680908,1.0002130270004272,668355865
2024-05-01,0.9997550249099731,0.9997550249099731,1.000175952911377,0.999576985836029,0.9998779892921448,817654846
2024-05-02,1.0001399517059326,1.0001399517059326,1.0007179975509644,0.9997400045394896,0.9997550249099731,643349405
2024-05-03,1.0004839897155762,1.0004839897155762,1.0006840229034424,0.999983012676239,1.0001399517059326,701626657
2024-05-04,1.000080943107605,1.000080943107605,1.0006099939346311,0.9999979734420776,1.0004839897155762,646982546
2024-05-05,1.0001300573349,1.0001300573349,1.0004539489746094,0.999921977519989,1.000080943107605,565103348
2024-05-06,1.00006902217865,1.00006902217865,1.0004329681396484,0.9998810291290284,1.0001300573349,677236108
2024-05-07,1.0000890493392944,1.0000890493392944,1.0003989934921265,0.9997910261154176,1.00006902217865,593326614
2024-05-08,0.999871015548706,0.999871015548706,1.0003730058670044,0.9996910095214844,1.0000900030136108,711322908
2024-05-09,1.0000629425048828,1.0000629425048828,1.000288009643555,0.9996830224990844,0.999871015548706,619673158
2024-05-10,0.9999030232429504,0.9999030232429504,1.0007749795913696,0.9997159838676452,1.000072002410889,618043532
2024-05-11,0.9999110102653505,0.9999110102653505,1.0001670122146606,0.9997270107269288,0.9999030232429504,741923652
2024-05-12,0.9998080134391784,0.9998080134391784,1.000239014625549,0.9994630217552184,0.9999039769172668,572981955
2024-05-13,0.9999960064888,0.9999960064888,1.000175952911377,0.9997569918632508,0.9998070001602172,684188090
2024-05-14,0.9998840093612672,0.9998840093612672,1.0002679824829102,0.999559998512268,0.9999960064888,797070857
2024-05-15,0.9999390244483948,0.9999390244483948,1.000573992729187,0.9997479915618896,0.999886989593506,729049935
2024-05-16,0.9999079704284668,0.9999079704284668,1.000349044799805,0.999710977077484,0.9999430179595948,483779907
2024-05-17,1.0000540018081665,1.0000540018081665,1.0003260374069214,0.999845027923584,0.999908983707428,538183294
2024-05-18,1.0000280141830444,1.0000280141830444,1.0004069805145264,0.999925971031189,1.0000540018081665,617527975
2024-05-19,0.9998859763145448,0.9998859763145448,1.0002670288085938,0.9997990131378174,1.0000289678573608,523149353
2024-05-20,0.9999150037765504,0.9999150037765504,1.0004160404205322,0.9998090267181396,0.9998859763145448,821226566
2024-05-21,0.9999099969863892,0.9999099969863892,1.00006902217865,0.9996079802513124,0.9998949766159058,642257625
2024-05-22,0.9998549818992616,0.9998549818992616,1.0001989603042605,0.9996830224990844,0.9999099969863892,407229316
2024-05-23,0.9998229742050172,0.9998229742050172,1.000412940979004,0.9994850158691406,0.9998549818992616,423664361
2024-05-24,0.999867022037506,0.999867022037506,1.000324010848999,0.9995409846305848,0.9998220205307008,316190561
2024-05-25,1.0000059604644775,1.0000059604644775,1.000303030014038,0.9997910261154176,0.9998589754104614,263631076
2024-05-26,0.9998819828033448,0.9998819828033448,1.000113010406494,0.9996799826622008,1.0000059604644775,186517810
2024-05-27,0.9997900128364564,0.9997900128364564,1.00035297870636,0.9994959831237792,0.9998819828033448,308103677
2024-05-28,0.9997590184211732,0.9997590184211732,1.0000779628753662,0.999464988708496,0.9997900128364564,232621322
2024-05-29,0.9997659921646118,0.9997659921646118,1.00027596950531,0.9995369911193848,0.9997659921646118,307689180
2024-05-30,1.000108003616333,1.000108003616333,1.000602960586548,0.9996659755706788,0.9997680187225342,334538709
2024-05-31,0.999875009059906,0.999875009059906,1.0004149675369265,0.999633014202118,1.000108003616333,300234663
2024-06-01,0.9999650120735168,0.9999650120735168,1.0001039505004885,0.9997410178184508,0.999875009059906,222163762
2024-06-02,0.9998570084571838,0.9998570084571838,1.0001599788665771,0.9997329711914062,0.9999650120735168,234992599
2024-06-03,1.0000460147857666,1.0000460147857666,1.0003830194473269,0.999688982963562,0.999858021736145,374126019
2024-06-04,1.0003269910812378,1.0003269910812378,1.0005199909210205,0.9998040199279784,1.0000460147857666,319616297
2024-06-05,1.0000829696655271,1.0000829696655271,1.0005669593811035,0.9998239874839784,1.0003269910812378,298053305
2024-06-06,0.9997439980506896,0.9997439980506896,1.0001660585403442,0.9996320009231568,1.0000829696655271,245264170
2024-06-07,0.999983012676239,0.999983012676239,1.0001460313796997,0.9992629885673524,0.999750018119812,303035854
2024-06-08,0.9998689889907836,0.9998689889907836,1.000085949897766,0.9997090101242064,0.9999139904975892,387763508
2024-06-09,0.9998949766159058,0.9998949766159058,1.000074028968811,0.9997419714927672,0.9998769760131836,421483512
2024-06-10,0.9998499751091005,0.9998499751091005,0.9999380111694336,0.9996320009231568,0.9998850226402284,416329076
2024-06-11,1.000010967254639,1.000010967254639,1.0002540349960327,0.9996150135993958,0.9998289942741394,275956280
2024-06-12,1.0000189542770386,1.0000189542770386,1.0002570152282717,0.9997689723968506,1.0000070333480835,335167827
2024-06-13,0.9998360276222228,0.9998360276222228,1.0001569986343384,0.9997100234031676,1.0000289678573608,295237280
2024-06-14,0.9998559951782228,0.9998559951782228,1.0000979900360107,0.9996489882469176,0.9998220205307008,419647596
2024-06-15,0.9998630285263062,0.9998630285263062,1.0001310110092163,0.9996680021286012,0.9998900294303894,326399200
2024-06-16,1.0000269412994385,1.0000269412994385,1.000100016593933,0.9997360110282898,0.9998949766159058,331790554
2024-06-17,1.0000009536743164,1.0000009536743164,1.0001709461212158,0.9995959997177124,1.000020980834961,363090027
2024-06-18,0.9999449849128724,0.9999449849128724,1.000404953956604,0.9997190237045288,0.9999920129776,698180511
2024-06-19,1.0000660419464111,1.0000660419464111,1.0003310441970823,0.9996820092201232,0.9999399781227112,469442545
2024-06-20,0.9999690055847168,0.9999690055847168,1.0002199411392212,0.9996219873428344,1.0000660419464111,479965468
2024-06-21,1.0001200437545776,1.0001200437545776,1.000331997871399,0.9996920228004456,0.9999610185623168,432688046
2024-06-22,1.0001239776611328,1.0001239776611328,1.0003299713134766,0.9999150037765504,1.0001620054244995,286200896
2024-06-23,0.9998990297317504,0.9998990297317504,1.0003900527954102,0.9997689723968506,1.0001089572906494,225594733
2024-06-24,0.9999110102653505,0.9999110102653505,1.0003180503845217,0.9997689723968506,0.999897003173828,517218304
2024-06-25,1.0000660419464111,1.0000660419464111,1.000301957130432,0.999862015247345,0.9998779892921448,379447233
2024-06-26,0.9999240040779114,0.9999240040779114,1.0002130270004272,0.9997609853744508,1.0000669956207275,319759830
2024-06-27,0.9997490048408508,0.9997490048408508,1.000164031982422,0.9994199872016908,0.9999039769172668,407366033
2024-06-28,0.9998199939727784,0.9998199939727784,1.0001070499420166,0.9994739890098572,0.999763011932373,404704827
2024-06-29,0.999779999256134,0.999779999256134,0.9999859929084778,0.9996520280838012,0.9998229742050172,302092507
2024-06-30,0.9998189806938172,0.9998189806938172,1.0001059770584106,0.9996640086174012,0.9997990131378174,327921945
2024-07-01,0.9999920129776,0.9999920129776,1.0002180337905884,0.9996340274810792,0.9997569918632508,452455363
2024-07-02,0.9998040199279784,0.9998040199279784,1.0001850128173828,0.9996700286865234,0.9999909996986388,485803034
2024-07-03,0.9999679923057556,0.9999679923057556,1.0003880262374878,0.9995949864387512,0.9998120069503784,491997734
2024-07-04,1.00006103515625,1.00006103515625,1.00028395652771,0.9997569918632508,0.9999330043792723,623111078
2024-07-05,1.000216007232666,1.000216007232666,1.0004299879074097,0.9998700022697448,1.0000629425048828,1293555178
2024-07-06,1.0001150369644165,1.0001150369644165,1.00039803981781,0.9999189972877502,1.000241994857788,806253866
2024-07-07,0.9997249841690063,0.9997249841690063,1.0001380443572998,0.9996140003204346,1.0000710487365725,812023081
2024-07-08,0.999845027923584,0.999845027923584,1.00101900100708,0.99965500831604,0.9996820092201232,840682155
2024-07-09,1.0000629425048828,1.0000629425048828,1.0004359483718872,0.9997689723968506,0.9998300075531006,799913117
2024-07-10,0.9999690055847168,0.9999690055847168,1.0006150007247925,0.9998649954795836,1.0000959634780884,126527662
2024-07-11,0.999948024749756,0.999948024749756,1.0004459619522097,0.9998649954795836,0.9999769926071168,184127604
2024-07-12,1.0002470016479492,1.0002470016479492,1.0004099607467651,0.9996799826622008,0.999966025352478,268273295
2024-07-13,1.0000280141830444,1.0000280141830444,1.0005459785461426,0.9997929930686952,1.000257968902588,64219518
2024-07-14,1.0000369548797607,1.0000369548797607,1.00061297416687,0.9998700022697448,1.000038981437683,129943340
2024-07-15,1.0000829696655271,1.0000829696655271,1.0006190538406372,0.999912977218628,1.0000029802322388,142181648
2024-07-16,1.000080943107605,1.000080943107605,1.0004229545593262,0.9997389912605286,1.0000970363616943,183327981
2024-07-17,0.9998739957809448,0.9998739957809448,1.0003290176391602,0.9996389746665956,1.000080943107605,125978781
2024-07-18,0.9999849796295166,0.9999849796295166,1.0004620552062988,0.9996700286865234,0.999912977218628,135700454
2024-07-19,1.000141978263855,1.000141978263855,1.000491976737976,0.9996600151062012,0.999974012374878,176984650
2024-07-20,0.9999430179595948,0.9999430179595948,1.0003700256347656,0.999809980392456,1.0001399517059326,43604159
2024-07-21,0.9999330043792723,0.9999330043792723,1.0003379583358765,0.9996650218963624,0.9999430179595948,83553701
2024-07-22,0.9999750256538392,0.9999750256538392,1.0002449750900269,0.9996190071105956,0.9999330043792723,114161394
2024-07-23,0.9998999834060668,0.9998999834060668,1.0004080533981323,0.9996010065078736,0.9999750256538392,183622879
2024-07-24,0.9999989867210388,0.9999989867210388,1.00034499168396,0.999580979347229,0.9998990297317504,163666244
2024-07-25,0.9997979998588562,0.9997979998588562,1.000177025794983,0.9995089769363404,0.9999970197677612,207653048
2024-07-26,0.9999679923057556,0.9999679923057556,1.0002559423446655,0.9997850060462952,0.9997990131378174,119472723
2024-07-27,0.9998819828033448,0.9998819828033448,1.0002280473709106,0.999680995941162,0.9999709725379944,130386209
2024-07-28,0.9999409914016724,0.9999409914016724,1.0004730224609375,0.9997649788856506,0.9998840093612672,101482050
2024-07-29,0.9998400211334229,0.9998400211334229,1.0004199743270874,0.9996529817581176,0.9999390244483948,128819528
2024-07-30,0.9998649954795836,0.9998649954795836,1.0003750324249268,0.9997310042381288,0.9998400211334229,103795846
2024-07-31,0.9997940063476562,0.9997940063476562,1.00027596950531,0.9995999932289124,0.9998639822006226,75032904
2024-08-01,0.9998289942741394,0.9998289942741394,1.000067949295044,0.999446988105774,0.9997940063476562,132789360
2024-08-02,0.9997529983520508,0.9997529983520508,1.000465989112854,0.9995589852333068,0.9998289942741394,150321017
2024-08-03,0.9998210072517396,0.9998210072517396,1.0004520416259766,0.9995049834251404,0.9997529983520508,113695905
2024-08-04,0.9998210072517396,0.9998210072517396,1.000251054763794,0.999455988407135,0.9998210072517396,170218255
2024-08-05,0.9999060034751892,0.9999060034751892,1.0005029439926147,0.999364972114563,0.9998189806938172,623235429
2024-08-06,0.9998229742050172,0.9998229742050172,1.0004650354385376,0.9997869729995728,0.9999060034751892,215059746
2024-08-07,0.9997979998588562,0.9997979998588562,1.00033700466156,0.9996259808540344,0.9998210072517396,170859316
2024-08-08,0.9999319911003112,0.9999319911003112,1.0005730390548706,0.9997450113296508,0.9998000264167786,144299554
2024-08-09,1.0000289678573608,1.0000289678573608,1.00029194355011,0.9996960163116456,0.9999319911003112,125056490
2024-08-10,0.9999030232429504,0.9999030232429504,1.000300049781799,0.9997299909591676,1.0000289678573608,70649569
2024-08-11,0.9998000264167786,0.9998000264167786,1.0002659559249878,0.9995989799499512,0.9999079704284668,76670126
2024-08-12,0.9999639987945556,0.9999639987945556,1.0003310441970823,0.9996799826622008,0.9998000264167786,107575578
2024-08-13,0.999948024749756,0.999948024749756,1.000319004058838,0.9996799826622008,0.9999639987945556,112812351
2024-08-14,0.999983012676239,0.999983012676239,1.0003310441970823,0.999642014503479,0.9999439716339112,106691137
2024-08-15,0.9998040199279784,0.9998040199279784,1.0003199577331543,0.9996039867401124,0.999983012676239,113282569
2024-08-16,1.0000040531158447,1.0000040531158447,1.000249981880188,0.9995610117912292,0.999800980091095,97135014
2024-08-17,0.9999650120735168,0.9999650120735168,1.000201940536499,0.9997199773788452,1.0000040531158447,75698599
2024-08-18,0.9998540282249452,0.9998540282249452,1.000319004058838,0.9996989965438844,0.9999650120735168,75437788
2024-08-19,0.9999880194664,0.9999880194664,1.0006120204925537,0.9995890259742736,0.9998520016670228,85291701
2024-08-20,0.999862015247345,0.999862015247345,1.0004609823226929,0.999705970287323,0.9999880194664,102738500
2024-08-21,0.9999589920043944,0.9999589920043944,1.0004299879074097,0.99965900182724,0.9997889995574952,96350599
2024-08-22,0.9999499917030334,0.9999499917030334,1.0002590417861938,0.999705970287323,0.9999589920043944,94647574
2024-08-23,1.0000430345535278,1.0000430345535278,1.000784993171692,0.9997850060462952,0.9999499917030334,121020284
2024-08-24,0.9999679923057556,0.9999679923057556,1.0005780458450315,0.9998090267181396,1.0000430345535278,87802585
2024-08-25,0.9999759793281556,0.9999759793281556,1.000249981880188,0.9998589754104614,0.9999679923057556,64866793
2024-08-26,0.9998679757118224,0.9998679757118224,1.0002700090408323,0.9996320009231568,0.999974012374878,92876686
2024-08-27,0.9999570250511168,0.9999570250511168,1.0002540349960327,0.9995790123939514,0.9998679757118224,111986589
2024-08-28,0.9998540282249452,0.9998540282249452,1.0003039836883545,0.9996190071105956,0.9999570250511168,111472758
2024-08-29,0.9999920129776,0.9999920129776,1.0005619525909424,0.9997529983520508,0.999853014945984,73932346
2024-08-30,0.9999510049819946,0.9999510049819946,1.0003210306167605,0.9996280074119568,0.9999920129776,89690313
2024-08-31,0.9999200105667114,0.9999200105667114,1.000223994255066,0.9996309876441956,0.9999489784240724,55164929
2024-09-01,0.9998859763145448,0.9998859763145448,1.0004359483718872,0.9996870160102844,0.9999200105667114,89996303
2024-09-02,0.999879002571106,0.999879002571106,1.0003730058670044,0.9997689723968506,0.999886989593506,91107898
2024-09-03,0.9998639822006226,0.9998639822006226,1.0002180337905884,0.9996439814567566,0.999879002571106,61729965
2024-09-04,0.999948024749756,0.999948024749756,1.0003440380096436,0.9997950196266174,0.999871015548706,116164479
2024-09-05,0.9998080134391784,0.9998080134391784,1.0004990100860596,0.9997379779815674,0.9999489784240724,60766087
2024-09-06,1.0001709461212158,1.0001709461212158,1.0003989934921265,0.9995949864387512,0.9998080134391784,124327519
2024-09-07,1.0000139474868774,1.0000139474868774,1.000440001487732,0.9999319911003112,1.0001709461212158,74179399
2024-09-08,1.0000410079956057,1.0000410079956057,1.0004559755325315,0.9997770190238952,1.0000139474868774,46489823
2024-09-09,1.000082015991211,1.000082015991211,1.0004730224609375,0.9997770190238952,1.0000410079956057,86637198
2024-09-10,0.9999189972877502,0.9999189972877502,1.000393033027649,0.9996029734611512,1.0000790357589722,59564573
2024-09-11,1.000048041343689,1.000048041343689,1.0002830028533936,0.9996569752693176,0.9999189972877502,134681503
2024-09-12,1.0000590085983276,1.0000590085983276,1.0004459619522097,0.9998409748077391,1.000048041343689,51084728
2024-09-13,1.0002989768981934,1.0002989768981934,1.0005110502243042,0.9998509883880616,1.0000590085983276,52665549
2024-09-14,1.0000020265579224,1.0000020265579224,1.0004440546035769,0.999800980091095,1.0002930164337158,40295155
2024-09-15,0.9997929930686952,0.9997929930686952,1.000257968902588,0.9995089769363404,1.0000020265579224,39955290
2024-09-16,0.999867022037506,0.999867022037506,1.000349998474121,0.9995890259742736,0.9997929930686952,70211752
2024-09-17,0.999871015548706,0.999871015548706,1.000309944152832,0.9996820092201232,0.9998660087585448,62694220
2024-09-18,1.0000200271606443,1.0000200271606443,1.0004340410232544,0.9997329711914062,0.999871015548706,82168721
2024-09-19,1.0000959634780884,1.0000959634780884,1.0007460117340088,0.9998589754104614,1.0000200271606443,71475233
2024-09-20,1.0000079870224,1.0000079870224,1.000499963760376,0.9998940229415894,1.0000940561294556,90731777
2024-09-21,1.0001109838485718,1.0001109838485718,1.0005760192871094,0.9998760223388672,1.0000079870224,77833061
2024-09-22,1.0000840425491333,1.0000840425491333,1.0006159543991089,1.000010967254639,1.0001109838485718,62567913
2024-09-23,0.9999619722366332,0.9999619722366332,1.0006059408187866,0.999813973903656,1.0000840425491333,76058543
2024-09-24,1.000020980834961,1.000020980834961,1.00027596950531,0.9997079968452454,0.9999619722366332,70790943
2024-09-25,1.000022053718567,1.000022053718567,1.000208020210266,0.9994940161705016,1.0000250339508057,79288036
2024-09-26,1.000095009803772,1.000095009803772,1.0004359483718872,0.9997040033340454,1.000022053718567,97477056
2024-09-27,0.9999570250511168,0.9999570250511168,1.0004229545593262,0.9997389912605286,1.000095009803772,85307884
2024-09-28,0.9998319745063782,0.9998319745063782,1.0002319812774658,0.9996799826622008,0.9999570250511168,62998598
2024-09-29,0.999879002571106,0.999879002571106,1.000182032585144,0.99958997964859,0.9998199939727784,45367369
2024-09-30,0.9997810125350952,0.9997810125350952,1.0002449750900269,0.9995579719543456,0.999879002571106,94638707
2024-10-01,1.000102996826172,1.000102996826172,1.0004940032958984,0.9994879961013794,0.9997810125350952,119752013
2024-10-02,0.9999989867210388,0.9999989867210388,1.000715970993042,0.9996299743652344,1.000100016593933,89744440
2024-10-03,0.9998840093612672,0.9998840093612672,1.000506043434143,0.999688982963562,0.9999989867210388,121953843
2024-10-04,0.9998729825019836,0.9998729825019836,1.0003269910812378,0.9997339844703674,0.9998840093612672,77678968
2024-10-05,0.9999030232429504,0.9999030232429504,1.0002720355987549,0.9996060132980348,0.9998729825019836,47403442
2024-10-06,0.9997829794883728,0.9997829794883728,1.0001230239868164,0.9995459914207458,0.999921977519989,73518559
2024-10-07,0.9998310208320618,0.9998310208320618,1.0001089572906494,0.9995020031929016,0.9997829794883728,74634974
2024-10-08,0.9998440146446228,0.9998440146446228,1.0002559423446655,0.999584972858429,0.9998310208320618,107764331
2024-10-09,0.9996179938316344,0.9996179938316344,1.0001260042190552,0.9995319843292236,0.9998419880867004,81913202
2024-10-10,0.9998499751091005,0.9998499751091005,1.00035297870636,0.9994590282440186,0.9996439814567566,115980968
2024-10-11,0.9998660087585448,0.9998660087585448,1.0002009868621826,0.9996479749679564,0.9998509883880616,87026413
2024-10-12,0.999886989593506,0.999886989593506,1.0003440380096436,0.9995669722557068,0.9998660087585448,57221721
2024-10-13,0.999796986579895,0.999796986579895,1.000041961669922,0.9994000196456908,0.999886989593506,58671569
2024-10-14,0.999879002571106,0.999879002571106,1.0002789497375488,0.9993969798088074,0.999796986579895,98736261
2024-10-15,0.9999960064888,0.9999960064888,1.0003349781036377,0.9995319843292236,0.9998800158500672,92579466
2024-10-16,0.999805986881256,0.999805986881256,1.0003440380096436,0.9995250105857848,0.9999960064888,83190689
2024-10-17,0.9998660087585448,0.9998660087585448,1.0000540018081665,0.9993749856948853,0.9997940063476562,66997815
2024-10-18,0.9998109936714172,0.9998109936714172,1.0000289678573608,0.9992719888687134,0.9998540282249452,77343915
2024-10-19,0.9997860193252563,0.9997860193252563,1.0001460313796997,0.9995499849319458,0.9998109936714172,44236959
2024-10-20,0.9997259974479676,0.9997259974479676,1.0001120567321775,0.9996100068092346,0.999787986278534,70803889
2024-10-21,0.9997529983520508,0.9997529983520508,1.0000840425491333,0.9995589852333068,0.9997249841690063,149632784
2024-10-22,0.9997159838676452,0.9997159838676452,0.9999970197677612,0.9994800090789796,0.9997529983520508,77292552
2024-10-23,0.9999499917030334,0.9999499917030334,0.9999809861183168,0.999334990978241,0.9997159838676452,92809588
2024-10-24,0.9999290108680724,0.9999290108680724,0.9999989867210388,0.9994829893112184,0.9997429847717284,77306302
2024-10-25,0.9996730089187622,0.9996730089187622,1.0001380443572998,0.999185025691986,0.9999290108680724,137930119
2024-10-26,0.9997050166130066,0.9997050166130066,1.000270962715149,0.9994279742240906,0.9996730089187622,70698103
2024-10-27,0.9997929930686952,0.9997929930686952,1.0000269412994385,0.9994580149650574,0.9997050166130066,44441167
2024-10-28,0.9998769760131836,0.9998769760131836,1.0004849433898926,0.9994850158691406,0.9997929930686952,87891030
2024-10-29,0.9999420046806335,0.9999420046806335,1.00075101852417,0.9996610283851624,0.9998769760131836,115431469
2024-10-30,0.9998160004615784,0.9998160004615784,1.000417947769165,0.9996600151062012,0.9999489784240724,82432645
2024-10-31,0.999761998653412,0.999761998653412,1.0005329847335815,0.9994590282440186,0.9998189806938172,119321108
2024-11-01,0.9997490048408508,0.9997490048408508,1.0000959634780884,0.999305009841919,0.9997659921646118,91694723
2024-11-02,0.9999489784240724,0.9999489784240724,1.0002479553222656,0.9995219707489014,0.9997490048408508,43195258
2024-11-03,0.9999889731407166,0.9999889731407166,1.0002330541610718,0.9996020197868348,0.9999489784240724,71998070
2024-11-04,0.9999709725379944,0.9999709725379944,1.0003770589828491,0.9996100068092346,0.999987006187439,73620122
2024-11-05,0.9999799728393556,0.9999799728393556,1.0006660223007202,0.9998080134391784,0.9999709725379944,82896690
2024-11-06,0.9998250007629396,0.9998250007629396,1.0005199909210205,0.9995390176773072,0.999974012374878,190979952
2024-11-07,0.99965500831604,0.99965500831604,1.0003780126571655,0.999396026134491,0.9998260140419006,191840061
2024-11-08,0.9997050166130066,0.9997050166130066,1.0002950429916382,0.9995009899139404,0.99965500831604,147736612
2024-11-09,0.9998080134391784,0.9998080134391784,1.0001959800720217,0.9995440244674684,0.9997050166130066,90463844
2024-11-10,0.999858021736145,0.999858021736145,1.0001790523529053,0.9993000030517578,0.999796986579895,130592930
2024-11-11,0.999779999256134,0.999779999256134,1.000380039215088,0.9993979930877686,0.999858021736145,216404342
2024-11-12,0.9997349977493286,0.9997349977493286,1.0003149509429932,0.998874008655548,0.999779999256134,261590564
2024-11-13,0.999871015548706,0.999871015548706,1.00027596950531,0.99898499250412,0.999737024307251,208356583
2024-11-14,0.9997739791870116,0.9997739791870116,1.0000989437103271,0.9991610050201416,0.999871015548706,159702853
2024-11-15,0.9998189806938172,0.9998189806938172,1.0001529455184937,0.999517023563385,0.9997659921646118,144862323
2024-11-16,0.9998300075531006,0.9998300075531006,1.0001460313796997,0.999571979045868,0.9998350143432616,75004422
2024-11-17,0.9999549984931946,0.9999549984931946,1.0001020431518557,0.9993829727172852,0.9998300075531006,88374590
2024-11-18,0.999921977519989,0.999921977519989,1.000527024269104,0.9996880292892456,0.9999549984931946,134762449
2024-11-19,0.9999560117721558,0.9999560117721558,1.0001319646835327,0.9993339776992798,0.9999229907989502,147004945
2024-11-20,0.9996569752693176,0.9996569752693176,1.0000640153884888,0.9994670152664183,0.9999570250511168,156238178
2024-11-21,1.0000170469284058,1.0000170469284058,1.000993013381958,0.9996100068092346,0.9996560215950012,187653112
2024-11-22,1.0000289678573608,1.0000289678573608,1.0004760026931765,0.9993410110473632,1.0000059604644775,147159586
2024-11-23,0.9996119737625122,0.9996119737625122,1.0003600120544434,0.9994850158691406,1.0000289678573608,152457174
2024-11-24,1.0001569986343384,1.0001569986343384,1.0007610321044922,0.9993510246276855,0.9996160268783568,100403043
2024-11-25,0.9997040033340454,0.9997040033340454,1.0003639459609983,0.999101996421814,1.0001569986343384,209445709
2024-11-26,0.9998390078544616,0.9998390078544616,1.0004620552062988,0.999360978603363,0.9996989965438844,238841040
2024-11-27,0.999871015548706,0.999871015548706,1.000938057899475,0.9994810223579408,0.9998369812965392,173682769
2024-11-28,0.999879002571106,0.999879002571106,1.0002230405807495,0.9995909929275512,0.9998859763145448,127547753
2024-11-29,0.9997410178184508,0.9997410178184508,1.0003900527954102,0.9994890093803406,0.9998810291290284,126597366
2024-11-30,0.9998689889907836,0.9998689889907836,1.0002529621124268,0.9993680119514464,0.9997410178184508,92593752
2024-12-01,1.0001440048217771,1.0001440048217771,1.000458002090454,0.9995009899139404,0.9998509883880616,81123294
2024-12-02,1.000180959701538,1.000180959701538,1.0003520250320437,0.999347984790802,1.0001440048217771,302367973
2024-12-03,1.0001380443572998,1.0001380443572998,1.000520944595337,0.9994120001792908,1.0001879930496216,176374998
2024-12-04,1.0001620054244995,1.0001620054244995,1.0011839866638184,0.9996060132980348,1.0001380443572998,165689057
2024-12-05,1.0000029802322388,1.0000029802322388,1.0005860328674316,0.9996650218963624,1.000164031982422,184106934
2024-12-06,1.000113010406494,1.000113010406494,1.000725030899048,0.9995740056037904,0.9998769760131836,201140911
2024-12-07,1.0001319646835327,1.0001319646835327,1.0005669593811035,0.9997320175170898,1.000113010406494,129642937
2024-12-08,1.000072002410889,1.000072002410889,1.00075101852417,0.9998090267181396,1.0003550052642822,152252888
2024-12-09,1.0002720355987549,1.0002720355987549,1.0006150007247925,0.9995149970054626,1.000048041343689,218537185
2024-12-10,1.0000439882278442,1.0000439882278442,1.0003730058670044,0.999580979347229,1.0002460479736328,133467181
2024-12-11,1.0000619888305664,1.0000619888305664,1.0008610486984253,0.9996349811553956,1.0000640153884888,117411789
2024-12-12,0.9999849796295166,0.9999849796295166,1.000520944595337,0.9996010065078736,1.0000619888305664,135758833
2024-12-13,1.000048041343689,1.000048041343689,1.0006020069122314,0.9998239874839784,0.999983012676239,127037578
2024-12-14,0.9999160170555116,0.9999160170555116,1.000756025314331,0.9994850158691406,1.000048041343689,105713550
2024-12-15,0.99993097782135,0.99993097782135,1.0002820491790771,0.9995700120925904,0.9999160170555116,110328924
2024-12-16,1.000120997428894,1.000120997428894,1.0004390478134155,0.9994500279426576,0.9999330043792723,173393002
2024-12-17,0.9999549984931946,0.9999549984931946,1.0003039836883545,0.9993799924850464,1.000120997428894,96792931
2024-12-18,0.9997869729995728,0.9997869729995728,1.0001749992370603,0.9993020296096802,0.9999359846115112,132898238
2024-12-19,0.9999240040779114,0.9999240040779114,1.000823974609375,0.9992179870605468,0.9997869729995728,198741624
2024-12-20,1.000035047531128,1.000035047531128,1.0004379749298096,0.9993979930877686,0.9999210238456726,227766394
2024-12-21,1.0001300573349,1.0001300573349,1.0010379552841189,0.9997169971466064,1.000035047531128,164004869
2024-12-22,0.9996520280838012,0.9996520280838012,1.000648021697998,0.9993910193443298,1.0001180171966553,168777328
2024-12-23,0.9996539950370787,0.9996539950370787,1.000128984451294,0.999360978603363,0.9996489882469176,162123396
2024-12-24,1.000148057937622,1.000148057937622,1.000391960144043,0.9994999766349792,0.9996539950370787,144803653
2024-12-25,1.000108003616333,1.000108003616333,1.0002399682998655,0.9995279908180236,1.000146985054016,115355291
2024-12-26,0.9997640252113342,0.9997640252113342,1.000332951545715,0.9994459748268129,1.0001070499420166,128937558
2024-12-27,0.9996179938316344,0.9996179938316344,1.0003620386123655,0.9993799924850464,0.9997609853744508,113117228
2024-12-28,0.9998599886894226,0.9998599886894226,1.0003169775009155,0.9994770288467408,0.9996179938316344,117758070
2024-12-29,0.9999920129776,0.9999920129776,1.0005619525909424,0.9995840191841124,0.999853014945984,126412270
2024-12-30,0.9997900128364564,0.9997900128364564,1.0006389617919922,0.9995129704475404,0.9999909996986388,184329356
2024-12-31,0.9996860027313232,0.9996860027313232,1.0004680156707764,0.999426007270813,0.999787986278534,107701052
2025-01-01,0.9997929930686952,0.9997929930686952,1.0117130279541016,0.9992719888687134,0.9996860027313232,135438825
2025-01-02,0.9998890161514282,0.9998890161514282,1.0007820129394531,0.9994710087776184,0.9997929930686952,128561422
2025-01-03,1.000177025794983,1.000177025794983,1.0005249977111816,0.99966299533844,0.9998890161514282,123800425
2025-01-04,1.000301957130432,1.000301957130432,1.000486969947815,0.9998639822006226,1.000177025794983,97376055
2025-01-05,1.0000239610671997,1.0000239610671997,1.00068199634552,0.999858021736145,1.0003149509429932,82904806
2025-01-06,1.0002659559249878,1.0002659559249878,1.000581979751587,0.9997730255126952,1.0000239610671997,122104566
2025-01-07,1.000025987625122,1.000025987625122,1.0004860162734983,0.9995139837265016,1.0002609491348269,125436329
2025-01-08,0.9999570250511168,0.9999570250511168,1.0003600120544434,0.9996340274810792,1.000025987625122,97127252
2025-01-09,1.0001389980316162,1.0001389980316162,1.0004149675369265,0.9996219873428344,0.9999430179595948,121207435
2025-01-10,1.0001709461212158,1.0001709461212158,1.0006239414215088,0.9997699856758118,1.0001319646835327,101239487
2025-01-11,1.0001239776611328,1.0001239776611328,1.0004019737243652,0.9998019933700562,1.0001709461212158,76217572
2025-01-12,1.0000029802322388,1.0000029802322388,1.0002650022506714,0.9997410178184508,1.0001239776611328,51795443
2025-01-13,1.0001460313796997,1.0001460313796997,1.0005300045013428,0.9996349811553956,1.0000070333480835,140995236
2025-01-14,0.9999439716339112,0.9999439716339112,1.0004609823226929,0.9997270107269288,1.0001369714736938,97164840
2025-01-15,1.0003249645233154,1.0003249645233154,1.00067400932312,0.999787986278534,0.9999430179595948,106770837
2025-01-16,1.000072002410889,1.000072002410889,1.0003910064697266,0.9994800090789796,1.0003459453582764,85805078
2025-01-17,1.000116944313049,1.000116944313049,1.000723958015442,0.9995819926261902,1.0000710487365725,109508708
2025-01-18,0.9998379945755004,0.9998379945755004,1.000548005104065,0.9994059801101683,1.0001189708709717,131839595
2025-01-19,0.9998700022697448,0.9998700022697448,1.000201940536499,0.99925297498703,0.9998379945755004,159702212
2025-01-20,0.9999200105667114,0.9999200105667114,1.0004359483718872,0.9993669986724854,0.9998700022697448,197354894
2025-01-21,1.0000619888305664,1.0000619888305664,1.000432014465332,0.9997040033340454,0.9999160170555116,242991494
2025-01-22,1.0002809762954712,1.0002809762954712,1.0009150505065918,0.9998149871826172,1.0000619888305664,163113418
2025-01-23,0.9999330043792723,0.9999330043792723,1.000769019126892,0.999710977077484,1.000277042388916,406869174
2025-01-24,0.9999110102653505,0.9999110102653505,1.0005710124969482,0.999776005744934,0.9999430179595948,244286364
2025-01-25,1.0002089738845823,1.0002089738845823,1.0010110139846802,0.9998030066490172,0.999908983707428,165611457
2025-01-26,1.000035047531128,1.000035047531128,1.0006389617919922,0.999888002872467,1.0002139806747437,175238404
2025-01-27,1.0002470016479492,1.0002470016479492,1.0005340576171875,0.9996010065078736,1.000033974647522,282685341
2025-01-28,0.9999020099639891,0.9999020099639891,1.000324010848999,0.9995790123939514,1.0002479553222656,227533547
2025-01-29,1.0000640153884888,1.0000640153884888,1.0004500150680542,0.9996740221977234,0.9999079704284668,185046319
2025-01-30,1.0000569820404053,1.0000569820404053,1.0005630254745483,0.9998499751091005,1.0000779628753662,183415279
2025-01-31,1.0000649690628052,1.0000649690628052,1.0004760026931765,0.9997239708900452,1.0000580549240112,184116121
2025-02-01,0.999882996082306,0.999882996082306,1.000288009643555,0.999671995639801,1.000067949295044,162806154
2025-02-02,0.999758005142212,0.999758005142212,1.0004069805145264,0.9994440078735352,0.9998810291290284,244026430
2025-02-03,0.9999359846115112,0.9999359846115112,1.0006500482559204,0.999426007270813,0.9997659921646118,580415589
2025-02-04,0.999772012233734,0.999772012233734,1.000072002410889,0.9992160201072692,0.99993497133255,363462036
2025-02-05,0.9998800158500672,0.9998800158500672,1.0002119541168213,0.9994199872016908,0.9997529983520508,256658723
2025-02-06,1.000025987625122,1.000025987625122,1.000741958618164,0.9997550249099731,0.9998800158500672,244345136
2025-02-07,1.0000439882278442,1.0000439882278442,1.0002859830856323,0.9995409846305848,1.000025987625122,236660497
2025-02-08,1.000226974487305,1.000226974487305,1.0004620552062988,0.9997169971466064,1.0000439882278442,208617828
2025-02-09,1.000161051750183,1.000161051750183,1.0004149675369265,0.9998840093612672,1.000223994255066,151379837
2025-02-10,1.0000449419021606,1.0000449419021606,1.0005409717559814,0.9997450113296508,1.000161051750183,201771310
2025-02-11,0.9999020099639891,0.9999020099639891,1.000630021095276,0.999787986278534,1.0000449419021606,215004082
2025-02-12,0.9999250173568726,0.9999250173568726,1.0004440546035769,0.9994379878044128,0.9999139904975892,254703110
2025-02-13,1.0002340078353882,1.0002340078353882,1.0005040168762207,0.9995279908180236,0.9999250173568726,229378401
2025-02-14,0.9998329877853394,0.9998329877853394,1.0005229711532593,0.9997699856758118,1.0002340078353882,225998403
2025-02-15,1.00005304813385,1.00005304813385,1.0002989768981934,0.9997789859771729,0.9998329877853394,185001605
2025-02-16,1.000161051750183,1.000161051750183,1.000303030014038,0.9998319745063782,1.00005304813385,179240018
2025-02-17,1.000010967254639,1.000010967254639,1.0005890130996704,0.9999409914016724,1.000161051750183,191908089
2025-02-18,0.9997910261154176,0.9997910261154176,1.00034499168396,0.999504029750824,1.0000100135803225,252649517
2025-02-19,1.0000309944152832,1.0000309944152832,1.0004019737243652,0.9997119903564452,0.9997910261154176,154452586
2025-02-20,0.9999039769172668,0.9999039769172668,1.0005630254745483,0.9998739957809448,1.0000309944152832,228157187
2025-02-21,1.000010967254639,1.000010967254639,1.0002989768981934,0.9993600249290466,0.9998980164527892,286909993
2025-02-22,1.0002349615097046,1.0002349615097046,1.0004040002822876,0.999770998954773,1.000010967254639,135991073
2025-02-23,0.9998900294303894,0.9998900294303894,1.0004019737243652,0.9997789859771729,1.0002340078353882,254328922
2025-02-24,0.9999650120735168,0.9999650120735168,1.0003050565719604,0.9995740056037904,0.9998900294303894,383871924
2025-02-25,0.9996119737625122,0.9996119737625122,1.000161051750183,0.999210000038147,0.9999650120735168,344276475
2025-02-26,0.9997429847717284,0.9997429847717284,1.000074028968811,0.9991840124130248,0.9996119737625122,241557713
2025-02-27,0.9999819993972778,0.9999819993972778,1.000164031982422,0.999355971813202,0.9997450113296508,202243110
2025-02-28,0.9998419880867004,0.9998419880867004,1.000380039215088,0.999334990978241,0.9999819993972778,278565075
2025-03-01,0.999921977519989,0.999921977519989,1.0001859664916992,0.9995570182800292,0.9998419880867004,135498158
2025-03-02,1.0001070499420166,1.0001070499420166,1.0009740591049194,0.9996240139007568,0.999921977519989,215560594
2025-03-03,1.0000300407409668,1.0000300407409668,1.0005069971084597,0.9994519948959352,1.000108003616333,191778456
2025-03-04,0.9998959898948668,0.9998959898948668,1.0006660223007202,0.9995350241661072,1.0000250339508057,144738453
2025-03-05,1.0001039505004885,1.0001039505004885,1.0004940032958984,0.9995790123939514,0.9998890161514282,108505195
2025-03-06,1.0000380277633667,1.0000380277633667,1.0004010200500488,0.9997479915618896,1.0001039505004885,99615838
2025-03-07,1.0000970363616943,1.0000970363616943,1.000851035118103,0.9998520016670228,1.0000380277633667,143423809
2025-03-08,1.0000380277633667,1.0000380277633667,1.0002150535583496,0.9996970295906068,1.0000970363616943,72594324
2025-03-09,0.9998570084571838,0.9998570084571838,1.0006250143051147,0.999714970588684,1.0000380277633667,103327868
2025-03-10,1.0000059604644775,1.0000059604644775,1.0005320310592651,0.999521017074585,0.9998689889907836,195263152
2025-03-11,0.9999639987945556,0.9999639987945556,1.0004390478134155,0.9996500015258788,1.0000200271606443,129942054
2025-03-12,0.9999690055847168,0.9999690055847168,1.0003739595413208,0.9996439814567566,0.9999589920043944,110290526
2025-03-13,1.0000170469284058,1.0000170469284058,1.000599980354309,0.9997889995574952,0.999970018863678,108848472
2025-03-14,1.000022053718567,1.000022053718567,1.0003550052642822,0.9998350143432616,1.0000170469284058,85656709
2025-03-15,1.0000430345535278,1.0000430345535278,1.0003770589828491,0.9998260140419006,1.000020980834961,97002103
2025-03-16,1.000128984451294,1.000128984451294,1.000445008277893,0.9999579787254332,1.0000410079956057,107872775
2025-03-17,1.0000309944152832,1.0000309944152832,1.0004650354385376,0.9998430013656616,1.0001360177993774,114894218
2025-03-18,1.000025987625122,1.000025987625122,1.0004359483718872,0.9998419880867004,1.0000309944152832,137300490
2025-03-19,1.000208020210266,1.000208020210266,1.0005489587783811,0.999897003173828,1.000025987625122,153320407
2025-03-20,1.0001059770584106,1.0001059770584106,1.0004349946975708,0.999580979347229,1.0002100467681885,179914361
2025-03-21,0.9999769926071168,0.9999769926071168,1.0003809928894043,0.9997220039367676,1.0001050233840942,101504530
2025-03-22,1.0001519918441772,1.0001519918441772,1.0008950233459473,0.9998890161514282,0.999978005886078,132704426
2025-03-23,1.00028395652771,1.00028395652771,1.0003180503845217,0.9999250173568726,1.0001519918441772,123592264
2025-03-24,1.0001070499420166,1.0001070499420166,1.0004810094833374,0.9998900294303894,1.00028395652771,147714803
2025-03-25,1.000085949897766,1.000085949897766,1.0004830360412598,0.999897003173828,1.0001150369644165,96704428
2025-03-26,0.999987006187439,0.999987006187439,1.000362992286682,0.9997509717941284,1.000085949897766,128104600
2025-03-27,0.9999030232429504,0.9999030232429504,1.0003479719161987,0.9997159838676452,0.999987006187439,130896071
2025-03-28,0.9999539852142334,0.9999539852142334,1.000251054763794,0.9995499849319458,0.9999060034751892,140201360
2025-03-29,1.000025987625122,1.000025987625122,1.000182032585144,0.9996899962425232,0.9999539852142334,101594922
2025-03-30,0.9999570250511168,0.9999570250511168,1.00028395652771,0.9996309876441956,1.0000020265579224,90889485
2025-03-31,0.9998949766159058,0.9998949766159058,1.0005760192871094,0.9996150135993958,0.9999560117721558,129665780
2025-04-01,1.0000640153884888,1.0000640153884888,1.0002379417419434,0.9996340274810792,0.999897003173828,107133929
2025-04-02,0.9997389912605286,0.9997389912605286,1.0001790523529053,0.9993299841880798,1.0000640153884888,126789276
2025-04-03,0.999983012676239,0.999983012676239,1.0002930164337158,0.9996100068092346,0.9997389912605286,119176859
2025-04-04,1.0000120401382446,1.0000120401382446,1.0002069473266602,0.9997439980506896,0.999983012676239,94157151
2025-04-05,1.000067949295044,1.000067949295044,1.0003260374069214,0.999858021736145,1.0000059604644775,49630633
2025-04-06,1.000059962272644,1.000059962272644,1.0002750158309937,0.9997259974479676,1.0000660419464111,167536180
2025-04-07,0.9999709725379944,0.9999709725379944,1.0003429651260376,0.9995329976081848,1.000059962272644,2608403464
2025-04-08,1.0000300407409668,1.0000300407409668,1.000417947769165,0.999809980392456,0.999974012374878,2421758350
2025-04-09,1.0000959634780884,1.0000959634780884,1.0004589557647705,0.9995989799499512,1.0000300407409668,2329322402
2025-04-10,0.9997040033340454,0.9997040033340454,1.0002399682998655,0.9995989799499512,1.000113010406494,2703739633
2025-04-11,0.9999139904975892,0.9999139904975892,1.0002939701080322,0.9995740056037904,0.9997190237045288,2674714765
2025-04-12,1.0002189874649048,1.0002189874649048,1.0003160238265991,0.9997439980506896,0.9999139904975892,1949145607
2025-04-13,0.9999079704284668,0.9999079704284668,1.0003169775009155,0.9997689723968506,1.0002189874649048,906552900
2025-04-14,0.9999070167541504,0.9999070167541504,1.0002440214157104,0.9997050166130066,0.9999110102653505,917634136
2025-04-15,1.0001109838485718,1.0001109838485718,1.0002310276031494,0.999684989452362,0.9999070167541504,948772246
2025-04-16,0.9999909996986388,0.9999909996986388,1.0002449750900269,0.9998639822006226,1.0001109838485718,1006335196
2025-04-17,1.000022053718567,1.000022053718567,1.000365972518921,0.9996730089187622,0.9999909996986388,790023837
2025-04-18,1.0000089406967163,1.0000089406967163,1.0001620054244995,0.999763011932373,1.000022053718567,909380037
2025-04-19,0.9998019933700562,0.9998019933700562,1.0001460313796997,0.99965101480484,1.0000089406967163,833857255
2025-04-20,0.9999139904975892,0.9999139904975892,1.0001039505004885,0.9995989799499512,0.999800980091095,810327064
2025-04-21,0.9998549818992616,0.9998549818992616,1.000141978263855,0.9995020031929016,0.9999139904975892,1065756176
2025-04-22,1.0000540018081665,1.0000540018081665,1.000249981880188,0.9995449781417848,0.999853014945984,1338073766
2025-04-23,0.9999300241470336,0.9999300241470336,1.0003700256347656,0.9996119737625122,1.0000489950180054,607571135
2025-04-24,1.000067949295044,1.000067949295044,1.000290036201477,0.9997119903564452,0.99993097782135,174203782
2025-04-25,0.9998250007629396,0.9998250007629396,1.0003360509872437,0.9996970295906068,1.000067949295044,181363403
2025-04-26,1.0000170469284058,1.0000170469284058,1.000270962715149,0.9997090101242064,0.9998319745063782,146882231
2025-04-27,0.9999290108680724,0.9999290108680724,1.0003169775009155,0.9998210072517396,1.0000150203704834,149856706
2025-04-28,1.0001369714736938,1.0001369714736938,1.0003130435943604,0.999791979789734,0.9999420046806335,166972410
2025-04-29,1.0000640153884888,1.0000640153884888,1.0003429651260376,0.999763011932373,1.0001369714736938,162185457
2025-04-30,1.0000779628753662,1.0000779628753662,1.0003290176391602,0.9997400045394896,1.0000590085983276,228072731
2025-05-01,0.9997789859771729,0.9997789859771729,1.0003600120544434,0.9996169805526732,1.000085949897766,239069555
2025-05-02,1.0000200271606443,1.0000200271606443,1.0001840591430664,0.9996520280838012,0.9997869729995728,168039960
2025-05-03,0.9999300241470336,0.9999300241470336,1.0002379417419434,0.9997699856758118,1.0000200271606443,124745186
2025-05-04,0.9999430179595948,0.9999430179595948,1.0004509687423706,0.9998599886894226,0.9999330043792723,122654145
2025-05-05,0.9999459981918336,0.9999459981918336,1.0002460479736328,0.9998049736022948,0.9999430179595948,151926658
2025-05-06,1.0001239776611328,1.0001239776611328,1.0003410577774048,0.999879002571106,0.9999459981918336,148238218
2025-05-07,1.0002039670944214,1.0002039670944214,1.0006170272827148,0.9999520182609558,1.000116944313049,9686098805
2025-05-08,1.0001460313796997,1.0001460313796997,1.0004539489746094,0.9998949766159058,1.000203013420105,16150452542
2025-05-09,1.000120997428894,1.000120997428894,1.0004019737243652,0.9997910261154176,1.0001440048217771,16600297405
2025-05-10,0.9999539852142334,0.9999539852142334,1.0003399848937988,0.9997100234031676,1.000108003616333,17725420066
2025-05-11,0.9997950196266174,0.9997950196266174,1.000082015991211,0.999504029750824,0.9999639987945556,17814168226
2025-05-12,1.0000669956207275,1.0000669956207275,1.000154972076416,0.9995800256729126,0.9997990131378174,17034942680
2025-05-13,1.0001399517059326,1.0001399517059326,1.000257968902588,0.999754011631012,1.00006103515625,17535778297
2025-05-14,0.9999390244483948,0.9999390244483948,1.0001590251922607,0.999629020690918,1.0001399517059326,17214341468
2025-05-15,0.999948024749756,0.999948024749756,1.000177979469299,0.9996110200881958,0.9999380111694336,17354897970
2025-05-16,0.9999279975891112,0.9999279975891112,1.0001070499420166,0.9997010231018066,0.999948024749756,17251419511
2025-05-17,0.9999060034751892,0.9999060034751892,1.0001729726791382,0.9997299909591676,0.9999409914016724,16920593847
2025-05-18,0.9998520016670228,0.9998520016670228,1.000051975250244,0.9995319843292236,0.9999060034751892,18104438885
2025-05-19,0.9998930096626282,0.9998930096626282,1.0000979900360107,0.9994869828224182,0.9998520016670228,17452964397
2025-05-20,0.9998070001602172,0.9998070001602172,1.0001139640808103,0.9995620250701904,0.9998930096626282,105140541
2025-05-21,0.9998739957809448,0.9998739957809448,1.0002130270004272,0.9995489716529846,0.9998120069503784,17182324963
2025-05-22,0.999779999256134,0.999779999256134,1.0001519918441772,0.9995200037956238,0.9998760223388672,20551538165
2025-05-23,1.0000180006027222,1.0000180006027222,1.000309944152832,0.999534010887146,0.9997689723968506,19467701559
2025-05-24,0.9999110102653505,0.9999110102653505,1.0001230239868164,0.9995660185813904,1.0000139474868774,19299831673
2025-05-25,0.9997659921646118,0.9997659921646118,1.0001499652862549,0.999575972557068,0.9999110102653505,18416113489
2025-05-26,0.999853014945984,0.999853014945984,1.0000909566879272,0.9996219873428344,0.9997649788856506,17414270627
2025-05-27,0.9998549818992616,0.9998549818992616,1.0001200437545776,0.9995779991149902,0.999853014945984,19184272675
2025-05-28,0.999891996383667,0.999891996383667,1.0001319646835327,0.9995430111885072,0.9998549818992616,19336778600
2025-05-29,0.9998250007629396,0.9998250007629396,1.0000779628753662,0.999633014202118,0.999891996383667,18497654414
2025-05-30,0.999800980091095,0.999800980091095,1.0000330209732056,0.9995149970054626,0.9998340010643004,18074623086
2025-05-31,0.9998300075531006,0.9998300075531006,1.0000369548797607,0.9995520114898682,0.999800980091095,17910908835
2025-06-01,0.9998350143432616,0.9998350143432616,1.000033974647522,0.9996780157089232,0.999813973903656,17999161449
2025-06-02,1.0000879764556885,1.0000879764556885,1.0002139806747437,0.999675989151001,0.9998260140419006,18526506029
2025-06-03,0.999904990196228,0.999904990196228,1.0001569986343384,0.99965900182724,1.0000879764556885,18372721036
2025-06-04,0.9998949766159058,0.9998949766159058,1.0001920461654663,0.9995920062065125,0.999904990196228,17538975745
2025-06-05,1.000038981437683,1.000038981437683,1.0002110004425049,0.9994860291481018,0.9998949766159058,17132803482
2025-06-06,0.9999399781227112,0.9999399781227112,1.000257968902588,0.9996899962425232,1.000038981437683,17488251116
2025-06-07,0.9998279809951782,0.9998279809951782,1.0002379417419434,0.9997289776802064,0.9999380111694336,18001821972
2025-06-08,0.999897003173828,0.999897003173828,1.0003160238265991,0.9997230172157288,0.9998279809951782,18503759149
2025-06-09,0.9997910261154176,0.9997910261154176,1.0002540349960327,0.9997010231018066,0.999897003173828,20331959589
2025-06-10,0.9997929930686952,0.9997929930686952,1.0000020265579224,0.9993969798088074,0.9997910261154176,19278887471
2025-06-11,0.999845027923584,0.999845027923584,1.0000230073928833,0.9994450211524964,0.9997929930686952,19779891597
2025-06-12,0.999633014202118,0.999633014202118,1.0001579523086548,0.9994279742240906,0.999845027923584,19140375585
2025-06-13,0.9998559951782228,0.9998559951782228,1.0000580549240112,0.9995579719543456,0.999633014202118,20346389905
2025-06-14,0.9999210238456726,0.9999210238456726,1.0000749826431274,0.999680995941162,0.9998559951782228,18180300350
2025-06-15,0.9998679757118224,0.9998679757118224,1.0001230239868164,0.9996860027313232,0.9999210238456726,17834596922
2025-06-16,1.0000159740447998,1.0000159740447998,1.000241994857788,0.9997130036354064,0.9998720288276672,18091399445
2025-06-17,0.9998440146446228,0.9998440146446228,1.000296950340271,0.999671995639801,1.0000159740447998,18130545406
2025-06-18,0.9999369978904724,0.9999369978904724,1.0001369714736938,0.9996039867401124,0.9998440146446228,17227598389
2025-06-19,0.999845027923584,0.999845027923584,1.0002199411392212,0.9996259808540344,0.9999399781227112,17733632046
2025-06-20,1.0000280141830444,1.0000280141830444,1.000167965888977,0.9996010065078736,0.9998459815979004,17856706276
2025-06-21,1.000128984451294,1.000128984451294,1.0003219842910769,0.9997550249099731,1.0000280141830444,17023449092
2025-06-22,1.0000070333480835,1.0000070333480835,1.0002620220184326,0.9996640086174012,1.0001310110092163,16720814901
2025-06-23,1.000072956085205,1.000072956085205,1.0005029439926147,0.9998319745063782,1.0000070333480835,17396287282
2025-06-24,0.9999819993972778,0.9999819993972778,1.0003639459609983,0.9998279809951782,1.000072956085205,18252507730
2025-06-25,0.9997239708900452,0.9997239708900452,1.0001100301742554,0.9995629787445068,0.9999819993972778,19072201512
2025-06-26,0.9997689723968506,0.9997689723968506,1.0000230073928833,0.9994959831237792,0.9997239708900452,18396544541
2025-06-27,1.0000289678573608,1.0000289678573608,1.000190019607544,0.9996780157089232,0.9997689723968506,18668221918
2025-06-28,0.9999300241470336,0.9999300241470336,1.0001389980316162,0.9996650218963624,1.0000289678573608,18826681169
2025-06-29,0.9998300075531006,0.9998300075531006,1.0001039505004885,0.9996399879455566,0.9999279975891112,18703566266
2025-06-30,0.9999160170555116,0.9999160170555116,1.0002330541610718,0.9996209740638732,0.9998300075531006,19036246572
2025-07-01,0.9999420046806335,0.9999420046806335,1.000290036201477,0.9997789859771729,0.9999160170555116,18149813523
2025-07-02,0.9998949766159058,0.9998949766159058,1.000331997871399,0.999791979789734,0.9999420046806335,19121365069
2025-07-03,0.99993497133255,0.99993497133255,1.0005919933319092,0.9998350143432616,0.9998930096626282,19416613175
2025-07-04,0.9999560117721558,0.9999560117721558,1.0003559589385986,0.9997429847717284,0.99993497133255,18865575444
2025-07-05,0.9999909996986388,0.9999909996986388,1.0002590417861938,0.9998329877853394,0.9999560117721558,18495188867
2025-07-06,0.9998649954795836,0.9998649954795836,1.0003770589828491,0.9997360110282898,0.9999909996986388,19236013444
2025-07-07,0.9999759793281556,0.9999759793281556,1.0003290176391602,0.9997040033340454,0.9998649954795836,17626880197
2025-07-08,1.000012993812561,1.000012993812561,1.0003639459609983,0.9998999834060668,0.9999759793281556,19424066463
2025-07-09,1.0001590251922607,1.0001590251922607,1.000445008277893,0.9998679757118224,1.0000139474868774,20067783234
2025-07-10,0.9998679757118224,0.9998679757118224,1.000499963760376,0.9995319843292236,1.0001590251922607,43714456051
2025-07-11,0.9999139904975892,0.9999139904975892,1.000175952911377,0.9995350241661072,0.9998679757118224,26357335336
2025-07-12,0.9998720288276672,0.9998720288276672,1.0001720190048218,0.9996259808540344,0.9999139904975892,21679890268
2025-07-13,0.9999380111694336,0.9999380111694336,1.0000929832458496,0.9995359778404236,0.9998720288276672,22277784055
2025-07-14,0.9999060034751892,0.9999060034751892,1.0001310110092163,0.9994530081748962,0.99992698431015,117263357157
2025-07-15,1.0001039505004885,1.0001039505004885,1.0004409551620483,0.999714970588684,0.9999060034751892,22247425067
2025-07-16,0.9999229907989502,0.9999229907989502,1.0003169775009155,0.9997820258140564,1.0001039505004885,23258094826
2025-07-17,0.9999889731407166,0.9999889731407166,1.0003260374069214,0.9995139837265016,0.9999229907989502,23187838995
2025-07-18,1.0000540018081665,1.0000540018081665,1.000372052192688,0.999772012233734,0.9999889731407166,22743789025
2025-07-19,1.0000189542770386,1.0000189542770386,1.0002659559249878,0.9996770024299622,1.0000629425048828,22663614494
2025-07-20,1.0000510215759275,1.0000510215759275,1.0002429485321045,0.999714970588684,1.000022053718567,22201538073
2025-07-21,0.999875009059906,0.999875009059906,1.0003420114517212,0.9996399879455566,1.0000510215759275,23110453414
2025-07-22,0.9999549984931946,0.9999549984931946,1.000190019607544,0.999646008014679,0.999875009059906,23797598905
2025-07-23,1.0000200271606443,1.0000200271606443,1.0002260208129885,0.9997100234031676,0.9999549984931946,23147723331
2025-07-24,1.000102996826172,1.000102996826172,1.0003739595413208,0.9998199939727784,1.000022053718567,23151682236
2025-07-25,0.9998909831047058,0.9998909831047058,1.0003169775009155,0.9997529983520508,1.000102996826172,22403214305
2025-07-26,1.0000619888305664,1.0000619888305664,1.000296950340271,0.9998379945755004,0.999891996383667,22090177121
2025-07-27,1.0000300407409668,1.0000300407409668,1.0003149509429932,0.9997239708900452,1.0000640153884888,22930294944
2025-07-28,0.9999020099639891,0.9999020099639891,1.0004949569702148,0.9994800090789796,1.0000410079956057,22198317064
2025-07-29,0.999900996685028,0.999900996685028,1.0004359483718872,0.99965500831604,0.9998980164527892,22443404612
2025-07-30,1.000349044799805,1.000349044799805,1.0005069971084597,0.9997739791870116,0.999900996685028,22749944342
2025-07-31,0.9997869729995728,0.9997869729995728,1.0005830526351929,0.9996449947357178,1.0003479719161987,21348286993
2025-08-01,0.9999759793281556,0.9999759793281556,1.0003149509429932,0.9995869994163512,0.999783992767334,21474311566
2025-08-02,0.9999210238456726,0.9999210238456726,1.000331997871399,0.9996449947357178,0.9999750256538392,20516716716
2025-08-03,0.9999510049819946,0.9999510049819946,1.000578999519348,0.9998279809951782,0.9999210238456726,21188974576
2025-08-04,0.999867022037506,0.999867022037506,1.000277042388916,0.9996529817581176,0.9999489784240724,107954803
2025-08-05,1.0000159740447998,1.0000159740447998,1.0003910064697266,0.9996749758720398,0.999867022037506,20441332931
2025-08-06,1.0000849962234497,1.0000849962234497,1.0003700256347656,0.9997509717941284,1.0000159740447998,20853984865
2025-08-07,1.0002100467681885,1.0002100467681885,1.000527024269104,0.99993497133255,1.000085949897766,21729367965
2025-08-08,0.9999759793281556,0.9999759793281556,1.0003830194473269,0.9997640252113342,1.0002100467681885,22077038493
2025-08-09,1.0000059604644775,1.0000059604644775,1.000332951545715,0.9998419880867004,0.9999759793281556,21988645842
2025-08-10,1.0001150369644165,1.0001150369644165,1.000393986701965,0.9997959733009338,1.0000120401382446,23404958793
2025-08-11,1.0001100301742554,1.0001100301742554,1.00029194355011,0.9997419714927672,1.0001150369644165,22230277416
2025-08-12,0.99965500831604,0.99965500831604,1.0004470348358154,0.9996020197868348,1.0001100301742554,23478174398
2025-08-13,1.0000079870224,1.0000079870224,1.000223994255066,0.9995319843292236,0.99965500831604,25387046751
2025-08-14,1.00006902217865,1.00006902217865,1.0002609491348269,0.9995200037956238,0.9999949932098388,24973466629
2025-08-15,1.0000699758529663,1.0000699758529663,1.000324010848999,0.9997689723968506,1.00006902217865,22776589005
2025-08-16,1.0001389980316162,1.0001389980316162,1.0004630088806152,0.999888002872467,1.0000660419464111,23917810231
2025-08-17,0.999921977519989,0.999921977519989,1.0002729892730713,0.99972802400589,1.0001389980316162,22668779654
2025-08-18,0.9999880194664,0.9999880194664,1.0003379583358765,0.9997349977493286,0.999921977519989,22135058834
2025-08-19,0.9998279809951782,0.9998279809951782,1.0004249811172483,0.9997569918632508,0.9999889731407166,21596900026
2025-08-20,0.9999449849128724,0.9999449849128724,1.0003080368041992,0.9997860193252563,0.9998390078544616,21552697534
2025-08-21,0.9999319911003112,0.9999319911003112,1.0003880262374878,0.9997419714927672,0.9999449849128724,20791774504
2025-08-22,0.9998369812965392,0.9998369812965392,1.000641942024231,0.9997569918632508,0.9999279975891112,22257000665
2025-08-23,0.999891996383667,0.999891996383667,1.000143051147461,0.9996110200881958,0.9998350143432616,22098463473
2025-08-24,1.000010967254639,1.000010967254639,1.000301957130432,0.999750018119812,0.9998819828033448,21924885197
2025-08-25,1.0000100135803225,1.0000100135803225,1.0003379583358765,0.9996169805526732,1.000010967254639,20502522873
2025-08-26,0.9998959898948668,0.9998959898948668,1.0002700090408323,0.9996349811553956,1.0000100135803225,17262916970
2025-08-27,0.9998800158500672,0.9998800158500672,1.000378966331482,0.9996299743652344,0.9998959898948668,20459962851
2025-08-28,1.0000280141830444,1.0000280141830444,1.0010809898376465,0.9996320009231568,0.999879002571106,20869716218
2025-08-29,0.999853014945984,0.999853014945984,1.000298023223877,0.9997209906578064,1.000020980834961,19920490736
2025-08-30,0.9999930262565612,0.9999930262565612,1.0002219676971436,0.9997130036354064,0.999853014945984,19158176454
2025-08-31,0.9997029900550842,0.9997029900550842,1.000190019607544,0.9996410012245178,0.9999930262565612,18684731260
2025-09-01,0.999916970729828,0.999916970729828,1.0002280473709106,0.9996410012245178,0.9997029900550842,20841322306
2025-09-02,0.9998980164527892,0.9998980164527892,1.0001660585403442,0.9996700286865234,0.9999189972877502,20089702650
2025-09-03,1.0001579523086548,1.0001579523086548,1.0002230405807495,0.99972802400589,0.9998980164527892,21238207747
2025-09-04,0.9999909996986388,0.9999909996986388,1.0002779960632324,0.9996770024299622,1.0001590251922607,18936082993
2025-09-05,0.9997299909591676,0.9997299909591676,1.0002059936523438,0.9996730089187622,0.9999939799308776,87361935
2025-09-06,0.999912977218628,0.999912977218628,1.000108003616333,0.999517023563385,0.9997320175170898,71929805
2025-09-07,0.9997860193252563,0.9997860193252563,1.0000979900360107,0.9996389746665956,0.999912977218628,65893193
2025-09-08,0.9997259974479676,0.9997259974479676,1.0001569986343384,0.999576985836029,0.9997860193252563,100972892
2025-09-09,0.9999179840087892,0.9999179840087892,0.9999520182609558,0.9994720220565796,0.9997259974479676,92811677
2025-09-10,0.9997869729995728,0.9997869729995728,1.0000360012054443,0.9996730089187622,0.9999179840087892,73964943
2025-09-11,0.9999020099639891,0.9999020099639891,1.0000300407409668,0.9995650053024292,0.9997869729995728,123843851
2025-09-12,0.9997979998588562,0.9997979998588562,1.0002180337905884,0.9995570182800292,0.9999020099639891,150023938
2025-09-13,0.999675989151001,0.999675989151001,1.0000239610671997,0.9995009899139404,0.9998350143432616,102666179
2025-09-14,0.999886989593506,0.999886989593506,1.0000560283660889,0.9994710087776184,0.999675989151001,88233138
2025-09-15,0.9999340176582336,0.9999340176582336,1.0002950429916382,0.9996569752693176,0.9998890161514282,164921037
2025-09-16,0.9999470114707948,0.9999470114707948,1.0001219511032104,0.9996600151062012,0.9999340176582336,124098500
2025-09-17,0.9998800158500672,0.9998800158500672,1.000133037567139,0.9996079802513124,0.9999560117721558,302080343
2025-09-18,0.9996100068092346,0.9996100068092346,1.000025987625122,0.9994410276412964,0.999882996082306,104639227
2025-09-19,0.9999790191650392,0.9999790191650392,1.0000900030136108,0.999559998512268,0.9995970129966736,106639316
2025-09-20,0.999908983707428,0.999908983707428,1.000216007232666,0.9996960163116456,0.9999790191650392,85054644
2025-09-21,0.9997950196266174,0.9997950196266174,1.000188946723938,0.9997100234031676,0.9999079704284668,56772956
2025-09-22,0.9998800158500672,0.9998800158500672,1.000102996826172,0.9995430111885072,0.9997950196266174,95621877
2025-09-23,0.9996340274810792,0.9996340274810792,1.000048041343689,0.9995369911193848,0.9998800158500672,102397584
2025-09-24,0.9997379779815674,0.9997379779815674,1.0000499486923218,0.9995570182800292,0.999638020992279,131839566
2025-09-25,0.9997680187225342,0.9997680187225342,1.0002260208129885,0.9993720054626464,0.9997379779815674,227041208
2025-09-26,0.9997130036354064,0.9997130036354064,1.000041961669922,0.9995989799499512,0.9997680187225342,105328693
2025-09-27,0.9997940063476562,0.9997940063476562,0.9999769926071168,0.9995949864387512,0.9997130036354064,140542005
2025-09-28,0.9998630285263062,0.9998630285263062,1.000035047531128,0.9995779991149902,0.9998019933700562,143634233
2025-09-29,0.9998180270195008,0.9998180270195008,1.0001189708709717,0.9996020197868348,0.9998459815979004,161035005
2025-09-30,0.9998019933700562,0.9998019933700562,1.0000710487365725,0.9995129704475404,0.9998189806938172,102513583
2025-10-01,0.999904990196228,0.999904990196228,1.000167965888977,0.9995449781417848,0.9998019933700562,135493257
2025-10-02,0.9996950030326844,0.9996950030326844,0.9999819993972778,0.9996129870414734,0.9999120235443116,184527816
2025-10-03,0.9997550249099731,0.9997550249099731,0.9999629855155944,0.999405026435852,0.9996920228004456,135154385
2025-10-04,0.9995800256729126,0.9995800256729126,0.9998049736022948,0.9993659853935242,0.999754011631012,113934724
2025-10-05,0.9997439980506896,0.9997439980506896,0.9998760223388672,0.9993150234222412,0.999567985534668,135674904
2025-10-06,0.9997199773788452,0.9997199773788452,0.9998810291290284,0.9993550181388856,0.9997490048408508,109088090
2025-10-07,0.9997069835662842,0.9997069835662842,0.9999060034751892,0.9993789792060852,0.9997169971466064,128335065
2025-10-08,0.9997659921646118,0.9997659921646118,1.0001150369644165,0.9996340274810792,0.9997010231018066,129104014
2025-10-09,0.9998289942741394,0.9998289942741394,1.0000460147857666,0.9994009733200072,0.999772012233734,189637309
2025-10-10,0.9995629787445068,0.9995629787445068,1.00205397605896,0.9990490078926086,0.9998210072517396,260056486
2025-10-11,0.999761998653412,0.999761998653412,1.0003279447555542,0.998874008655548,0.9995669722557068,183645705
2025-10-12,1.0001970529556274,1.0001970529556274,1.0004290342330933,0.999625027179718,0.999761998653412,151895584
2025-10-13,1.0000189542770386,1.0000189542770386,1.0003089904785156,0.9996989965438844,1.0001980066299438,153983372
2025-10-14,0.999908983707428,0.999908983707428,1.0003459453582764,0.9996160268783568,1.0000189542770386,151824573
2025-10-15,1.000080943107605,1.000080943107605,1.0004220008850098,0.9996410012245178,0.9999070167541504,152105437
2025-10-16,0.9999060034751892,0.9999060034751892,1.0006370544433594,0.9996500015258788,1.0000779628753662,175891261
2025-10-17,0.999897003173828,0.999897003173828,1.0004539489746094,0.9996579885482788,0.9999060034751892,180707919
2025-10-18,0.9999709725379944,0.9999709725379944,1.0004080533981323,0.999754011631012,0.999897003173828,153764790
2025-10-19,1.0000089406967163,1.0000089406967163,1.00033700466156,0.9997029900550842,0.9999709725379944,113437876
2025-10-20,0.9999279975891112,0.9999279975891112,1.0005639791488647,0.9995909929275512,1.0000089406967163,118411991
2025-10-21,1.0000749826431274,1.0000749826431274,1.000499963760376,0.9996960163116456,0.99993097782135,2867946933
2025-10-22,0.9998990297317504,0.9998990297317504,1.0002909898757937,0.9996060132980348,1.000074028968811,192597507
2025-10-23,1.0000120401382446,1.0000120401382446,1.0001840591430664,0.9993469715118408,0.9998999834060668,231561989
2025-10-24,0.9997739791870116,0.9997739791870116,1.0003149509429932,0.999405026435852,1.0000170469284058,155730660
2025-10-25,0.9997360110282898,0.9997360110282898,1.0002219676971436,0.999688982963562,0.9997869729995728,118638323
2025-10-26,0.9996259808540344,0.9996259808540344,1.0001070499420166,0.9994339942932128,0.9997360110282898,118369934
2025-10-27,0.9996320009231568,0.9996320009231568,1.0000929832458496,0.9993270039558412,0.9996259808540344,140906773
2025-10-28,0.9998080134391784,0.9998080134391784,1.0004010200500488,0.999541997909546,0.9996269941329956,136825976
2025-10-29,0.9998859763145448,0.9998859763145448,1.00029194355011,0.9995549917221068,0.9998019933700562,130468406
2025-10-30,1.0001059770584106,1.0001059770584106,1.0003410577774048,0.9994279742240906,0.9999139904975892,146852170
2025-10-31,0.9995830059051514,0.9995830059051514,1.0006049871444702,0.9993879795074464,1.0001310110092163,129827428
2025-11-01,0.9999610185623168,0.9999610185623168,1.001078963279724,0.9993119835853576,0.9995610117912292,99868340
2025-11-02,0.9999899864196776,0.9999899864196776,1.0002449750900269,0.999405026435852,0.9999610185623168,104341373
2025-11-03,0.9996920228004456,0.9996920228004456,1.0001239776611328,0.9992690086364746,0.9999979734420776,136083108
2025-11-04,0.9998760223388672,0.9998760223388672,1.000537991523743,0.999330997467041,0.9996730089187622,157957311
2025-11-05,1.000087022781372,1.000087022781372,1.000633955001831,0.9996389746665956,0.999875009059906,160614881
2025-11-06,1.0000909566879272,1.0000909566879272,1.0004860162734983,0.9995819926261902,1.0000760555267334,114724699
2025-11-07,0.9997959733009338,0.9997959733009338,1.000525951385498,0.9993550181388856,1.000072002410889,141116580
2025-11-08,0.9999750256538392,0.9999750256538392,1.0002360343933103,0.99958997964859,0.9997959733009338,102341490
2025-11-09,1.0000330209732056,1.0000330209732056,1.0003830194473269,0.999692976474762,0.9999930262565612,100787106
2025-11-10,0.9996870160102844,0.9996870160102844,1.0003780126571655,0.9993910193443298,1.0,111585623
2025-11-11,0.9998819828033448,0.9998819828033448,1.0001440048217771,0.9995020031929016,0.9996690154075624,105177053
2025-11-12,0.999805986881256,0.999805986881256,1.000288963317871,0.9995009899139404,0.9998980164527892,124243686
2025-11-13,0.9998030066490172,0.9998030066490172,1.0002379417419434,0.9991989731788636,0.9998000264167786,117211829
2025-11-14,0.9998350143432616,0.9998350143432616,1.0002479553222656,0.9993150234222412,0.9997450113296508,132067548
2025-11-15,0.9997389912605286,0.9997389912605286,1.0001870393753052,0.9993990063667296,0.9998260140419006,122283660
2025-11-16,0.9996960163116456,0.9996960163116456,1.000236988067627,0.9993889927864076,0.9997050166130066,118203342
2025-11-17,0.9997479915618896,0.9997479915618896,1.0001989603042605,0.999119997024536,0.9996950030326844,126827163
2025-11-18,1.0001909732818604,1.0001909732818604,1.0003739595413208,0.9992690086364746,0.9997490048408508,130583902
2025-11-19,0.9998540282249452,0.9998540282249452,1.002290964126587,0.99931401014328,1.0001939535140991,158971146
2025-11-20,0.9997599720954896,0.9997599720954896,1.0006040334701538,0.99938702583313,0.9998559951782228,154560495
2025-11-21,0.9997329711914062,0.9997329711914062,1.0003249645233154,0.9992039799690248,0.999849021434784,184625379
2025-11-22,0.9996230006217957,0.9996230006217957,0.9999690055847168,0.9992780089378356,0.99972802400589,112055499
2025-11-23,0.9997469782829284,0.9997469782829284,1.000288009643555,0.9992560148239136,0.9996280074119568,142974076
2025-11-24,0.9997410178184508,0.9997410178184508,1.0002870559692385,0.9995309710502625,0.9997559785842896,124149042
2025-11-25,0.9997529983520508,0.9997529983520508,1.0002349615097046,0.9994199872016908,0.9997410178184508,124560348
2025-11-26,0.9998990297317504,0.9998990297317504,1.000216007232666,0.9994770288467408,0.9997739791870116,145428237
2025-11-27,0.9997130036354064,0.9997130036354064,1.0001729726791382,0.9995480179786682,0.9999060034751892,103027974
2025-11-28,0.9996399879455566,0.9996399879455566,1.0003160238265991,0.999360978603363,0.9997180104255676,126339563
2025-11-29,0.9999060034751892,0.9999060034751892,1.0003199577331543,0.999521017074585,0.9996119737625122,127486909
2025-11-30,0.9998329877853394,0.9998329877853394,1.0003139972686768,0.999675989151001,0.9999160170555116,143091945
2025-12-01,0.9997199773788452,0.9997199773788452,1.0002520084381104,0.999330997467041,0.9998400211334229,152265817
2025-12-02,0.9998700022697448,0.9998700022697448,1.000203013420105,0.9993730187416076,0.999692976474762,136080896
2025-12-03,0.9997410178184508,0.9997410178184508,1.0001349449157717,0.9994919896125792,0.9998559951782228,112861008
2025-12-04,0.9996610283851624,0.9996610283851624,1.000164031982422,0.999550998210907,0.999763011932373,91250545
2025-12-05,0.9999960064888,0.9999960064888,1.0000940561294556,0.9995549917221068,0.9997069835662842,88845051
2025-12-06,0.9999529719352722,0.9999529719352722,1.0000829696655271,0.9994630217552184,0.9999909996986388,84323186
2025-12-07,0.999791979789734,0.999791979789734,1.0001829862594604,0.9996230006217957,0.9999570250511168,75096188
2025-12-08,0.9998189806938172,0.9998189806938172,1.0001670122146606,0.9994019865989684,0.9998160004615784,109198732
2025-12-09,0.9998360276222228,0.9998360276222228,1.000146985054016,0.9993640184402466,0.999805986881256,96919816
2025-12-10,0.9998109936714172,0.9998109936714172,1.000177025794983,0.9994180202484132,0.9998239874839784,106316368
2025-12-11,0.99993497133255,0.99993497133255,1.0001879930496216,0.9995499849319458,0.9998210072517396,120960698
2025-12-12,0.9997820258140564,0.9997820258140564,1.000296950340271,0.9996989965438844,0.9999380111694336,91145384
2025-12-13,0.9997810125350952,0.9997810125350952,1.0000040531158447,0.9993590116500854,0.9997929930686952,77527592
2025-12-14,0.9997950196266174,0.9997950196266174,1.000102996826172,0.9994900226593018,0.9997770190238952,96704214
2025-12-15,0.9997130036354064,0.9997130036354064,1.0002210140228271,0.999351978302002,0.9998090267181396,112070430
2025-12-16,1.0000920295715332,1.0000920295715332,1.000412940979004,0.999517023563385,0.9997190237045288,117054657
2025-12-17,0.9997230172157288,0.9997230172157288,1.000417947769165,0.9994720220565796,1.0000489950180054,102569058
2025-12-18,0.9998090267181396,0.9998090267181396,1.0002729892730713,0.9994490146636964,0.9997820258140564,108711199
2025-12-19,0.9997190237045288,0.9997190237045288,1.000177025794983,0.9993640184402466,0.9998270273208618,132355223
2025-12-20,0.9999390244483948,0.9999390244483948,1.00005304813385,0.9993749856948853,0.9997199773788452,112576343
2025-12-21,0.999882996082306,0.999882996082306,1.0001059770584106,0.999538004398346,0.9999179840087892,108102838
2025-12-22,0.9997000098228456,0.9997000098228456,1.0001540184020996,0.9995009899139404,0.9998850226402284,119048293
2025-12-23,0.999580979347229,0.999580979347229,1.0000380277633667,0.999405026435852,0.999714970588684,111960721
2025-12-24,0.9995459914207458,0.9995459914207458,0.9999960064888,0.9993299841880798,0.999580979347229,100524195
2025-12-25,0.9997079968452454,0.9997079968452454,1.000025987625122,0.9993900060653688,0.9995399713516236,100945952
2025-12-26,0.9995239973068236,0.9995239973068236,1.000035047531128,0.9992669820785522,0.9996950030326844,109337328
2025-12-27,0.9996269941329956,0.9996269941329956,0.999948024749756,0.9993770122528076,0.9995239973068236,76667827
2025-12-28,0.999517023563385,0.999517023563385,0.9998170137405396,0.999305009841919,0.9996269941329956,84766144
2025-12-29,0.9995800256729126,0.9995800256729126,1.000051975250244,0.999064028263092,0.999521017074585,106940504
2025-12-30,0.999680995941162,0.999680995941162,0.9999809861183168,0.9991440176963806,0.9995830059051514,96646823
2025-12-31,0.9991599917411804,0.9991599917411804,0.999925971031189,0.9990209937095642,0.9996860027313232,97461839
