Date,Adj Close,Close,High,Low,Open,Volume
2023-06-01,0.0502859987318515,0.0502859987318515,0.0516140013933181,0.0502009987831115,0.0513329990208148,19110768
2023-06-02,0.0508500002324581,0.0508500002324581,0.0509810000658035,0.0500629991292953,0.0502879992127418,19268652
2023-06-03,0.050255000591278,0.050255000591278,0.0508610010147094,0.0501930005848407,0.0508529990911483,14515618
2023-06-04,0.0501970015466213,0.0501970015466213,0.050875000655651,0.0500800013542175,0.0502620004117488,13830907
2023-06-05,0.0488840006291866,0.0488840006291866,0.0505129992961883,0.0467029996216297,0.0502000004053115,36444902
2023-06-06,0.049550000578165,0.049550000578165,0.0497969985008239,0.0475579984486103,0.0488889999687671,25616021
2023-06-07,0.0483569987118244,0.0483569987118244,0.0497400015592575,0.0479280017316341,0.0495419986546039,22458500
2023-06-08,0.048675000667572,0.048675000667572,0.048709999769926,0.0475330017507076,0.0483580008149147,15795304
2023-06-09,0.0484270006418228,0.0484270006418228,0.0489780008792877,0.0477220006287097,0.0486599989235401,17200214
2023-06-10,0.0454960018396377,0.0454960018396377,0.0484450012445449,0.0410889983177185,0.0484279990196228,50055914
2023-06-11,0.0443870015442371,0.0443870015442371,0.0455700010061264,0.0435109995305538,0.0454960018396377,23928736
2023-06-12,0.0452449992299079,0.0452449992299079,0.0453540012240409,0.043588999658823,0.0443859994411468,23787822
2023-06-13,0.0468229986727237,0.0468229986727237,0.0468280017375946,0.0448589995503425,0.0452409982681274,22555794
2023-06-14,0.0454309992492198,0.0454309992492198,0.0476690009236335,0.0454300008714199,0.0468229986727237,21816544
2023-06-15,0.0429459996521472,0.0429459996521472,0.0461939983069896,0.0420730002224445,0.0454370006918907,27527715
2023-06-16,0.0444010011851787,0.0444010011851787,0.0447059981524944,0.0420960001647472,0.042943000793457,23965460
2023-06-17,0.0457490012049675,0.0457490012049675,0.0463659986853599,0.0441460013389587,0.044404000043869,16676757
2023-06-18,0.0452129989862442,0.0452129989862442,0.0463350005447864,0.0450070016086101,0.0457529984414577,14697212
2023-06-19,0.0450100004673004,0.0450100004673004,0.0455170013010501,0.0443219989538192,0.0452140010893344,13690096
2023-06-20,0.0489979982376098,0.0489979982376098,0.0492860004305839,0.0448449999094009,0.0450109988451004,156398051
2023-06-21,0.0505129992961883,0.0505129992961883,0.0510919988155365,0.0489670000970363,0.0489999987185001,41239732
2023-06-22,0.0502399988472461,0.0502399988472461,0.052046999335289,0.0497890003025531,0.0504969991743564,34196398
2023-06-23,0.0521499998867511,0.0521499998867511,0.0534299984574317,0.0500690005719661,0.0502390004694461,27524536
2023-06-24,0.0512220002710819,0.0512220002710819,0.0529510006308555,0.0509550012648105,0.0521509982645511,19765784
2023-06-25,0.051741000264883,0.051741000264883,0.0580420009791851,0.051045998930931,0.0512220002710819,61970797
2023-06-26,0.0496569983661174,0.0496569983661174,0.0525350011885166,0.0493820011615753,0.0517520010471344,28066616
2023-06-27,0.0505779981613159,0.0505779981613159,0.05120699852705,0.0495770014822483,0.0496559999883174,18149897
2023-06-28,0.0476699993014335,0.0476699993014335,0.0505769997835159,0.0476169995963573,0.0505769997835159,21783674
2023-06-29,0.0483010001480579,0.0483010001480579,0.0497560016810894,0.047589998692274,0.0476679988205432,16383169
2023-06-30,0.0506069995462894,0.0506069995462894,0.0513730011880397,0.0477930009365081,0.0482980012893676,37113365
2023-07-01,0.050730001181364,0.050730001181364,0.0517939999699592,0.0501799993216991,0.0506090000271797,21885179
2023-07-02,0.0500900000333786,0.0500900000333786,0.050755999982357,0.0494830012321472,0.0507320016622543,19148389
2023-07-03,0.0502070002257823,0.0502070002257823,0.0513949990272522,0.0499060004949569,0.0500839985907077,24778251
2023-07-04,0.048539999872446,0.048539999872446,0.0503600016236305,0.0483409985899925,0.0502070002257823,24137510
2023-07-05,0.0472569987177848,0.0472569987177848,0.0491040013730526,0.0470100007951259,0.0485469996929168,24754613
2023-07-06,0.0461929999291896,0.0461929999291896,0.048905000090599,0.0461810007691383,0.0472560003399848,23583689
2023-07-07,0.0471579991281032,0.0471579991281032,0.0472939983010292,0.0458200015127658,0.0461950004100799,16473618
2023-07-08,0.047139998525381,0.047139998525381,0.0475560016930103,0.0466450005769729,0.0471539981663227,14058943
2023-07-09,0.0471459999680519,0.0471459999680519,0.0476760007441043,0.0468280017375946,0.0470990017056465,12763457
2023-07-10,0.0474979989230632,0.0474979989230632,0.0480509996414184,0.0461300015449523,0.0471060015261173,19016761
2023-07-11,0.0482919998466968,0.0482919998466968,0.048335000872612,0.047054000198841,0.0474999994039535,16665835
2023-07-12,0.0483149997889995,0.0483149997889995,0.0492240004241466,0.0479560010135173,0.0482919998466968,19477104
2023-07-13,0.0523889996111393,0.0523889996111393,0.0526090003550052,0.0477249994874,0.0483079999685287,36170045
2023-07-14,0.0511370003223419,0.0511370003223419,0.0542379990220069,0.0498320013284683,0.0523819997906684,41348317
2023-07-15,0.0520659983158111,0.0520659983158111,0.0533760003745555,0.0505639985203743,0.0511289983987808,27440972
2023-07-16,0.0508360005915164,0.0508360005915164,0.0525659993290901,0.0508360005915164,0.0520649999380111,24611553
2023-07-17,0.05197099968791,0.05197099968791,0.0530049987137317,0.0502340011298656,0.0508369989693164,32314128
2023-07-18,0.0527449995279312,0.0527449995279312,0.0550069995224475,0.0513640008866786,0.0519649982452392,93633173
2023-07-19,0.0561939999461174,0.0561939999461174,0.0578900016844272,0.0524789988994598,0.0527670010924339,150888981
2023-07-20,0.0570419989526271,0.0570419989526271,0.0612149983644485,0.0543249994516372,0.0561960004270076,167498415
2023-07-21,0.0555999986827373,0.0555999986827373,0.0571499988436698,0.0547289997339248,0.0570450015366077,62096822
2023-07-22,0.0535989999771118,0.0535989999771118,0.055596999824047,0.0532549992203712,0.055596999824047,49398732
2023-07-23,0.0534440018236637,0.0534440018236637,0.054467998445034,0.0528319999575614,0.0536030009388923,46956152
2023-07-24,0.0519680008292198,0.0519680008292198,0.0546710006892681,0.0513559989631176,0.0534450002014637,70971316
2023-07-25,0.052301000803709,0.052301000803709,0.0524360015988349,0.0514970012009143,0.0519680008292198,43864284
2023-07-26,0.0524040013551712,0.0524040013551712,0.0528299994766712,0.0513829998672008,0.0523039996623992,42614991
2023-07-27,0.0518440008163452,0.0518440008163452,0.0532170012593269,0.0516289994120597,0.0524020008742809,49442468
2023-07-28,0.0526369996368885,0.0526369996368885,0.0526680015027523,0.0510509982705116,0.0518429987132549,40772418
2023-07-29,0.0538339987397193,0.0538339987397193,0.053856998682022,0.0526189990341663,0.0526360012590885,34486123
2023-07-30,0.052896998822689,0.052896998822689,0.0542550012469291,0.05205599963665,0.0538370013236999,23107944
2023-07-31,0.0522859990596771,0.0522859990596771,0.0532580018043518,0.051766999065876,0.052896998822689,19543436
2023-08-01,0.0518169999122619,0.0518169999122619,0.0522879995405674,0.0507839992642402,0.0522879995405674,26258790
2023-08-02,0.0526029989123344,0.0526029989123344,0.0535290017724037,0.0509180016815662,0.0518160015344619,60392708
2023-08-03,0.0533480010926723,0.0533480010926723,0.0543869994580745,0.0525519996881485,0.0526020005345344,62808416
2023-08-04,0.0531670004129409,0.0531670004129409,0.0538830012083053,0.0525400005280971,0.0533640012145042,37935188
2023-08-05,0.0525370016694068,0.0525370016694068,0.0532689988613128,0.0517399981617927,0.0531670004129409,27865096
2023-08-06,0.0573819987475872,0.0573819987475872,0.059553001075983,0.0524439997971057,0.0525380000472068,120500367
2023-08-07,0.0564690008759498,0.0564690008759498,0.0575199984014034,0.0548279993236064,0.0573699995875358,54775982
2023-08-08,0.061829999089241,0.061829999089241,0.0623629987239837,0.0562900006771087,0.0564659982919693,169723899
2023-08-09,0.0597859993577003,0.0597859993577003,0.0635270029306411,0.0597469992935657,0.0618240013718605,105765412
2023-08-10,0.0576899982988834,0.0576899982988834,0.0598019994795322,0.0576810017228126,0.05978300049901,46640970
2023-08-11,0.0565599985420703,0.0565599985420703,0.0576910004019737,0.0562000013887882,0.0576910004019737,31151234
2023-08-12,0.0563229992985725,0.0563229992985725,0.0574950017035007,0.0557419992983341,0.0565610006451606,23472432
2023-08-13,0.0569449998438358,0.0569449998438358,0.0571210011839866,0.0558639988303184,0.0563259981572628,19119649
2023-08-14,0.0655210018157959,0.0655210018157959,0.0671999976038932,0.056937001645565,0.0569440014660358,293740551
2023-08-15,0.0674699991941452,0.0674699991941452,0.0751470029354095,0.0648339986801147,0.0655170008540153,382753828
2023-08-16,0.0627150014042854,0.0627150014042854,0.0689380019903183,0.0613979995250701,0.0674839988350868,279771183
2023-08-17,0.057728998363018,0.057728998363018,0.0631740018725395,0.0542350001633167,0.0626920014619827,144328975
2023-08-18,0.0590739995241165,0.0590739995241165,0.0594709999859333,0.0547199994325637,0.0577230006456375,88712376
2023-08-19,0.065260000526905,0.065260000526905,0.0682369992136955,0.0590739995241165,0.0590739995241165,239989537
2023-08-20,0.0614480003714561,0.0614480003714561,0.065932996571064,0.0613030008971691,0.0652550011873245,96791536
2023-08-21,0.0612599998712539,0.0612599998712539,0.0645840018987655,0.0604050010442733,0.0614410005509853,150044317
2023-08-22,0.0589030012488365,0.0589030012488365,0.0636779963970184,0.057592999190092,0.0612579993903636,110562632
2023-08-23,0.0617940016090869,0.0617940016090869,0.0618369989097118,0.0580310001969337,0.0589030012488365,109635149
2023-08-24,0.0592309981584548,0.0592309981584548,0.062950000166893,0.0587709993124008,0.0617959983646869,83922021
2023-08-25,0.0588600002229213,0.0588600002229213,0.0614090003073215,0.0583180002868175,0.0592049993574619,82946496
2023-08-26,0.0579369999468326,0.0579369999468326,0.0589569993317127,0.0564519986510276,0.0588600002229213,49943222
2023-08-27,0.058203998953104,0.058203998953104,0.0592929981648922,0.0575230009853839,0.0579360015690326,72774310
2023-08-28,0.0561169981956481,0.0561169981956481,0.0584810003638267,0.0553570017218589,0.058203000575304,52620292
2023-08-29,0.0563229992985725,0.0563229992985725,0.0571129992604255,0.0528700016438961,0.0561200007796287,85765895
2023-08-30,0.0536849983036518,0.0536849983036518,0.0563349984586238,0.0532170012593269,0.0563249997794628,51598523
2023-08-31,0.0524189993739128,0.0524189993739128,0.0536979995667934,0.0515180006623268,0.0536880008876323,54013994
2023-09-01,0.0499599985778331,0.0499599985778331,0.052811000496149,0.0489160008728504,0.052420999854803,61703103
2023-09-02,0.0497110001742839,0.0497110001742839,0.0504380017518997,0.0479680001735687,0.0499610006809234,62775967
2023-09-03,0.0486389994621276,0.0486389994621276,0.0503490008413791,0.0482620000839233,0.0497119985520839,42503192
2023-09-04,0.0483929999172687,0.0483929999172687,0.0491890013217926,0.0480439998209476,0.0486360006034374,32568870
2023-09-05,0.0494019985198974,0.0494019985198974,0.0497790016233921,0.0480250008404254,0.0484010018408298,32107190
2023-09-06,0.0492429994046688,0.0492429994046688,0.0500079989433288,0.0478250011801719,0.0493960008025169,32853875
2023-09-07,0.0499080009758472,0.0499080009758472,0.0499080009758472,0.0485850013792514,0.0492530018091201,21852473
2023-09-08,0.0498850010335445,0.0498850010335445,0.0508430004119873,0.0493520013988018,0.0499080009758472,25172212
2023-09-09,0.0490630008280277,0.0490630008280277,0.0501630008220672,0.0490129999816417,0.0498850010335445,14483618
2023-09-10,0.047860998660326,0.047860998660326,0.0490610003471374,0.0472909994423389,0.0490610003471374,27272100
2023-09-11,0.0464010015130043,0.0464010015130043,0.0480000004172325,0.0455109998583793,0.047860000282526,38044236
2023-09-12,0.0470420010387897,0.0470420010387897,0.0477170012891292,0.0461679995059967,0.0464019998908042,26139089
2023-09-13,0.0496769994497299,0.0496769994497299,0.0498670004308223,0.0469469986855983,0.0470409989356994,34328839
2023-09-14,0.0515770018100738,0.0515770018100738,0.0528200007975101,0.0496749989688396,0.0496769994497299,114107719
2023-09-15,0.0519630014896392,0.0519630014896392,0.0519630014896392,0.0497910007834434,0.0515949986875057,36845401
2023-09-16,0.0516839995980262,0.0516839995980262,0.0522390007972717,0.0508040003478527,0.0519599989056587,25580018
2023-09-17,0.0496210008859634,0.0496210008859634,0.0516939982771873,0.0491879992187023,0.051690999418497,19296869
2023-09-18,0.0501269996166229,0.0501269996166229,0.0515629984438419,0.0491760000586509,0.0496160015463829,22581534
2023-09-19,0.0509909987449646,0.0509909987449646,0.0511359982192516,0.0500200018286705,0.0501240007579326,19277780
2023-09-20,0.0505569986999034,0.0505569986999034,0.0513439998030662,0.0499779991805553,0.0509909987449646,19545513
2023-09-21,0.050425000488758,0.050425000488758,0.0515620000660419,0.0496269986033439,0.0505569986999034,304760532
2023-09-22,0.0504719987511634,0.0504719987511634,0.0505449995398521,0.0499939993023872,0.0504239983856678,14825960
2023-09-23,0.0519150011241436,0.0519150011241436,0.0519150011241436,0.0503210015594959,0.0504699982702732,19669718
2023-09-24,0.0498629994690418,0.0498629994690418,0.0519720017910003,0.0498190000653266,0.0519189983606338,16247646
2023-09-25,0.0505260005593299,0.0505260005593299,0.0506520010530948,0.0497290007770061,0.0498649999499321,24396086
2023-09-26,0.0494129993021488,0.0494129993021488,0.0505179986357688,0.0490889996290206,0.0505179986357688,329473427
2023-09-27,0.0494530014693737,0.0494530014693737,0.0500289984047412,0.0488520003855228,0.0494109988212585,271120261
2023-09-28,0.049880001693964,0.049880001693964,0.0499069988727569,0.0492930002510547,0.0494499988853931,43449949
2023-09-29,0.0495159998536109,0.0495159998536109,0.0500149987637996,0.0493980012834072,0.0498769991099834,34188620
2023-09-30,0.0497479997575283,0.0497479997575283,0.0500349998474121,0.0495069995522499,0.0495139993727207,16598401
2023-10-01,0.05078100040555,0.05078100040555,0.0509169995784759,0.0496780015528202,0.0497479997575283,38660316
2023-10-02,0.0499220006167888,0.0499220006167888,0.0518569983541965,0.0495890006422996,0.0507789999246597,65358130
2023-10-03,0.0493660010397434,0.0493660010397434,0.0516530014574527,0.0493620000779628,0.0499209985136985,67736130
2023-10-04,0.0488610006868839,0.0488610006868839,0.0494620017707347,0.0482390001416206,0.0493689998984336,51614130
2023-10-05,0.0481069982051849,0.0481069982051849,0.0489430017769336,0.0479900017380714,0.0488599985837936,40345635
2023-10-06,0.0484399981796741,0.0484399981796741,0.0485100001096725,0.0477930009365081,0.0481069982051849,44671344
2023-10-07,0.048225998878479,0.048225998878479,0.0486089996993541,0.0480259992182254,0.0484389998018741,29979604
2023-10-08,0.0480590015649795,0.0480590015649795,0.0483429990708828,0.0478969998657703,0.04823499917984,21705641
2023-10-09,0.0464890003204345,0.0464890003204345,0.0481449998915195,0.0459319986402988,0.0480590015649795,39208646
2023-10-10,0.0469419993460178,0.0469419993460178,0.0475060008466243,0.0464200004935264,0.0464879982173442,31792871
2023-10-11,0.0466209985315799,0.0466209985315799,0.0471360012888908,0.0457240007817745,0.0469480007886886,31232538
2023-10-12,0.0456239990890026,0.0456239990890026,0.046629000455141,0.0450810007750988,0.0466200001537799,32291203
2023-10-13,0.0466700010001659,0.0466700010001659,0.0471099987626075,0.0455159991979599,0.0456300005316734,26406514
2023-10-14,0.0468229986727237,0.0468229986727237,0.0469480007886886,0.0465269982814788,0.0466689988970756,20782625
2023-10-15,0.0467879995703697,0.0467879995703697,0.0472190007567405,0.0466849990189075,0.0468220002949237,23732238
2023-10-16,0.0475150011479854,0.0475150011479854,0.0484220013022422,0.0466860011219978,0.0467929989099502,34712540
2023-10-17,0.0466919988393783,0.0466919988393783,0.0476350001990795,0.0461839996278286,0.0475139990448951,31952943
2023-10-18,0.0474560000002384,0.0474560000002384,0.0485870018601417,0.0466089993715286,0.0466919988393783,72863757
2023-10-19,0.0458160005509853,0.0458160005509853,0.0474869981408119,0.0457670018076896,0.0474530011415481,42617487
2023-10-20,0.0474300011992454,0.0474300011992454,0.0477220006287097,0.0458090007305145,0.0458189994096756,43245968
2023-10-21,0.0490319989621639,0.0490319989621639,0.0493110008537769,0.0473870001733303,0.0474300011992454,36367199
2023-10-22,0.0499260015785694,0.0499260015785694,0.0499869994819164,0.048454999923706,0.0490280017256736,42975047
2023-10-23,0.05180000141263,0.05180000141263,0.0523069985210895,0.0490479990839958,0.0500230006873607,64574025
2023-10-24,0.0513660013675689,0.0513660013675689,0.053406998515129,0.0504559986293315,0.0517980009317398,91083236
2023-10-25,0.0520839989185333,0.0520839989185333,0.0526079982519149,0.0507699996232986,0.0513719990849494,46130046
2023-10-26,0.052946001291275,0.052946001291275,0.0540859997272491,0.0513520017266273,0.0520920008420944,96138220
2023-10-27,0.0509929992258548,0.0509929992258548,0.0530820004642009,0.0505149997770786,0.0529629997909069,66018984
2023-10-28,0.0519599989056587,0.0519599989056587,0.0522890016436576,0.0509570017457008,0.0509949997067451,29444619
2023-10-29,0.0524899996817112,0.0524899996817112,0.0528529994189739,0.0512720011174678,0.0519560016691684,32219810
2023-10-30,0.0537079982459545,0.0537079982459545,0.053761001676321,0.0520710013806819,0.0524850003421306,60135147
2023-10-31,0.0524870008230209,0.0524870008230209,0.053881000727415,0.050645999610424,0.0536939986050128,66708114
2023-11-01,0.0536030009388923,0.0536030009388923,0.0539599992334842,0.0506739988923072,0.0524870008230209,81446937
2023-11-02,0.0554869994521141,0.0554869994521141,0.0566020011901855,0.0534369982779026,0.0536069981753826,120061153
2023-11-03,0.0547799989581108,0.0547799989581108,0.0555820018053054,0.0531789995729923,0.0554930008947849,48691721
2023-11-04,0.055697001516819,0.055697001516819,0.0559399984776973,0.0543959997594356,0.0547849982976913,26597242
2023-11-05,0.0558950006961822,0.0558950006961822,0.0565109997987747,0.0550949983298778,0.0556930005550384,35009931
2023-11-06,0.0585809983313083,0.0585809983313083,0.0587849989533424,0.0553440004587173,0.0558939985930919,37876130
2023-11-07,0.0575870014727115,0.0575870014727115,0.0620989985764026,0.0562859997153282,0.0585869997739791,109402468
2023-11-08,0.0606079995632171,0.0606079995632171,0.0609739981591701,0.0571690015494823,0.0575859993696212,74499606
2023-11-09,0.059773001819849,0.059773001819849,0.0624700002372264,0.0566899999976158,0.0606009997427463,105126121
2023-11-10,0.0628290027379989,0.0628290027379989,0.0629220008850097,0.0595490001142025,0.0596599988639354,77405059
2023-11-11,0.0619009993970394,0.0619009993970394,0.0643189996480941,0.0611010007560253,0.0628219991922378,93248053
2023-11-12,0.062144000083208,0.062144000083208,0.0634030029177665,0.0603169985115528,0.0619070008397102,74437085
2023-11-13,0.0591729991137981,0.0591729991137981,0.0632769986987114,0.0588009990751743,0.0621480010449886,67549890
2023-11-14,0.0584999993443489,0.0584999993443489,0.0602129995822906,0.0569670014083385,0.059128001332283,67394743
2023-11-15,0.0618260018527507,0.0618260018527507,0.061863999813795,0.0583040006458759,0.0584999993443489,67972870
2023-11-16,0.0608029998838901,0.0608029998838901,0.0635889992117881,0.0603649988770484,0.0617760010063648,84583701
2023-11-17,0.0638270005583763,0.0638270005583763,0.0678720027208328,0.0599469989538192,0.0608099997043609,153990500
2023-11-18,0.0616689994931221,0.0616689994931221,0.0652270019054412,0.0602630004286766,0.0638339966535568,79129724
2023-11-19,0.0625839978456497,0.0625839978456497,0.06266800314188,0.0602650009095668,0.0616730004549026,45058866
2023-11-20,0.0660850033164024,0.0660850033164024,0.06768199801445,0.0625839978456497,0.0625839978456497,126487647
2023-11-21,0.0587750002741813,0.0587750002741813,0.066102996468544,0.0582979992032051,0.066102996468544,97968226
2023-11-22,0.0625040009617805,0.0625040009617805,0.0634410008788108,0.0584940016269683,0.05876399949193,65687499
2023-11-23,0.061599001288414,0.061599001288414,0.0630519986152648,0.0606920011341571,0.0624959990382194,51118751
2023-11-24,0.0623169988393783,0.0623169988393783,0.0631849989295005,0.0614469982683658,0.0616040006279945,46212379
2023-11-25,0.0635379999876022,0.0635379999876022,0.0636330023407936,0.0621890015900135,0.0623090006411075,38687326
2023-11-26,0.0629210025072097,0.0629210025072097,0.0638760030269622,0.0618080012500286,0.0635349974036216,43713696
2023-11-27,0.0615580007433891,0.0615580007433891,0.0630879998207092,0.0602260008454322,0.0629179999232292,51702690
2023-11-28,0.0611770004034042,0.0611770004034042,0.0617149993777275,0.0594349987804889,0.0615699999034404,47640261
2023-11-29,0.0601419992744922,0.0601419992744922,0.0614090003073215,0.0598310008645057,0.061184998601675,45617810
2023-11-30,0.0602400004863739,0.0602400004863739,0.0610210001468658,0.0599519982933998,0.0601399987936019,43405388
2023-12-01,0.060878001153469,0.060878001153469,0.061328001320362,0.0600319989025592,0.0602409988641738,39742602
2023-12-02,0.0624819993972778,0.0624819993972778,0.0625059977173805,0.060793001204729,0.0608839988708496,42889824
2023-12-03,0.0622869990766048,0.0622869990766048,0.0625810027122497,0.0614529997110366,0.0624790005385875,43575275
2023-12-04,0.0638310015201568,0.0638310015201568,0.0642379969358444,0.0616250000894069,0.0622860006988048,102875349
2023-12-05,0.0659160017967224,0.0659160017967224,0.0659800022840499,0.063750997185707,0.0638329982757568,76684763
2023-12-06,0.0685509964823722,0.0685509964823722,0.0709080025553703,0.065929003059864,0.065929003059864,147331148
2023-12-07,0.0692180022597312,0.0692180022597312,0.069302998483181,0.0660850033164024,0.0685610026121139,70559018
2023-12-08,0.0742560029029846,0.0742560029029846,0.0745799988508224,0.0685369968414306,0.0692230015993118,83027287
2023-12-09,0.0743810012936592,0.0743810012936592,0.0773150026798248,0.0739559978246688,0.074253998696804,93024725
2023-12-10,0.0750589966773986,0.0750589966773986,0.076275996863842,0.0721340030431747,0.0743779987096786,72643906
2023-12-11,0.0709659978747367,0.0709659978747367,0.0758640021085739,0.0686070024967193,0.0750600025057792,105377718
2023-12-12,0.0754870027303695,0.0754870027303695,0.0756919980049133,0.0707949995994567,0.0709500014781951,82405210
2023-12-13,0.0768269971013069,0.0768269971013069,0.0799489989876747,0.0724619999527931,0.075484998524189,125675568
2023-12-14,0.0838430002331733,0.0838430002331733,0.0848620012402534,0.0768439993262291,0.0768439993262291,119273542
2023-12-15,0.0799669995903968,0.0799669995903968,0.0880739986896514,0.0798370018601417,0.0838299989700317,130848995
2023-12-16,0.0799010023474693,0.0799010023474693,0.0832130014896392,0.0797609984874725,0.0799679979681968,73468898
2023-12-17,0.0785420015454292,0.0785420015454292,0.0804200023412704,0.078014001250267,0.0799029991030693,60778489
2023-12-18,0.0794949978590011,0.0794949978590011,0.0795869976282119,0.0728550031781196,0.0785460025072097,93122543
2023-12-19,0.0815479978919029,0.0815479978919029,0.0815479978919029,0.0784740000963211,0.0795089974999427,77827356
2023-12-20,0.0869999974966049,0.0869999974966049,0.0900259986519813,0.0808050036430358,0.0815420001745224,148656607
2023-12-21,0.0912410020828247,0.0912410020828247,0.0927300006151199,0.0853300020098686,0.0869989991188049,112741551
2023-12-22,0.0909110009670257,0.0909110009670257,0.0939460024237632,0.0875959992408752,0.0912479981780052,113662298
2023-12-23,0.0912310034036636,0.0912310034036636,0.091730996966362,0.087178997695446,0.0909100025892257,65445388
2023-12-24,0.0903130024671554,0.0903130024671554,0.0946310013532638,0.0885810032486915,0.091218002140522,112653632
2023-12-25,0.0924990028142929,0.0924990028142929,0.093250997364521,0.0893929973244667,0.090317003428936,79126130
2023-12-26,0.0897980034351348,0.0897980034351348,0.092569001019001,0.0862179994583129,0.0924969986081123,109149525
2023-12-27,0.0922119989991188,0.0922119989991188,0.0933479964733123,0.0863299965858459,0.0898099988698959,85442742
2023-12-28,0.0895479992032051,0.0895479992032051,0.0942230001091957,0.0893429964780807,0.0922079980373382,89850144
2023-12-29,0.0890469998121261,0.0890469998121261,0.0911329984664917,0.0872099995613098,0.0895460024476051,74886205
2023-12-30,0.0871260017156601,0.0871260017156601,0.0896999984979629,0.0863649994134903,0.0890479981899261,51021575
2023-12-31,0.0859159976243972,0.0859159976243972,0.0891819968819618,0.0856259986758232,0.0871239975094795,55716015
2024-01-01,0.0916159972548484,0.0916159972548484,0.0923649966716766,0.0841370001435279,0.0859280005097389,68643781
2024-01-02,0.0969929993152618,0.0969929993152618,0.1008789986371994,0.0913769975304603,0.091618001461029,210777869
2024-01-03,0.0883020013570785,0.0883020013570785,0.0991730019450187,0.0828239992260932,0.0969950035214424,208014481
2024-01-04,0.0881209969520568,0.0881209969520568,0.0893340036273002,0.0856129974126815,0.0882899984717369,102590361
2024-01-05,0.0847769975662231,0.0847769975662231,0.0884260013699531,0.0814089998602867,0.0881170034408569,105059577
2024-01-06,0.0795240029692649,0.0795240029692649,0.0848219990730285,0.0787509977817535,0.0847769975662231,83421132
2024-01-07,0.0752070024609565,0.0752070024609565,0.0809589996933937,0.0750780031085014,0.0795319974422454,68466677
2024-01-08,0.0815730020403862,0.0815730020403862,0.0821899995207786,0.0702790021896362,0.0752279981970787,112516012
2024-01-09,0.0775000005960464,0.0775000005960464,0.0816740021109581,0.0755759999155998,0.0815860033035278,81876287
2024-01-10,0.0833349972963333,0.0833349972963333,0.0852729976177215,0.0744810029864311,0.0775109976530075,108258965
2024-01-11,0.0842780023813247,0.0842780023813247,0.0873429998755455,0.0818059965968132,0.0833600014448165,102141731
2024-01-12,0.0800620019435882,0.0800620019435882,0.0851479992270469,0.0777219980955123,0.0842740014195442,99863290
2024-01-13,0.0811619982123375,0.0811619982123375,0.0815950036048889,0.0779300034046173,0.0800400003790855,70064740
2024-01-14,0.077064998447895,0.077064998447895,0.0811839997768402,0.0769779980182647,0.0811579972505569,55153911
2024-01-15,0.0777899995446205,0.0777899995446205,0.0795890018343925,0.0770249962806701,0.077053003013134,58506641
2024-01-16,0.0805559977889061,0.0805559977889061,0.0816060006618499,0.0774340033531189,0.0777570009231567,61223297
2024-01-17,0.0790010020136833,0.0790010020136833,0.0810220018029213,0.0784310027956962,0.0805429965257644,46878233
2024-01-18,0.075214996933937,0.075214996933937,0.0794880017638206,0.0741970017552375,0.0789399966597557,47132848
2024-01-19,0.0755510032176971,0.0755510032176971,0.0761080011725425,0.0724079981446266,0.0752189978957176,57106374
2024-01-20,0.0763520002365112,0.0763520002365112,0.0768110007047653,0.0746830031275749,0.0755489990115165,29236267
2024-01-21,0.0754270032048225,0.0754270032048225,0.0774289965629577,0.0754270032048225,0.0763520002365112,29194446
2024-01-22,0.0712080001831054,0.0712080001831054,0.0758910030126571,0.0708450004458427,0.0754360035061836,52328004
2024-01-23,0.0706259980797767,0.0706259980797767,0.072293996810913,0.0673210024833679,0.0712070018053054,56318301
2024-01-24,0.0722440034151077,0.0722440034151077,0.0725879967212677,0.0699359998106956,0.0706259980797767,38498405
2024-01-25,0.0713350027799606,0.0713350027799606,0.0724380016326904,0.0698809996247291,0.0722590014338493,29534319
2024-01-26,0.0745370015501976,0.0745370015501976,0.0747359991073608,0.0705050006508827,0.0713130012154579,33431485
2024-01-27,0.0744369998574256,0.0744369998574256,0.07532399892807,0.073743999004364,0.0745040029287338,23244219
2024-01-28,0.0733560025691986,0.0733560025691986,0.075995996594429,0.0727489963173866,0.0744199976325035,31198354
2024-01-29,0.0744099989533424,0.0744099989533424,0.0745659992098808,0.0714140012860298,0.0733600035309791,34057044
2024-01-30,0.0729359984397888,0.0729359984397888,0.0751369968056678,0.0726940035820007,0.0744099989533424,40920961
2024-01-31,0.0695409998297691,0.0695409998297691,0.0730179995298385,0.0689300000667572,0.0729110017418861,56542228
2024-02-01,0.0702290013432502,0.0702290013432502,0.0702779963612556,0.0682979971170425,0.069532997906208,43436241
2024-02-02,0.069191999733448,0.069191999733448,0.0709180012345314,0.0682760030031204,0.0702349990606308,47522187
2024-02-03,0.0692920014262199,0.0692920014262199,0.070031002163887,0.0685079991817474,0.0692000016570091,24995892
2024-02-04,0.068411000072956,0.068411000072956,0.0696040019392967,0.0681890025734901,0.0693039968609809,23223312
2024-02-05,0.0694290027022361,0.0694290027022361,0.0706980004906654,0.0675460025668144,0.0684060007333755,29117774
2024-02-06,0.0749329999089241,0.0749329999089241,0.0768179967999458,0.0690959990024566,0.0694250017404556,175360630
2024-02-07,0.0758860036730766,0.0758860036730766,0.0768010020256042,0.0708469972014427,0.0749709978699684,101708881
2024-02-08,0.0760129988193512,0.0760129988193512,0.0783360004425048,0.0755980014801025,0.0758899971842765,71983362
2024-02-09,0.0794610008597374,0.0794610008597374,0.0796749964356422,0.0755570009350776,0.0760189965367317,67470213
2024-02-10,0.0789399966597557,0.0789399966597557,0.0802239999175071,0.0774660035967826,0.0794610008597374,37388533
2024-02-11,0.0782919973134994,0.0782919973134994,0.0797770023345947,0.0776880010962486,0.0789399966597557,34456018
2024-02-12,0.0797479972243309,0.0797479972243309,0.0802849978208541,0.0763709992170333,0.0783030018210411,40956664
2024-02-13,0.0815140008926391,0.0815140008926391,0.0820899978280067,0.07846699655056,0.0797469988465309,68259664
2024-02-14,0.0825060009956359,0.0825060009956359,0.0843110010027885,0.0804309993982315,0.0815009996294975,63987011
2024-02-15,0.0828669965267181,0.0828669965267181,0.0843499973416328,0.0815780013799667,0.082505002617836,66089133
2024-02-16,0.0856499969959259,0.0856499969959259,0.0858459994196891,0.0824979990720748,0.0828680023550987,69334178
2024-02-17,0.0834970027208328,0.0834970027208328,0.0858160033822059,0.0816410034894943,0.0856240019202232,47829670
2024-02-18,0.0897469967603683,0.0897469967603683,0.0917920023202896,0.0834980010986328,0.0834980010986328,108918970
2024-02-19,0.1119939982891082,0.1119939982891082,0.1172590032219886,0.0897149965167045,0.0897530019283294,551527663
2024-02-20,0.1074590012431144,0.1074590012431144,0.1131130009889602,0.1016499996185302,0.1119939982891082,401021657
2024-02-21,0.1045579984784126,0.1045579984784126,0.1118799969553947,0.1001159995794296,0.1074450016021728,276216269
2024-02-22,0.1161060035228729,0.1161060035228729,0.1195169985294342,0.1003570035099983,0.1045719981193542,285300995
2024-02-23,0.1094100028276443,0.1094100028276443,0.1163420006632804,0.1076010018587112,0.1160899996757507,183568992
2024-02-24,0.1100950017571449,0.1100950017571449,0.1111970022320747,0.1063949987292289,0.1093820035457611,94164241
2024-02-25,0.1092320010066032,0.1092320010066032,0.1117409989237785,0.1065979972481727,0.1100929975509643,75334362
2024-02-26,0.1116179972887039,0.1116179972887039,0.113646000623703,0.1034789979457855,0.1092429980635643,121769992
2024-02-27,0.1082369983196258,0.1082369983196258,0.1129890009760856,0.1075059995055198,0.1116169989109039,106760494
2024-02-28,0.1135179996490478,0.1135179996490478,0.1182740032672882,0.105954997241497,0.1082300022244453,250291945
2024-02-29,0.1144889965653419,0.1144889965653419,0.1238399967551231,0.1102930009365081,0.1134990006685257,197803956
2024-03-01,0.1167730018496513,0.1167730018496513,0.1176550015807151,0.1134769991040229,0.1144300028681755,96742447
2024-03-02,0.115446001291275,0.115446001291275,0.1204380020499229,0.1125930026173591,0.1167709976434707,136137952
2024-03-03,0.1130030006170272,0.1130030006170272,0.1154510006308555,0.1094190031290054,0.1154510006308555,99536149
2024-03-04,0.11735799908638,0.11735799908638,0.1195970028638839,0.1116629987955093,0.1129909977316856,169643952
2024-03-05,0.1117430031299591,0.1117430031299591,0.1274909973144531,0.0970939993858337,0.1173470020294189,396026382
2024-03-06,0.1258179992437362,0.1258179992437362,0.1262540072202682,0.1085290014743805,0.1117409989237785,187871054
2024-03-07,0.1339469999074936,0.1339469999074936,0.1386909931898117,0.1250299960374832,0.1258179992437362,215454678
2024-03-08,0.1307159960269928,0.1307159960269928,0.1349020004272461,0.1248029991984367,0.1339450031518936,150547825
2024-03-09,0.1307629942893982,0.1307629942893982,0.1319099962711334,0.1288789957761764,0.1307159960269928,66720689
2024-03-10,0.1259379982948303,0.1259379982948303,0.1329980045557022,0.1232950016856193,0.1307629942893982,87908222
2024-03-11,0.1326840072870254,0.1326840072870254,0.1328160017728805,0.1214990019798278,0.1259369999170303,127219480
2024-03-12,0.1331769973039627,0.1331769973039627,0.1334269940853119,0.1233099997043609,0.1326840072870254,130875588
2024-03-13,0.1326150000095367,0.1326150000095367,0.1384540051221847,0.1291850060224533,0.1331769973039627,183055451
2024-03-14,0.1269740015268325,0.1269740015268325,0.1326480060815811,0.1205020025372505,0.1326150000095367,112415518
2024-03-15,0.1202619969844818,0.1202619969844818,0.1273320019245147,0.1115939989686012,0.1269740015268325,138709065
2024-03-16,0.1108120009303093,0.1108120009303093,0.1245390027761459,0.1085710003972053,0.1202619969844818,103749057
2024-03-17,0.1163650006055831,0.1163650006055831,0.1197249963879585,0.1072139963507652,0.1108120009303093,82035481
2024-03-18,0.1118730008602142,0.1118730008602142,0.1163799986243248,0.1085629984736442,0.1163650006055831,88060690
2024-03-19,0.1013059988617897,0.1013059988617897,0.1132080033421516,0.0989859998226165,0.1118720024824142,138933767
2024-03-20,0.1113810017704963,0.1113810017704963,0.1121549978852272,0.0984629988670349,0.1012990027666091,100836589
2024-03-21,0.1099859997630119,0.1099859997630119,0.1130390018224716,0.1077580004930496,0.1113810017704963,75783018
2024-03-22,0.10640499740839,0.10640499740839,0.1119470000267028,0.103653997182846,0.1099859997630119,56321286
2024-03-23,0.1066199988126754,0.1066199988126754,0.1099179983139038,0.1051570028066635,0.10640499740839,40999660
2024-03-24,0.1098629981279373,0.1098629981279373,0.1103689968585968,0.1056530028581619,0.1066199988126754,42264551
2024-03-25,0.1171469986438751,0.1171469986438751,0.1188009977340698,0.1096720024943351,0.1098629981279373,73527794
2024-03-26,0.1203299984335899,0.1203299984335899,0.1302459985017776,0.1169380024075508,0.1171469986438751,163477891
2024-03-27,0.1137339994311332,0.1137339994311332,0.1213819980621337,0.1122979968786239,0.1203299984335899,108853536
2024-03-28,0.1161959990859031,0.1161959990859031,0.1174630001187324,0.111355997622013,0.1137339994311332,64238270
2024-03-29,0.1160989999771118,0.1160989999771118,0.1177430003881454,0.1126480028033256,0.1161959990859031,54339428
2024-03-30,0.1136189997196197,0.1136189997196197,0.116457998752594,0.1129330024123191,0.1160989999771118,44790919
2024-03-31,0.115727998316288,0.115727998316288,0.1193040013313293,0.1131379976868629,0.1136189997196197,59165464
2024-04-01,0.1099869981408119,0.1099869981408119,0.1164650022983551,0.1070469990372657,0.115727998316288,75335902
2024-04-02,0.1036019995808601,0.1036019995808601,0.109995000064373,0.102572001516819,0.1099869981408119,73149221
2024-04-03,0.1027169972658157,0.1027169972658157,0.1068880036473274,0.1006449982523918,0.1036019995808601,58907336
2024-04-04,0.1051860004663467,0.1051860004663467,0.1072990000247955,0.1014200001955032,0.1027169972658157,55310427
2024-04-05,0.1046229973435401,0.1046229973435401,0.1053130030632019,0.1002049967646598,0.1051860004663467,47459422
2024-04-06,0.1060070022940635,0.1060070022940635,0.1068219989538192,0.1044379994273185,0.1046229973435401,29113427
2024-04-07,0.1058579981327056,0.1058579981327056,0.1075159981846809,0.1045219972729682,0.1060070022940635,31222466
2024-04-08,0.1094899997115135,0.1094899997115135,0.1104220002889633,0.1025110036134719,0.1058579981327056,76819902
2024-04-09,0.1034149974584579,0.1034149974584579,0.1095890030264854,0.1031830012798309,0.1094899997115135,66319318
2024-04-10,0.1023169979453086,0.1023169979453086,0.1042710021138191,0.0987130030989646,0.1034189984202385,63486799
2024-04-11,0.0999149978160858,0.0999149978160858,0.1028959974646568,0.0983420014381408,0.1023169979453086,50830287
2024-04-12,0.0877109989523887,0.0877109989523887,0.1010370030999183,0.07863499969244,0.0999149978160858,125235138
2024-04-13,0.078864000737667,0.078864000737667,0.087736003100872,0.0691810026764869,0.0877109989523887,161428389
2024-04-14,0.0836109966039657,0.0836109966039657,0.0836889967322349,0.0744040012359619,0.078864000737667,109814169
2024-04-15,0.0795300006866455,0.0795300006866455,0.0878830030560493,0.0775469988584518,0.0836109966039657,80802842
2024-04-16,0.0798899978399276,0.0798899978399276,0.0810920000076294,0.076603002846241,0.0795300006866455,63409998
2024-04-17,0.0781129971146583,0.0781129971146583,0.0807029977440834,0.075884997844696,0.0798899978399276,48474786
2024-04-18,0.0823019966483116,0.0823019966483116,0.08279599994421,0.076612003147602,0.0781129971146583,47237073
2024-04-19,0.0805040001869201,0.0805040001869201,0.0841490030288696,0.0764539986848831,0.0823019966483116,62633416
2024-04-20,0.086897999048233,0.086897999048233,0.0870520025491714,0.0795890018343925,0.0805040001869201,39367584
2024-04-21,0.0887769982218742,0.0887769982218742,0.091337002813816,0.0859510004520416,0.086897999048233,50423620
2024-04-22,0.0904119983315467,0.0904119983315467,0.0932739973068237,0.0886700004339218,0.0887769982218742,46440219
2024-04-23,0.156491994857788,0.156491994857788,0.1582289934158325,0.0875279977917671,0.0904119983315467,1155873956
2024-04-24,0.1246130019426345,0.1246130019426345,0.1805499941110611,0.1179940029978752,0.156491994857788,2840379076
2024-04-25,0.1196729987859726,0.1196729987859726,0.1268920004367828,0.1096139997243881,0.1246170029044151,713802846
2024-04-26,0.1109189987182617,0.1109189987182617,0.1225159987807273,0.1098200008273124,0.1196729987859726,339862958
2024-04-27,0.1064810007810592,0.1064810007810592,0.111746996641159,0.1044889986515045,0.1109189987182617,187941885
2024-04-28,0.1035280004143714,0.1035280004143714,0.1087180003523826,0.103081002831459,0.1064810007810592,122208959
2024-04-29,0.103253997862339,0.103253997862339,0.1052490025758743,0.1008189991116523,0.103532001376152,169176012
2024-04-30,0.0936639979481697,0.0936639979481697,0.1038900017738342,0.091057002544403,0.1032560020685195,196344120
2024-05-01,0.0997579991817474,0.0997579991817474,0.1082620024681091,0.0902659967541694,0.0936639979481697,312194797
2024-05-02,0.1004019975662231,0.1004019975662231,0.1012889966368675,0.0952550023794174,0.0997579991817474,164043347
2024-05-03,0.1114370003342628,0.1114370003342628,0.1155769973993301,0.0992140024900436,0.1004019975662231,313500618
2024-05-04,0.1088809967041015,0.1088809967041015,0.1121710017323494,0.1080019995570182,0.1114370003342628,122945581
2024-05-05,0.1103219985961914,0.1103219985961914,0.1112129986286163,0.1060210019350051,0.1088809967041015,102544949
2024-05-06,0.1140419989824295,0.1140419989824295,0.1228229999542236,0.1103079989552497,0.1103210002183914,307182209
2024-05-07,0.1078900024294853,0.1078900024294853,0.1161639988422393,0.107862003147602,0.1140419989824295,108697470
2024-05-08,0.1061049997806549,0.1061049997806549,0.1099240034818649,0.1051890030503273,0.1078900024294853,79169098
2024-05-09,0.1106489971280098,0.1106489971280098,0.1115010008215904,0.1058709993958473,0.1061049997806549,89902529
2024-05-10,0.1057479977607727,0.1057479977607727,0.1124600023031234,0.1050560027360916,0.1106500029563903,76528937
2024-05-11,0.1066270023584365,0.1066270023584365,0.1086509972810745,0.1052500009536743,0.1057479977607727,47329815
2024-05-12,0.1085690036416053,0.1085690036416053,0.1118720024824142,0.1065559983253479,0.1066270023584365,58490795
2024-05-13,0.1075410023331642,0.1075410023331642,0.1107719987630844,0.1025559976696968,0.1085690036416053,82671498
2024-05-14,0.1052149981260299,0.1052149981260299,0.1101009994745254,0.1049820035696029,0.1075410023331642,85706386
2024-05-15,0.1109919995069503,0.1109919995069503,0.1127170026302337,0.1045970022678375,0.1052149981260299,86948447
2024-05-16,0.1123349964618682,0.1123349964618682,0.1124320030212402,0.1079569980502128,0.1109960004687309,77874466
2024-05-17,0.1149299964308738,0.1149299964308738,0.1200539991259574,0.1118469983339309,0.1123349964618682,137071917
2024-05-18,0.1146500036120414,0.1146500036120414,0.1162000000476837,0.112976998090744,0.1149299964308738,72527204
2024-05-19,0.1109630018472671,0.1109630018472671,0.1153139993548393,0.1098970025777816,0.1146500036120414,52070804
2024-05-20,0.1175739988684654,0.1175739988684654,0.1185209974646568,0.1093830019235611,0.1109630018472671,100218374
2024-05-21,0.1150730028748512,0.1150730028748512,0.1186740025877952,0.1138869971036911,0.1175709962844848,85787901
2024-05-22,0.1132479980587959,0.1132479980587959,0.1163320019841194,0.1121480017900466,0.1150730028748512,66093549
2024-05-23,0.108814001083374,0.108814001083374,0.1153450012207031,0.1050710007548332,0.1132479980587959,92677859
2024-05-24,0.1079479977488517,0.1079479977488517,0.1100730001926422,0.1050970032811164,0.108814001083374,52422171
2024-05-25,0.1085259988903999,0.1085259988903999,0.1093119978904724,0.107804998755455,0.1079479977488517,33507432
2024-05-26,0.1067669987678527,0.1067669987678527,0.1088619977235794,0.1057680025696754,0.1085259988903999,33114490
2024-05-27,0.10674300044775,0.10674300044775,0.1094139963388443,0.1059499979019165,0.1067669987678527,47568009
2024-05-28,0.1043410003185272,0.1043410003185272,0.1068049967288971,0.1028970032930374,0.10674300044775,65060950
2024-05-29,0.10309399664402,0.10309399664402,0.1072669997811317,0.1030009984970092,0.1043360009789466,66269669
2024-05-30,0.1006430014967918,0.1006430014967918,0.1048699989914894,0.1000170037150383,0.10309399664402,59105146
2024-05-31,0.1001790016889572,0.1001790016889572,0.1016400009393692,0.098091997206211,0.1006430014967918,53148403
2024-06-01,0.0999199971556663,0.0999199971556663,0.1003879979252815,0.0996899977326393,0.1001790016889572,29122679
2024-06-02,0.0991970002651214,0.0991970002651214,0.1004080027341842,0.0977640002965927,0.0999199971556663,52115937
2024-06-03,0.1013590022921562,0.1013590022921562,0.103704996407032,0.0984499976038932,0.0991970002651214,62883209
2024-06-04,0.1024649962782859,0.1024649962782859,0.1025279983878135,0.0999289974570274,0.1013590022921562,55139144
2024-06-05,0.1044540032744407,0.1044540032744407,0.1054560020565986,0.1020359992980957,0.1024649962782859,59157261
2024-06-06,0.1014159992337226,0.1014159992337226,0.1050269976258277,0.1002150028944015,0.1044540032744407,52088501
2024-06-07,0.0940070003271102,0.0940070003271102,0.1019100025296211,0.08627600222826,0.1014159992337226,119718255
2024-06-08,0.0903329998254776,0.0903329998254776,0.0941400006413459,0.0891830027103424,0.0940079987049102,59069045
2024-06-09,0.0914419963955879,0.0914419963955879,0.0915409997105598,0.0892459973692894,0.0903339982032775,40561635
2024-06-10,0.0891129970550537,0.0891129970550537,0.091559000313282,0.088638000190258,0.0914380028843879,60224377
2024-06-11,0.0873560011386871,0.0873560011386871,0.0898540019989013,0.0845300033688545,0.0891119986772537,82665313
2024-06-12,0.0917439982295036,0.0917439982295036,0.0937929973006248,0.0860100015997886,0.0873539969325065,75727633
2024-06-13,0.0883169993758201,0.0883169993758201,0.092237003147602,0.0873290002346038,0.0917439982295036,60896338
2024-06-14,0.0863289982080459,0.0863289982080459,0.0904150009155273,0.0846360027790069,0.0883039981126785,64623589
2024-06-15,0.0848070010542869,0.0848070010542869,0.0864809975028038,0.084648996591568,0.0863209962844848,31767754
2024-06-16,0.086336001753807,0.086336001753807,0.0867479965090751,0.084037996828556,0.084816001355648,31769668
2024-06-17,0.0801969990134239,0.0801969990134239,0.0866250023245811,0.0788690000772476,0.0863329991698265,71687413
2024-06-18,0.0777219980955123,0.0777219980955123,0.0802379995584487,0.0728909969329834,0.0801919996738433,109567241
2024-06-19,0.0804769992828369,0.0804769992828369,0.0819699987769126,0.0773579999804496,0.0777110010385513,52969834
2024-06-20,0.080324001610279,0.080324001610279,0.0848290026187896,0.0802489966154098,0.0804769992828369,51565043
2024-06-21,0.078694999217987,0.078694999217987,0.0817710012197494,0.0782160013914108,0.0803409963846206,46646234
2024-06-22,0.077854998409748,0.077854998409748,0.0787239968776702,0.0775279998779296,0.0787239968776702,23994808
2024-06-23,0.0762109979987144,0.0762109979987144,0.079414002597332,0.0758399963378906,0.0778610035777092,28314543
2024-06-24,0.0775370001792907,0.0775370001792907,0.0777370035648346,0.0735770016908645,0.0762220025062561,64352935
2024-06-25,0.0787469968199729,0.0787469968199729,0.0806720033288002,0.0771619975566864,0.0775410011410713,41230304
2024-06-26,0.0761120021343231,0.0761120021343231,0.0798790007829666,0.0749019980430603,0.078754998743534,33616517
2024-06-27,0.0786190032958984,0.0786190032958984,0.0800400003790855,0.0751240029931068,0.0761120021343231,37000761
2024-06-28,0.0767939984798431,0.0767939984798431,0.0797260031104087,0.0765179991722107,0.0786160007119178,35484865
2024-06-29,0.0761160030961036,0.0761160030961036,0.0780399963259697,0.0759589970111846,0.0768020004034042,23738382
2024-06-30,0.0765210017561912,0.0765210017561912,0.0773049965500831,0.0750510022044181,0.0761189982295036,34347136
2024-07-01,0.0767040029168129,0.0767040029168129,0.078354001045227,0.0748530030250549,0.0765160024166107,45770636
2024-07-02,0.0780239999294281,0.0780239999294281,0.0790560021996498,0.0760369971394538,0.0766929984092712,44610610
2024-07-03,0.0721319988369941,0.0721319988369941,0.0782419964671135,0.0716719999909401,0.0780230015516281,60525403
2024-07-04,0.0663079991936683,0.0663079991936683,0.0724439993500709,0.0661719962954521,0.0721359997987747,64942741
2024-07-05,0.067111000418663,0.067111000418663,0.0688330009579658,0.0594549998641014,0.0662830024957656,113563299
2024-07-06,0.0700659975409507,0.0700659975409507,0.0709400027990341,0.06632000207901,0.067109003663063,45279017
2024-07-07,0.0645669996738433,0.0645669996738433,0.0700410008430481,0.0642919987440109,0.0700410008430481,38043479
2024-07-08,0.0663470029830932,0.0663470029830932,0.0683479979634285,0.0627520009875297,0.0645869970321655,61583828
2024-07-09,0.067780002951622,0.067780002951622,0.0689999982714653,0.0661479979753494,0.0663330033421516,46840209
2024-07-10,0.0664279982447624,0.0664279982447624,0.0692749992012977,0.0655350014567375,0.0678009986877441,39263455
2024-07-11,0.0656450018286705,0.0656450018286705,0.0686110034584999,0.0654259994626045,0.066430002450943,42453171
2024-07-12,0.0673229992389679,0.0673229992389679,0.0675849989056587,0.064810000360012,0.0656479969620704,34419102
2024-07-13,0.0713389962911605,0.0713389962911605,0.0719799995422363,0.0669469982385635,0.0673279985785484,39507658
2024-07-14,0.0721030011773109,0.0721030011773109,0.0731120035052299,0.0694919973611831,0.0713479965925216,39830188
2024-07-15,0.0782999992370605,0.0782999992370605,0.0792410001158714,0.0719180032610893,0.0721220001578331,60636359
2024-07-16,0.0765940025448799,0.0765940025448799,0.0792239978909492,0.0749789997935295,0.0783009976148605,59788492
2024-07-17,0.0753080025315284,0.0753080025315284,0.0789079964160919,0.0753080025315284,0.0766009986400604,50938106
2024-07-18,0.0727259963750839,0.0727259963750839,0.0761580020189285,0.0710610002279281,0.0753180012106895,47321693
2024-07-19,0.0747240036725997,0.0747240036725997,0.0755980014801025,0.0715069994330406,0.0727209970355033,49797704
2024-07-20,0.0746779963374137,0.0746779963374137,0.0759129971265792,0.0734089985489845,0.0747240036725997,35115954
2024-07-21,0.074704997241497,0.074704997241497,0.0757889971137046,0.0706349983811378,0.0746779963374137,41615298
2024-07-22,0.0708499997854232,0.0708499997854232,0.0753030031919479,0.0707029998302459,0.074704997241497,38670683
2024-07-23,0.0682620033621788,0.0682620033621788,0.0714640021324157,0.067221999168396,0.0708499997854232,53148783
2024-07-24,0.0665299966931343,0.0665299966931343,0.0702299997210502,0.0661709979176521,0.0682620033621788,37918435
2024-07-25,0.0660339966416359,0.0660339966416359,0.0669329985976219,0.0638889968395233,0.0665299966931343,58184676
2024-07-26,0.0682879984378814,0.0682879984378814,0.0685449987649917,0.0659660026431083,0.0660339966416359,39503404
2024-07-27,0.0687619969248771,0.0687619969248771,0.0702250003814697,0.0676850005984306,0.0682879984378814,37969377
2024-07-28,0.0675320029258728,0.0675320029258728,0.0691659972071647,0.0668879970908165,0.0687619969248771,24672493
2024-07-29,0.0670929998159408,0.0670929998159408,0.0693389996886253,0.0666500031948089,0.0675320029258728,40182343
2024-07-30,0.065941996872425,0.065941996872425,0.0681760013103485,0.0648870021104812,0.0670929998159408,35914628
2024-07-31,0.0629760026931762,0.0629760026931762,0.0669040009379386,0.0625469982624054,0.065941996872425,51471336
2024-08-01,0.0633639991283416,0.0633639991283416,0.0637319982051849,0.0592599995434284,0.0629760026931762,66324504
2024-08-02,0.0594570003449916,0.0594570003449916,0.0639770030975341,0.0589910000562667,0.0633639991283416,58885223
2024-08-03,0.0582249984145164,0.0582249984145164,0.0596829988062381,0.0562600009143352,0.0594570003449916,50214283
2024-08-04,0.0552439987659454,0.0552439987659454,0.0587790012359619,0.0537739992141723,0.0582249984145164,60264685
2024-08-05,0.0522329993546009,0.0522329993546009,0.0557369999587535,0.045779000967741,0.0552439987659454,213350288
2024-08-06,0.0550660006701946,0.0550660006701946,0.0563709996640682,0.0521889999508857,0.0522329993546009,76703570
2024-08-07,0.0513149984180927,0.0513149984180927,0.0570669993758201,0.0509749986231327,0.0550649985671043,63898591
2024-08-08,0.0590270012617111,0.0590270012617111,0.0591560006141662,0.0508730001747608,0.0513149984180927,58929467
2024-08-09,0.0562620013952255,0.0562620013952255,0.0590929985046386,0.0553099997341632,0.0590270012617111,50945847
2024-08-10,0.0559079982340335,0.0559079982340335,0.0570169985294342,0.0550349988043308,0.0562620013952255,30070099
2024-08-11,0.0526480004191398,0.0526480004191398,0.0573059991002082,0.052641000598669,0.0559079982340335,31081601
2024-08-12,0.0538390018045902,0.0538390018045902,0.0554639995098114,0.0525950007140636,0.0526480004191398,38703999
2024-08-13,0.0542749986052513,0.0542749986052513,0.0546079985797405,0.0518350005149841,0.0538390018045902,38411143
2024-08-14,0.0536199994385242,0.0536199994385242,0.0552029982209205,0.053006000816822,0.0542749986052513,35077187
2024-08-15,0.0519529990851879,0.0519529990851879,0.0542489998042583,0.0513060018420219,0.0536199994385242,46631160
2024-08-16,0.0519879981875419,0.0519879981875419,0.0526529997587204,0.0507679991424083,0.0519529990851879,38961641
2024-08-17,0.0526430010795593,0.0526430010795593,0.0527159981429576,0.0512120015919208,0.0519879981875419,20168790
2024-08-18,0.053141001611948,0.053141001611948,0.0549440011382103,0.052165001630783,0.0526430010795593,28607171
2024-08-19,0.0543179996311664,0.0543179996311664,0.0543450005352497,0.0523889996111393,0.053141001611948,38055224
2024-08-20,0.0536920018494129,0.0536920018494129,0.0554689988493919,0.0530619993805885,0.0543179996311664,35694707
2024-08-21,0.0547630004584789,0.0547630004584789,0.0555769987404346,0.0524360015988349,0.0536920018494129,42884067
2024-08-22,0.0552750006318092,0.0552750006318092,0.0556159988045692,0.0541450008749961,0.0547630004584789,42976361
2024-08-23,0.0594910010695457,0.0594910010695457,0.0599020011723041,0.0551940016448497,0.0552750006318092,59326649
2024-08-24,0.0604650005698204,0.0604650005698204,0.0620100013911724,0.0586410015821456,0.0594910010695457,42033848
2024-08-25,0.0590029992163181,0.0590029992163181,0.0604909993708133,0.0577719993889331,0.0604650005698204,38189682
2024-08-26,0.0560429990291595,0.0560429990291595,0.0593740008771419,0.0556979998946189,0.0590029992163181,39311377
2024-08-27,0.0526040010154247,0.0526040010154247,0.0568200014531612,0.0512689985334873,0.0560429990291595,49781904
2024-08-28,0.0513279996812343,0.0513279996812343,0.0539189986884593,0.0504879988729953,0.0526040010154247,55103995
2024-08-29,0.0511430017650127,0.0511430017650127,0.0529749989509582,0.0505769997835159,0.0513279996812343,36733138
2024-08-30,0.0513690002262592,0.0513690002262592,0.051825001835823,0.0497430004179477,0.0511430017650127,33663869
2024-08-31,0.0499729998409748,0.0499729998409748,0.0516140013933181,0.0495860017836093,0.0513690002262592,18996258
2024-09-01,0.047954998910427,0.047954998910427,0.0500530004501342,0.0477130003273487,0.0499729998409748,30086737
2024-09-02,0.0508119985461235,0.0508119985461235,0.0509480014443397,0.0479330010712146,0.047954998910427,31736410
2024-09-03,0.048870999366045,0.048870999366045,0.0516720004379749,0.0488319993019104,0.0508119985461235,29863813
2024-09-04,0.0493119992315769,0.0493119992315769,0.0506730005145072,0.0473949983716011,0.0488630011677742,38163868
2024-09-05,0.0481779985129833,0.0481779985129833,0.0496720001101493,0.0476449988782405,0.0493119992315769,29533084
2024-09-06,0.0471200011670589,0.0471200011670589,0.0488479994237422,0.0458480007946491,0.0481779985129833,43124762
2024-09-07,0.0485830008983612,0.0485830008983612,0.0489500015974044,0.0470249988138675,0.0471200011670589,20727721
2024-09-08,0.0494479984045028,0.0494479984045028,0.0499459989368915,0.0482309982180595,0.0485830008983612,21629394
2024-09-09,0.0510779991745948,0.0510779991745948,0.0514900013804435,0.049440000206232,0.0494479984045028,28302192
2024-09-10,0.0509379990398883,0.0509379990398883,0.0511609986424446,0.0500710010528564,0.0510779991745948,25720445
2024-09-11,0.0500270016491413,0.0500270016491413,0.0509390011429786,0.0488049983978271,0.0509379990398883,29930264
2024-09-12,0.0505440011620521,0.0505440011620521,0.0508809983730316,0.0498410016298294,0.0500270016491413,25858227
2024-09-13,0.0523849986493587,0.0523849986493587,0.0528840012848377,0.0504139997065067,0.0505440011620521,28392936
2024-09-14,0.0516620017588138,0.0516620017588138,0.0528879985213279,0.0512610003352165,0.0523849986493587,17355093
2024-09-15,0.0501389987766742,0.0501389987766742,0.0519459992647171,0.0498370006680488,0.0516620017588138,20342720
2024-09-16,0.0494539998471736,0.0494539998471736,0.0505699999630451,0.049160998314619,0.0501389987766742,24290882
2024-09-17,0.049865998327732,0.049865998327732,0.0507710017263889,0.0489570014178752,0.0494539998471736,28530963
2024-09-18,0.0506130009889602,0.0506130009889602,0.0506130009889602,0.0484730005264282,0.049865998327732,29501196
2024-09-19,0.0516549982130527,0.0516549982130527,0.0532689988613128,0.0506130009889602,0.0506130009889602,54621417
2024-09-20,0.0527499988675117,0.0527499988675117,0.0536470003426075,0.0510030016303062,0.0516549982130527,50170397
2024-09-21,0.0560630001127719,0.0560630001127719,0.0560699999332428,0.0525229983031749,0.052751000970602,56294712
2024-09-22,0.0538449995219707,0.0538449995219707,0.0560780018568038,0.0525019988417625,0.0560630001127719,36714000
2024-09-23,0.0579719990491867,0.0579719990491867,0.0579760000109672,0.0528439991176128,0.0538449995219707,63921456
2024-09-24,0.0578220002353191,0.0578220002353191,0.0580039992928504,0.05587700009346,0.0579719990491867,51028685
2024-09-25,0.0584609992802143,0.0584609992802143,0.060318998992443,0.0572939999401569,0.0578170008957386,72372944
2024-09-26,0.0617480017244815,0.0617480017244815,0.062084000557661,0.057057000696659,0.0584609992802143,59814213
2024-09-27,0.0618799999356269,0.0618799999356269,0.0627980008721351,0.0606339983642101,0.0617480017244815,54163026
2024-09-28,0.0612520016729831,0.0612520016729831,0.0637649968266487,0.0603009983897209,0.0618799999356269,44579589
2024-09-29,0.0614220015704631,0.0614220015704631,0.0624120011925697,0.0598109997808933,0.0612520016729831,40633719
2024-09-30,0.0574549995362758,0.0574549995362758,0.0616069994866848,0.0572159998118877,0.0614220015704631,52981271
2024-10-01,0.0528759993612766,0.0528759993612766,0.0592809990048408,0.0520960018038749,0.0574549995362758,71727549
2024-10-02,0.0516699999570846,0.0516699999570846,0.0547170005738735,0.0508770011365413,0.0528759993612766,55241910
2024-10-03,0.0516620017588138,0.0516620017588138,0.0524079985916614,0.0501339994370937,0.0516699999570846,60245455
2024-10-04,0.0547389984130859,0.0547389984130859,0.0548610016703605,0.0514970012009143,0.0516620017588138,49276422
2024-10-05,0.0531340017914772,0.0531340017914772,0.0549799986183643,0.0523959994316101,0.0547389984130859,28989711
2024-10-06,0.0541630014777183,0.0541630014777183,0.0541630014777183,0.0523560009896755,0.0531340017914772,25484007
2024-10-07,0.0524910017848014,0.0524910017848014,0.0555009990930557,0.0524609982967376,0.0541630014777183,46459204
2024-10-08,0.0522969998419284,0.0522969998419284,0.0531469993293285,0.0513960011303424,0.0524910017848014,37100497
2024-10-09,0.0502110011875629,0.0502110011875629,0.0529309995472431,0.050060998648405,0.0522969998419284,39915994
2024-10-10,0.0503010004758834,0.0503010004758834,0.0506770014762878,0.049159999936819,0.0502110011875629,41007194
2024-10-11,0.0513579994440078,0.0513579994440078,0.0518390014767646,0.0500550009310245,0.0503010004758834,34003483
2024-10-12,0.0515290014445781,0.0515290014445781,0.0519249998033046,0.0510339997708797,0.0513579994440078,25623081
2024-10-13,0.0511300005018711,0.0511300005018711,0.0515380017459392,0.0497389994561672,0.0515290014445781,25257979
2024-10-14,0.0534159988164901,0.0534159988164901,0.0535949990153312,0.0504969991743564,0.0511320009827613,41419454
2024-10-15,0.0560909993946552,0.0560909993946552,0.0574570000171661,0.0531039983034133,0.0534159988164901,131852393
2024-10-16,0.0535239987075328,0.0535239987075328,0.0578420013189315,0.053516000509262,0.0560909993946552,78052068
2024-10-17,0.0511239990592002,0.0511239990592002,0.0539369992911815,0.050390999764204,0.0535250008106231,55127847
2024-10-18,0.0517630018293857,0.0517630018293857,0.0527170002460479,0.0506579987704753,0.0511239990592002,43277710
2024-10-19,0.0534680001437664,0.0534680001437664,0.0538140013813972,0.0517630018293857,0.0517630018293857,46684921
2024-10-20,0.0558909997344017,0.0558909997344017,0.0561399981379509,0.0520099997520446,0.0534680001437664,54787322
2024-10-21,0.052896998822689,0.052896998822689,0.0563649982213974,0.052896000444889,0.0558909997344017,63894415
2024-10-22,0.052531998604536,0.052531998604536,0.0535239987075328,0.0513550005853176,0.052896998822689,46667471
2024-10-23,0.0512190014123916,0.0512190014123916,0.0525869987905025,0.0499969981610775,0.052531998604536,42386336
2024-10-24,0.0511410012841224,0.0511410012841224,0.0519770011305809,0.0503459982573986,0.051350001245737,33295355
2024-10-25,0.0476340018212795,0.0476340018212795,0.0520029999315738,0.0459380000829696,0.0511399991810321,61811749
2024-10-26,0.0481479987502098,0.0481479987502098,0.0483850017189979,0.0471090003848075,0.0476250015199184,36587072
2024-10-27,0.048845998942852,0.048845998942852,0.0495130009949207,0.0479930005967617,0.0481479987502098,22902899
2024-10-28,0.0487859994173049,0.0487859994173049,0.0493789985775947,0.0472889989614486,0.0488509982824325,42764635
2024-10-29,0.0496219992637634,0.0496219992637634,0.0505519993603229,0.048684999346733,0.0487859994173049,49841762
2024-10-30,0.0486520007252693,0.0486520007252693,0.0496469996869564,0.0482150018215179,0.0496219992637634,41714134
2024-10-31,0.0462849996984005,0.0462849996984005,0.0487140007317066,0.0457010008394718,0.0486520007252693,50806378
2024-11-01,0.0455899983644485,0.0455899983644485,0.0469990000128746,0.045244000852108,0.0462849996984005,46065386
2024-11-02,0.0448429994285106,0.0448429994285106,0.0460459999740123,0.0446450002491474,0.0455899983644485,26579598
2024-11-03,0.0428519994020462,0.0428519994020462,0.0450129993259906,0.0416750013828277,0.0448429994285106,50387143
2024-11-04,0.0424840003252029,0.0424840003252029,0.0434589982032775,0.0417990013957023,0.0428519994020462,67544006
2024-11-05,0.0460850000381469,0.0460850000381469,0.0462430007755756,0.0424790009856224,0.0424840003252029,60198336
2024-11-06,0.0490310005843639,0.0490310005843639,0.0500690005719661,0.0460840016603469,0.0460850000381469,92470416
2024-11-07,0.0492589995265007,0.0492589995265007,0.0497680008411407,0.0478850007057189,0.0490310005843639,57620166
2024-11-08,0.0522430017590522,0.0522430017590522,0.052751999348402,0.0483510009944438,0.0492589995265007,105733515
2024-11-09,0.0527929998934268,0.0527929998934268,0.0530409999191761,0.050305001437664,0.0522430017590522,55902489
2024-11-10,0.0549539998173713,0.0549539998173713,0.0575690008699893,0.0524130016565322,0.0527929998934268,144005695
2024-11-11,0.0584199987351894,0.0584199987351894,0.0585299991071224,0.0537020005285739,0.0549539998173713,177649133
2024-11-12,0.0647279992699623,0.0647279992699623,0.0744490027427673,0.053176999092102,0.0584199987351894,655888721
2024-11-13,0.0594879984855651,0.0594879984855651,0.0647939965128898,0.0565750002861022,0.0647279992699623,311184915
2024-11-14,0.0637760013341903,0.0637760013341903,0.0677210018038749,0.0587190017104148,0.0594879984855651,390985006
2024-11-15,0.0727880001068115,0.0727880001068115,0.0727880001068115,0.0631100013852119,0.0637760013341903,536290645
2024-11-16,0.0906409993767738,0.0906409993767738,0.0960120037198066,0.0717350021004676,0.0723190009593963,1129876777
2024-11-17,0.0902900025248527,0.0902900025248527,0.0930600017309188,0.0831440016627311,0.0906409993767738,467105267
2024-11-18,0.1447460055351257,0.1447460055351257,0.1481290012598037,0.0875520035624504,0.0902900025248527,3051890831
2024-11-19,0.1330790072679519,0.1330790072679519,0.1566240042448043,0.1282110065221786,0.1447460055351257,2263891072
2024-11-20,0.1220860034227371,0.1220860034227371,0.1340370029211044,0.1175540015101432,0.1330790072679519,962997176
2024-11-21,0.1266140043735504,0.1266140043735504,0.1370529979467392,0.1185690015554428,0.1220860034227371,1104827160
2024-11-22,0.1469770073890686,0.1469770073890686,0.1546330004930496,0.1219969987869262,0.1265970021486282,1639508231
2024-11-23,0.1544570028781891,0.1544570028781891,0.1692110002040863,0.1457529962062835,0.1469770073890686,1933569833
2024-11-24,0.1471769958734512,0.1471769958734512,0.1658529937267303,0.1365129947662353,0.1544570028781891,1122080030
2024-11-25,0.1349090039730072,0.1349090039730072,0.1476929932832718,0.1319919973611831,0.1471769958734512,581438287
2024-11-26,0.139160007238388,0.139160007238388,0.1401959955692291,0.1263789981603622,0.1349090039730072,529902542
2024-11-27,0.1418859958648681,0.1418859958648681,0.1471720039844513,0.132860004901886,0.139160007238388,490134934
2024-11-28,0.1448580026626587,0.1448580026626587,0.1495449990034103,0.1368460059165954,0.1418859958648681,394697467
2024-11-29,0.1783670037984848,0.1783670037984848,0.1851689964532852,0.1438090056180954,0.1448580026626587,1430918812
2024-11-30,0.169293001294136,0.169293001294136,0.1851280033588409,0.1639429926872253,0.1783670037984848,975471999
2024-12-01,0.2093510031700134,0.2093510031700134,0.2199580073356628,0.1646530032157898,0.169292002916336,2383957647
2024-12-02,0.3088630139827728,0.3088630139827728,0.3203249871730804,0.2082429975271225,0.2093520015478134,5503852901
2024-12-03,0.3157469928264618,0.3157469928264618,0.389068990945816,0.3088780045509338,0.3088780045509338,6950735928
2024-12-04,0.2880640029907226,0.2880640029907226,0.334876000881195,0.2789770066738128,0.315746009349823,3101190937
2024-12-05,0.2887409925460815,0.2887409925460815,0.3099510073661804,0.2817569971084595,0.2880640029907226,2769519202
2024-12-06,0.36735400557518,0.36735400557518,0.3747189939022064,0.2771289944648742,0.2920910120010376,3124816109
2024-12-07,0.3321180045604706,0.3321180045604706,0.370402991771698,0.3208230137825012,0.36735400557518,2712823638
2024-12-08,0.3286539912223816,0.3286539912223816,0.3380950093269348,0.3249549865722656,0.3362970054149627,1339751512
2024-12-09,0.2813380062580108,0.2813380062580108,0.3333599865436554,0.2483099997043609,0.3321520090103149,1746556501
2024-12-10,0.2894020080566406,0.2894020080566406,0.3011640012264251,0.2539040148258209,0.2813380062580108,2349292817
2024-12-11,0.2996540069580078,0.2996540069580078,0.3101060092449188,0.2717069983482361,0.2894569933414459,1456450193
2024-12-12,0.291590005159378,0.291590005159378,0.313506007194519,0.2858250141143799,0.2996509969234466,1376556293
2024-12-13,0.3147720098495483,0.3147720098495483,0.3296859860420227,0.2894290089607239,0.2916100025177002,1586572295
2024-12-14,0.2938779890537262,0.2938779890537262,0.3148280084133148,0.2887440025806427,0.3147720098495483,732847520
2024-12-15,0.2955709993839264,0.2955709993839264,0.2969500124454498,0.2833290100097656,0.2938779890537262,602993286
2024-12-16,0.282478004693985,0.282478004693985,0.2982549965381622,0.2744500041007995,0.2955709993839264,835843479
2024-12-17,0.2841629981994629,0.2841629981994629,0.2980349957942962,0.2754310071468353,0.282478004693985,1078670005
2024-12-18,0.2718800008296966,0.2718800008296966,0.3097040057182312,0.2706800103187561,0.2841440141201019,1795411185
2024-12-19,0.2685649991035461,0.2685649991035461,0.3004670143127441,0.2554030120372772,0.2718800008296966,1919932305
2024-12-20,0.2706080079078674,0.2706080079078674,0.2857899963855743,0.2345689982175827,0.2685649991035461,2108372882
2024-12-21,0.2542429864406585,0.2542429864406585,0.2826249897480011,0.2500450015068054,0.2706080079078674,1027765588
2024-12-22,0.2651279866695404,0.2651279866695404,0.272134006023407,0.2445040047168731,0.2542439997196197,893193361
2024-12-23,0.2914530038833618,0.2914530038833618,0.2915300130844116,0.2562229931354522,0.2651279866695404,1101098351
2024-12-24,0.3288240134716034,0.3288240134716034,0.3370319902896881,0.281834989786148,0.2914530038833618,2000928458
2024-12-25,0.3134959936141968,0.3134959936141968,0.3324519991874695,0.3057569861412048,0.3288240134716034,1169138796
2024-12-26,0.2844040095806122,0.2844040095806122,0.3165900111198425,0.283280998468399,0.3134729862213135,852966047
2024-12-27,0.2757839858531952,0.2757839858531952,0.2952370047569275,0.273703008890152,0.284402996301651,818568558
2024-12-28,0.2939890027046203,0.2939890027046203,0.300572007894516,0.2720890045166015,0.2757839858531952,684967954
2024-12-29,0.2789370119571686,0.2789370119571686,0.3018510043621063,0.2748169898986816,0.2939890027046203,629556149
2024-12-30,0.2780539989471435,0.2780539989471435,0.2896960079669952,0.265747994184494,0.2789370119571686,727277239
2024-12-31,0.2684890031814575,0.2684890031814575,0.2816689908504486,0.2670620083808899,0.2780539989471435,515793233
2025-01-01,0.2939209938049316,0.2939209938049316,0.2991909980773926,0.2638669908046722,0.2684890031814575,935976944
2025-01-02,0.2917050123214721,0.2917050123214721,0.3073660135269165,0.2849439978599548,0.2939209938049316,778085074
2025-01-03,0.3133809864521026,0.3133809864521026,0.3233909904956817,0.2916739881038666,0.2917050123214721,1119392364
2025-01-04,0.3057860136032104,0.3057860136032104,0.3199610114097595,0.3021239936351776,0.3133809864521026,633286169
2025-01-05,0.3012970089912414,0.3012970089912414,0.3122389912605285,0.2964760065078735,0.3057869970798492,512694157
2025-01-06,0.3080520033836365,0.3080520033836365,0.3175820112228393,0.2970289885997772,0.3012970089912414,684982887
2025-01-07,0.2895390093326568,0.2895390093326568,0.3295199871063232,0.2887710034847259,0.3080509901046753,1206380025
2025-01-08,0.2847920060157776,0.2847920060157776,0.2952609956264496,0.2673979997634887,0.2895390093326568,825329194
2025-01-09,0.2688019871711731,0.2688019871711731,0.2848590016365051,0.2634010016918182,0.2847920060157776,623118270
2025-01-10,0.2818700075149536,0.2818700075149536,0.2850790023803711,0.2675510048866272,0.2688010036945343,611833434
2025-01-11,0.2913860082626343,0.2913860082626343,0.2958070039749145,0.2756629884243011,0.2818700075149536,485524677
2025-01-12,0.2779839932918548,0.2779839932918548,0.2919059991836548,0.2737450003623962,0.2913860082626343,410778428
2025-01-13,0.2750119864940643,0.2750119864940643,0.2883340120315552,0.257625013589859,0.2779839932918548,608623972
2025-01-14,0.2869890034198761,0.2869890034198761,0.2927789986133575,0.2729760110378265,0.2750149965286255,446928443
2025-01-15,0.3236599862575531,0.3236599862575531,0.3273409903049469,0.2862200140953064,0.2869890034198761,1035794083
2025-01-16,0.3634339869022369,0.3634339869022369,0.3848469853401184,0.308582991361618,0.3236680030822754,2347102735
2025-01-17,0.3752210140228271,0.3752210140228271,0.4002569913864136,0.3621990084648132,0.363429993391037,1629967805
2025-01-18,0.3550699949264526,0.3550699949264526,0.3841939866542816,0.3412840068340301,0.3752210140228271,1095751224
2025-01-19,0.3262380063533783,0.3262380063533783,0.3690049946308136,0.3195129930973053,0.3550699949264526,1267206517
2025-01-20,0.3410910069942474,0.3410910069942474,0.3725259900093078,0.3202750086784363,0.3261269927024841,1444386720
2025-01-21,0.3371599912643432,0.3371599912643432,0.3474879860877991,0.3262720108032226,0.3410899937152862,778916584
2025-01-22,0.3251920044422149,0.3251920044422149,0.3378599882125854,0.3211039900779724,0.3371599912643432,470709562
2025-01-23,0.3271889984607696,0.3271889984607696,0.3340780138969421,0.3125050067901611,0.3251729905605316,625608640
2025-01-24,0.327221006155014,0.327221006155014,0.3505530059337616,0.3147090077400207,0.3271889984607696,612898232
2025-01-25,0.3319970071315765,0.3319970071315765,0.3381319940090179,0.3264490067958832,0.3272300064563751,359180593
2025-01-26,0.3234089910984039,0.3234089910984039,0.3530929982662201,0.3234019875526428,0.3320040106773376,552545992
2025-01-27,0.3143489956855774,0.3143489956855774,0.3263129889965057,0.2930620014667511,0.3234089910984039,733600329
2025-01-28,0.2991810142993927,0.2991810142993927,0.3222430050373077,0.2954199910163879,0.3143489956855774,456556870
2025-01-29,0.3088540136814117,0.3088540136814117,0.3174229860305786,0.294158011674881,0.2991810142993927,431603067
2025-01-30,0.3162170052528381,0.3162170052528381,0.3217589855194092,0.3068830072879791,0.3088710010051727,349340809
2025-01-31,0.3064849972724914,0.3064849972724914,0.3195869922637939,0.3024660050868988,0.3162170052528381,333356162
2025-02-01,0.2855280041694641,0.2855280041694641,0.3116390109062195,0.2820540070533752,0.3064790070056915,284024989
2025-02-02,0.2533169984817505,0.2533169984817505,0.2938509881496429,0.240798994898796,0.2855280041694641,684440558
2025-02-03,0.2751489877700805,0.2751489877700805,0.2818959951400757,0.1899349987506866,0.2533180117607116,1574124522
2025-02-04,0.2509010136127472,0.2509010136127472,0.2782230079174042,0.2434560060501098,0.2751489877700805,686591407
2025-02-05,0.2386910021305084,0.2386910021305084,0.2580850124359131,0.2369219958782196,0.2509010136127472,363550499
2025-02-06,0.2288359999656677,0.2288359999656677,0.2490279972553253,0.2271620035171508,0.2386910021305084,371587445
2025-02-07,0.2328470051288604,0.2328470051288604,0.24754199385643,0.2267860025167465,0.2288369983434677,358158163
2025-02-08,0.2345059961080551,0.2345059961080551,0.2359389960765838,0.2263820022344589,0.2328470051288604,208839209
2025-02-09,0.2295749932527542,0.2295749932527542,0.2429050058126449,0.2199109941720962,0.234498992562294,222541565
2025-02-10,0.231904000043869,0.231904000043869,0.2437109947204589,0.2240509986877441,0.2295749932527542,275409489
2025-02-11,0.2287950068712234,0.2287950068712234,0.248538002371788,0.226840004324913,0.231904000043869,325563529
2025-02-12,0.2345470041036605,0.2345470041036605,0.2375189960002899,0.2153159976005554,0.2287950068712234,372582201
2025-02-13,0.2257039994001388,0.2257039994001388,0.2365809977054596,0.2185209989547729,0.2345470041036605,252627972
2025-02-14,0.2308990061283111,0.2308990061283111,0.2396299988031387,0.2237309962511062,0.2256380021572113,324032284
2025-02-15,0.2290650010108947,0.2290650010108947,0.238659992814064,0.2261539995670318,0.2308979928493499,221745726
2025-02-16,0.2201460003852844,0.2201460003852844,0.2300010025501251,0.2193920016288757,0.2290650010108947,165336294
2025-02-17,0.2120430022478103,0.2120430022478103,0.2246470004320144,0.2097119987010955,0.2201440036296844,207789951
2025-02-18,0.2066829949617386,0.2066829949617386,0.2142180055379867,0.1950519979000091,0.2120410054922104,245522880
2025-02-19,0.2156960070133209,0.2156960070133209,0.2177039980888366,0.2039259970188141,0.2066829949617386,217504739
2025-02-20,0.2219499945640564,0.2219499945640564,0.2257380038499832,0.2152419984340667,0.2156960070133209,254655347
2025-02-21,0.2132059931755066,0.2132059931755066,0.2298890054225921,0.2054229974746704,0.2219499945640564,352218445
2025-02-22,0.2165219932794571,0.2165219932794571,0.2224970012903213,0.2121720016002655,0.2132059931755066,203206881
2025-02-23,0.2114990055561065,0.2114990055561065,0.2175589948892593,0.2080679982900619,0.2165219932794571,146242049
2025-02-24,0.1962410062551498,0.1962410062551498,0.2259750068187713,0.1959480047225952,0.2114589959383011,679383267
2025-02-25,0.1971790045499801,0.1971790045499801,0.2008409947156906,0.1760099977254867,0.1962479948997497,710497590
2025-02-26,0.1977570056915283,0.1977570056915283,0.2012349963188171,0.1881259977817535,0.197843000292778,422099848
2025-02-27,0.1996019929647445,0.1996019929647445,0.2050070017576217,0.1938380002975464,0.195592999458313,305256706
2025-02-28,0.2126249969005584,0.2126249969005584,0.2162239998579025,0.1800789982080459,0.1996019929647445,565650211
2025-03-01,0.2530879974365234,0.2530879974365234,0.2620179951190948,0.2114879935979843,0.2126249969005584,1114894790
2025-03-02,0.2646560072898865,0.2646560072898865,0.2797169983386993,0.2423869967460632,0.2530849874019623,1209327063
2025-03-03,0.2228170037269592,0.2228170037269592,0.2844929993152618,0.2203720062971115,0.2646409869194031,942937775
2025-03-04,0.2415609955787658,0.2415609955787658,0.2472770065069198,0.2212979942560196,0.2228260040283203,988565808
2025-03-05,0.2491299957036972,0.2491299957036972,0.26459801197052,0.2400539964437484,0.2415589988231659,647664557
2025-03-06,0.2379409968852996,0.2379409968852996,0.2549000084400177,0.2346149981021881,0.2491279989480972,411632451
2025-03-07,0.2326270043849945,0.2326270043849945,0.2570819854736328,0.2251709997653961,0.2379409968852996,759487040
2025-03-08,0.2266429960727691,0.2266429960727691,0.2353419959545135,0.2229270040988922,0.2326239943504333,268708260
2025-03-09,0.1992689967155456,0.1992689967155456,0.2308280020952224,0.1984429955482483,0.2266529947519302,362384007
2025-03-10,0.1894350051879882,0.1894350051879882,0.217289000749588,0.1884910017251968,0.1992390006780624,486936638
2025-03-11,0.1958069950342178,0.1958069950342178,0.2035000026226043,0.1807260066270828,0.1894290000200271,633052141
2025-03-12,0.2009599953889846,0.2009599953889846,0.2143280059099197,0.1933050006628036,0.1958069950342178,605417094
2025-03-13,0.1892500072717666,0.1892500072717666,0.2020449936389923,0.1842789947986602,0.2009599953889846,418932757
2025-03-14,0.191889002919197,0.191889002919197,0.1985030025243759,0.1878809928894043,0.1892500072717666,309365663
2025-03-15,0.1927060037851333,0.1927060037851333,0.1970109939575195,0.1904599964618683,0.1918849945068359,223717313
2025-03-16,0.1852020025253296,0.1852020025253296,0.1948360055685043,0.1823329925537109,0.1927050054073333,271502752
2025-03-17,0.1916539967060089,0.1916539967060089,0.1956409960985183,0.1848340034484863,0.1851979941129684,289292129
2025-03-18,0.1885499954223632,0.1885499954223632,0.1916529983282089,0.1824730038642883,0.1916529983282089,187394999
2025-03-19,0.1974750012159347,0.1974750012159347,0.1981510072946548,0.1862989962100982,0.1885499954223632,301597299
2025-03-20,0.1898500025272369,0.1898500025272369,0.1990119963884353,0.1875479966402053,0.1974959969520568,227046282
2025-03-21,0.1844220012426376,0.1844220012426376,0.1912339925765991,0.1821770071983337,0.1898480057716369,163270534
2025-03-22,0.1824399977922439,0.1824399977922439,0.1860830038785934,0.1816399991512298,0.1844220012426376,147207764
2025-03-23,0.1856909990310669,0.1856909990310669,0.1856909990310669,0.1806419938802719,0.1824409961700439,164929696
2025-03-24,0.1928939968347549,0.1928939968347549,0.1956260055303573,0.1839990019798278,0.185699000954628,222236277
2025-03-25,0.1948779970407486,0.1948779970407486,0.2009299993515014,0.191428005695343,0.1928939968347549,221145370
2025-03-26,0.1915809959173202,0.1915809959173202,0.2009570002555847,0.1899590045213699,0.1948779970407486,219928355
2025-03-27,0.1933970004320144,0.1933970004320144,0.1967799961566925,0.1878709942102432,0.1915809959173202,170315329
2025-03-28,0.1818979978561401,0.1818979978561401,0.1946029961109161,0.1798969954252243,0.1933979988098144,213618168
2025-03-29,0.1720059961080551,0.1720059961080551,0.1832910031080246,0.1670919954776764,0.1819069981575012,229934512
2025-03-30,0.1676120012998581,0.1676120012998581,0.1750829964876175,0.1668809950351715,0.1720049977302551,139369879
2025-03-31,0.1631760001182556,0.1631760001182556,0.1678719967603683,0.1564590036869049,0.167612999677658,258611920
2025-04-01,0.1701319962739944,0.1701319962739944,0.175802007317543,0.1619029939174652,0.1631760001182556,227007728
2025-04-02,0.1615179926156997,0.1615179926156997,0.1802870035171508,0.158278003334999,0.1701319962739944,358576449
2025-04-03,0.1623599976301193,0.1623599976301193,0.1666540056467056,0.1537300050258636,0.1614850014448166,288510922
2025-04-04,0.1642059981822967,0.1642059981822967,0.1672289967536926,0.1574369966983795,0.1623599976301193,309123146
2025-04-05,0.1620939970016479,0.1620939970016479,0.1649180054664611,0.1589159965515136,0.1642049998044967,105411954
2025-04-06,0.1396619975566864,0.1396619975566864,0.162649005651474,0.1359249949455261,0.1620679944753646,244768847
2025-04-07,0.1524560004472732,0.1524560004472732,0.1542969942092895,0.1262719929218292,0.1396639943122863,565654965
2025-04-08,0.1459680050611496,0.1459680050611496,0.1659079939126968,0.1455450057983398,0.1524540036916732,476783279
2025-04-09,0.1685840040445327,0.1685840040445327,0.175705000758171,0.1425440013408661,0.1459680050611496,683291923
2025-04-10,0.1675429940223693,0.1675429940223693,0.1771419942378997,0.1636209934949875,0.1685850024223327,404951403
2025-04-11,0.1675129979848861,0.1675129979848861,0.1762350052595138,0.1649159938097,0.1675429940223693,386977288
2025-04-12,0.177605003118515,0.177605003118515,0.1779160052537918,0.1656080037355423,0.1675129979848861,253362783
2025-04-13,0.1653250008821487,0.1653250008821487,0.177605003118515,0.1638630032539367,0.177605003118515,227117031
2025-04-14,0.1651159971952438,0.1651159971952438,0.1718470007181167,0.1626410037279129,0.1653259992599487,258308528
2025-04-15,0.1569589972496032,0.1569589972496032,0.1680729985237121,0.1566939949989318,0.1651140004396438,180881677
2025-04-16,0.1573960036039352,0.1573960036039352,0.1604560017585754,0.1545179933309555,0.1569589972496032,213727298
2025-04-17,0.1628769934177398,0.1628769934177398,0.1656499952077865,0.1563829928636551,0.1573960036039352,171248594
2025-04-18,0.1650920063257217,0.1650920063257217,0.1665329933166504,0.1620469987392425,0.1628769934177398,113996685
2025-04-19,0.1668470054864883,0.1668470054864883,0.167614996433258,0.1644289940595626,0.1650920063257217,86940926
2025-04-20,0.166020005941391,0.166020005941391,0.1686670035123825,0.1609890013933181,0.1668529957532882,96251098
2025-04-21,0.1693830043077469,0.1693830043077469,0.1738599985837936,0.1659989953041076,0.1660179942846298,184263546
2025-04-22,0.1813510060310363,0.1813510060310363,0.1821710020303726,0.168065994977951,0.1693709939718246,206861336
2025-04-23,0.1803980022668838,0.1803980022668838,0.1889349967241287,0.177948996424675,0.1813510060310363,273896453
2025-04-24,0.1883320063352584,0.1883320063352584,0.1885930001735687,0.1758230030536651,0.1803980022668838,268403086
2025-04-25,0.1923899948596954,0.1923899948596954,0.2016970068216323,0.1843000054359436,0.1883330047130584,327135269
2025-04-26,0.1916999965906143,0.1916999965906143,0.1975850015878677,0.1903759986162185,0.1923940032720565,150402645
2025-04-27,0.1905760020017624,0.1905760020017624,0.1939509958028793,0.185139000415802,0.1916909962892532,162320211
2025-04-28,0.1907330006361007,0.1907330006361007,0.198864996433258,0.1860059946775436,0.1905779987573623,239790288
2025-04-29,0.1863380074501037,0.1863380074501037,0.1916999965906143,0.1837670058012008,0.1907339990139007,152665052
2025-04-30,0.1821179986000061,0.1821179986000061,0.1884350031614303,0.1763579994440078,0.1863310039043426,206576261
2025-05-01,0.1861789971590042,0.1861789971590042,0.1917590051889419,0.1817439943552017,0.1821189969778061,162006904
2025-05-02,0.1869210004806518,0.1869210004806518,0.1905020028352737,0.1839330047369003,0.1861840039491653,156709765
2025-05-03,0.1804009974002838,0.1804009974002838,0.1872259974479675,0.1796270012855529,0.1869210004806518,101762569
2025-05-04,0.1761900037527084,0.1761900037527084,0.1843390017747879,0.1759520024061203,0.1804009974002838,120996498
2025-05-05,0.1735599935054779,0.1735599935054779,0.1781540066003799,0.1719319969415664,0.1762000024318695,136059418
2025-05-06,0.1770399957895279,0.1770399957895279,0.1773570030927658,0.1696009933948516,0.1735589951276779,169191136
2025-05-07,0.1757699996232986,0.1757699996232986,0.1780869960784912,0.1728080064058303,0.1770270019769668,124628820
2025-05-08,0.1949519962072372,0.1949519962072372,0.1966409981250763,0.1750909984111786,0.1757699996232986,257397723
2025-05-09,0.2022469937801361,0.2022469937801361,0.2061239928007125,0.1930219978094101,0.1949519962072372,344720324
2025-05-10,0.2193460017442703,0.2193460017442703,0.2194350063800811,0.2009329944849014,0.2022449970245361,330466796
2025-05-11,0.2064100056886673,0.2064100056886673,0.220548003911972,0.2018049955368042,0.2193530052900314,279812001
2025-05-12,0.2152740061283111,0.2152740061283111,0.2275869995355606,0.2051649987697601,0.2064139991998672,605147334
2025-05-13,0.2164209932088852,0.2164209932088852,0.2184270024299621,0.201333001255989,0.21526400744915,339737305
2025-05-14,0.2061340063810348,0.2061340063810348,0.2165260016918182,0.2042720019817352,0.2164250016212463,270563790
2025-05-15,0.1976760029792785,0.1976760029792785,0.2077219933271408,0.1938849985599517,0.2061340063810348,272351812
2025-05-16,0.1954710036516189,0.1954710036516189,0.2015769928693771,0.1940809935331344,0.1976770013570785,176486530
2025-05-17,0.1910119950771331,0.1910119950771331,0.195700004696846,0.1872989982366562,0.1954730004072189,154791798
2025-05-18,0.197402998805046,0.197402998805046,0.200433999300003,0.1880380064249038,0.1910119950771331,178059939
2025-05-19,0.1939159929752349,0.1939159929752349,0.1974810063838958,0.1848579943180084,0.197283998131752,178369323
2025-05-20,0.1949439942836761,0.1949439942836761,0.1981880068778991,0.1905169934034347,0.193913996219635,154647001
2025-05-21,0.1981599926948547,0.1981599926948547,0.2021369934082031,0.1927890032529831,0.1949439942836761,217894810
2025-05-22,0.2045750021934509,0.2045750021934509,0.2056500017642974,0.1975660026073455,0.1981679946184158,216503720
2025-05-23,0.190092995762825,0.190092995762825,0.2088380008935928,0.1893399953842163,0.2045799940824508,269239688
2025-05-24,0.18852399289608,0.18852399289608,0.1936230063438415,0.1873980015516281,0.190090999007225,117751630
2025-05-25,0.1881989985704422,0.1881989985704422,0.1901730000972747,0.1809149980545044,0.1885260045528412,138495112
2025-05-26,0.1858800053596496,0.1858800053596496,0.1930519938468933,0.1847810000181198,0.1881950050592422,127941340
2025-05-27,0.1874250024557113,0.1874250024557113,0.1917310059070587,0.182436004281044,0.1858810037374496,154133305
2025-05-28,0.1858980059623718,0.1858980059623718,0.1884309947490692,0.1813320070505142,0.1874240040779113,123768756
2025-05-29,0.1795009970664978,0.1795009970664978,0.1906750053167343,0.1790490001440048,0.1858990043401718,164744100
2025-05-30,0.1670780032873153,0.1670780032873153,0.1804540008306503,0.1662400066852569,0.1795009970664978,219864845
2025-05-31,0.1675440073013305,0.1675440073013305,0.1699360013008117,0.1611739993095398,0.1670780032873153,179033432
2025-06-01,0.168624997138977,0.168624997138977,0.1696510016918182,0.164680004119873,0.1675440073013305,106082982
2025-06-02,0.1714680045843124,0.1714680045843124,0.1726180016994476,0.1667370051145553,0.168624997138977,126105156
2025-06-03,0.1718669980764389,0.1718669980764389,0.1753759980201721,0.1710879951715469,0.1714690029621124,112207541
2025-06-04,0.1672080010175705,0.1672080010175705,0.1738149970769882,0.1664869934320449,0.1718679964542389,101156541
2025-06-05,0.1598220020532608,0.1598220020532608,0.1695480048656463,0.1562819927930832,0.1672160029411316,152016228
2025-06-06,0.1644950062036514,0.1644950062036514,0.16873200237751,0.1589819937944412,0.1598220020532608,115344188
2025-06-07,0.168841004371643,0.168841004371643,0.1704050004482269,0.1640329957008361,0.1644950062036514,83703961
2025-06-08,0.169292002916336,0.169292002916336,0.1721449941396713,0.1667380034923553,0.168841004371643,86661102
2025-06-09,0.1777929961681366,0.1777929961681366,0.1788250058889389,0.1677830070257187,0.169292002916336,125463727
2025-06-10,0.1800079941749572,0.1800079941749572,0.1835879981517791,0.1761399954557418,0.1777929961681366,134528939
2025-06-11,0.1729950010776519,0.1729950010776519,0.1817079931497573,0.1712500005960464,0.1800079941749572,152629836
2025-06-12,0.1632699966430664,0.1632699966430664,0.1730940043926239,0.1622029989957809,0.1729950010776519,178302361
2025-06-13,0.1589290052652359,0.1589290052652359,0.1632850021123886,0.1508879959583282,0.1632699966430664,242491057
2025-06-14,0.1551969945430755,0.1551969945430755,0.1598020046949386,0.1515309959650039,0.1589320003986358,94515436
2025-06-15,0.154571995139122,0.154571995139122,0.1554799973964691,0.1508619934320449,0.1551969945430755,107271745
2025-06-16,0.1535660028457641,0.1535660028457641,0.1633179932832718,0.1535030007362365,0.154571995139122,176598170
2025-06-17,0.1487510055303573,0.1487510055303573,0.1570709943771362,0.1469019949436187,0.1535660028457641,171293280
2025-06-18,0.1478810012340545,0.1478810012340545,0.1517509967088699,0.1440400034189224,0.1487510055303573,141072965
2025-06-19,0.1477700024843216,0.1477700024843216,0.1494880020618438,0.1449050009250641,0.1478810012340545,88506083
2025-06-20,0.1446149945259094,0.1446149945259094,0.1512870043516159,0.1410470008850097,0.1477710008621215,116116186
2025-06-21,0.137920007109642,0.137920007109642,0.1463470011949539,0.1349419951438903,0.1446149945259094,122040389
2025-06-22,0.1335030049085617,0.1335030049085617,0.1396500021219253,0.126347005367279,0.137920007109642,240189122
2025-06-23,0.1518269926309585,0.1518269926309585,0.1519120037555694,0.1334969997406005,0.1335030049085617,236003265
2025-06-24,0.1538629978895187,0.1538629978895187,0.1551650017499923,0.1507939994335174,0.1518269926309585,196455554
2025-06-25,0.1498939990997314,0.1498939990997314,0.1560360044240951,0.1494120061397552,0.1538629978895187,161787396
2025-06-26,0.1427389979362487,0.1427389979362487,0.1522350013256073,0.142083004117012,0.1498939990997314,187475065
2025-06-27,0.1460590064525604,0.1460590064525604,0.1473899930715561,0.1419129967689514,0.1427389979362487,138516958
2025-06-28,0.1478929966688156,0.1478929966688156,0.1487399935722351,0.1452710032463073,0.1460590064525604,97912199
2025-06-29,0.1527339965105056,0.1527339965105056,0.1537459939718246,0.1466729938983917,0.1478929966688156,106311078
2025-06-30,0.1500200033187866,0.1500200033187866,0.1530719995498657,0.1478040069341659,0.1527339965105056,165023042
2025-07-01,0.1447419971227646,0.1447419971227646,0.1514600068330764,0.1432860046625137,0.1500200033187866,149050845
2025-07-02,0.1552319973707199,0.1552319973707199,0.1585479974746704,0.1434949934482574,0.1447419971227646,201637165
2025-07-03,0.158952996134758,0.158952996134758,0.1625269949436187,0.1550640016794204,0.1552319973707199,227342173
2025-07-04,0.1529950052499771,0.1529950052499771,0.1623640060424804,0.1519560068845749,0.158952996134758,172567536
2025-07-05,0.1542470008134842,0.1542470008134842,0.1565030068159103,0.1528120040893554,0.1529940068721771,123533930
2025-07-06,0.1595340073108673,0.1595340073108673,0.1611640006303787,0.1524499952793121,0.1542470008134842,145289766
2025-07-07,0.1583629995584488,0.1583629995584488,0.1609960049390792,0.1562349945306778,0.1595340073108673,180897908
2025-07-08,0.1608899980783462,0.1608899980783462,0.1620139926671981,0.1552579998970031,0.1583600044250488,191532499
2025-07-09,0.1710209995508194,0.1710209995508194,0.1733690053224563,0.1599880009889602,0.1608899980783462,319498741
2025-07-10,0.1898179948329925,0.1898179948329925,0.1899610012769699,0.1703750044107437,0.1710209995508194,398552532
2025-07-11,0.1938329935073852,0.1938329935073852,0.2086109966039657,0.1883849948644638,0.1898179948329925,858159510
2025-07-12,0.1972589939832687,0.1972589939832687,0.2063470035791397,0.1902160048484802,0.1938329935073852,635831123
2025-07-13,0.2409379929304123,0.2409379929304123,0.2508260011672973,0.1964640021324157,0.1972589939832687,1785431555
2025-07-14,0.2362349927425384,0.2362349927425384,0.255977988243103,0.2340099960565567,0.2409379929304123,1380594536
2025-07-15,0.2330610007047653,0.2330610007047653,0.2411810010671615,0.2236289978027343,0.2362349927425384,828329709
2025-07-16,0.236282005906105,0.236282005906105,0.2439730018377304,0.2289559990167617,0.2330610007047653,736080842
2025-07-17,0.2785319983959198,0.2785319983959198,0.2844069898128509,0.2291229963302612,0.236282005906105,1408367358
2025-07-18,0.25935098528862,0.25935098528862,0.2975890040397644,0.2537559866905212,0.2784889936447143,1285826878
2025-07-19,0.2672399878501892,0.2672399878501892,0.2720980048179626,0.2572169899940491,0.2593519985675812,583924498
2025-07-20,0.2715280055999756,0.2715280055999756,0.2823710143566131,0.2643170058727264,0.2672309875488281,645690157
2025-07-21,0.2712950110435486,0.2712950110435486,0.2878350019454956,0.2650380134582519,0.2715280055999756,840825181
2025-07-22,0.2749679982662201,0.2749679982662201,0.2749679982662201,0.2596679925918579,0.2712779939174652,706023340
2025-07-23,0.2452390044927597,0.2452390044927597,0.27531298995018,0.2389439940452575,0.2749679982662201,716648253
2025-07-24,0.2389660030603408,0.2389660030603408,0.2501550018787384,0.2318730056285858,0.2452239990234375,613609685
2025-07-25,0.2584420144557953,0.2584420144557953,0.263586014509201,0.2339279949665069,0.2389660030603408,989625303
2025-07-26,0.2792330086231231,0.2792330086231231,0.2904160022735595,0.2564029991626739,0.2584390044212341,1048574127
2025-07-27,0.2916139960289001,0.2916139960289001,0.3046239912509918,0.2771080136299133,0.2792760133743286,1046740552
2025-07-28,0.2707970142364502,0.2707970142364502,0.2923440039157867,0.267071008682251,0.2916139960289001,578250754
2025-07-29,0.2637360095977783,0.2637360095977783,0.2791639864444732,0.2575950026512146,0.2707970142364502,489462818
2025-07-30,0.2557249963283539,0.2557249963283539,0.2645680010318756,0.2477180063724517,0.2637360095977783,494739420
2025-07-31,0.2513499855995178,0.2513499855995178,0.2780280113220215,0.2500700056552887,0.2557219862937927,671540111
2025-08-01,0.2422389984130859,0.2422389984130859,0.2557950019836426,0.2381770014762878,0.2513499855995178,722539052
2025-08-02,0.2301219999790191,0.2301219999790191,0.2446130067110061,0.226183995604515,0.2422250062227249,448043362
2025-08-03,0.248771995306015,0.248771995306015,0.2506769895553589,0.227742999792099,0.2301339954137802,412240656
2025-08-04,0.2505939900875091,0.2505939900875091,0.2551620006561279,0.2457190006971359,0.248771995306015,476683559
2025-08-05,0.2391649931669235,0.2391649931669235,0.2519440054893493,0.2358790040016174,0.2505939900875091,373329980
2025-08-06,0.2447489947080612,0.2447489947080612,0.2497839927673339,0.2333890050649643,0.2391649931669235,368705488
2025-08-07,0.2595559954643249,0.2595559954643249,0.2603110074996948,0.2418069988489151,0.2447489947080612,384929805
2025-08-08,0.2619250118732452,0.2619250118732452,0.267085999250412,0.254956990480423,0.2595559954643249,489818177
2025-08-09,0.2662590146064758,0.2662590146064758,0.2696009874343872,0.2610119879245758,0.2619200050830841,351891322
2025-08-10,0.2593649923801422,0.2593649923801422,0.2713769972324371,0.2552430033683777,0.2662540078163147,299920153
2025-08-11,0.2470200061798095,0.2470200061798095,0.2695980072021484,0.2435880005359649,0.2593649923801422,407627229
2025-08-12,0.2606369853019714,0.2606369853019714,0.2638779878616333,0.2451529949903488,0.2470200061798095,385553105
2025-08-13,0.2664920091629028,0.2664920091629028,0.2675150036811828,0.2561190128326416,0.2606369853019714,460912050
2025-08-14,0.2486419975757599,0.2486419975757599,0.2759990096092224,0.2444580048322677,0.2664920091629028,655801661
2025-08-15,0.2476560026407241,0.2476560026407241,0.2582899928092956,0.2408509999513626,0.2486419975757599,422062870
2025-08-16,0.2524420022964477,0.2524420022964477,0.2544229924678802,0.2474700063467025,0.2476560026407241,237061379
2025-08-17,0.2522560060024261,0.2522560060024261,0.2601310014724731,0.2507309913635254,0.2524420022964477,243199230
2025-08-18,0.2450190037488937,0.2450190037488937,0.2528479993343353,0.2387959957122802,0.2522560060024261,355995728
2025-08-19,0.2311449944972992,0.2311449944972992,0.2473890036344528,0.2306919991970062,0.2450190037488937,336665603
2025-08-20,0.2414489984512329,0.2414489984512329,0.2427130043506622,0.229880005121231,0.2311449944972992,329369150
2025-08-21,0.2354619950056076,0.2354619950056076,0.2426570057868957,0.2325239926576614,0.2414489984512329,231754880
2025-08-22,0.2567979991436004,0.2567979991436004,0.2584890127182007,0.2283210009336471,0.2354599982500076,487225992
2025-08-23,0.2531859874725342,0.2531859874725342,0.2568930089473724,0.2468799948692321,0.2568039894104004,236904300
2025-08-24,0.2478750050067901,0.2478750050067901,0.2598850131034851,0.2431969940662384,0.2531870007514953,347292778
2025-08-25,0.2310999929904937,0.2310999929904937,0.2504310011863708,0.2273930013179779,0.2478960007429123,386757274
2025-08-26,0.2417419999837875,0.2417419999837875,0.2449440062046051,0.2302740067243576,0.2310799956321716,316854613
2025-08-27,0.2374580055475235,0.2374580055475235,0.2432300001382827,0.2374339997768402,0.2417400032281875,253315839
2025-08-28,0.2390179932117462,0.2390179932117462,0.2415540069341659,0.2356680035591125,0.2374629974365234,249126271
2025-08-29,0.2279900014400482,0.2279900014400482,0.2397300004959106,0.2244150042533874,0.2390210032463073,421561041
2025-08-30,0.2259449958801269,0.2259449958801269,0.2293819934129715,0.2213020026683807,0.2279839962720871,205927636
2025-08-31,0.2189179956912994,0.2189179956912994,0.2284640073776245,0.2187989950180053,0.2259469926357269,163847580
2025-09-01,0.2140560001134872,0.2140560001134872,0.2232950031757354,0.2114650011062622,0.2189159989356994,327085571
2025-09-02,0.2204010039567947,0.2204010039567947,0.2206510007381439,0.2115650027990341,0.2140929996967315,295541497
2025-09-03,0.2194219976663589,0.2194219976663589,0.2233269959688186,0.2178550064563751,0.2204010039567947,188563602
2025-09-04,0.2136780023574829,0.2136780023574829,0.220001995563507,0.2111629992723465,0.2194219976663589,251470421
2025-09-05,0.2184270024299621,0.2184270024299621,0.223921000957489,0.2125899940729141,0.2136760056018829,234774604
2025-09-06,0.2146330028772354,0.2146330028772354,0.2196169942617416,0.213819995522499,0.2184270024299621,99676512
2025-09-07,0.2194480001926422,0.2194480001926422,0.2210409939289093,0.2146230041980743,0.2146330028772354,154077109
2025-09-08,0.2265820056200027,0.2265820056200027,0.2276600003242492,0.218188002705574,0.2194480001926422,225691031
2025-09-09,0.22809399664402,0.22809399664402,0.2348089963197708,0.2239869982004165,0.2265670001506805,251196254
2025-09-10,0.2340759932994842,0.2340759932994842,0.2363499999046325,0.2268940061330795,0.22809399664402,217979879
2025-09-11,0.2398100048303604,0.2398100048303604,0.2403919994831085,0.2335280030965805,0.2340759932994842,279318932
2025-09-12,0.2456710040569305,0.2456710040569305,0.245727002620697,0.2385039925575256,0.2398100048303604,316997352
2025-09-13,0.2481919974088668,0.2481919974088668,0.2547839879989624,0.2443999946117401,0.2456710040569305,297459713
2025-09-14,0.2409979999065399,0.2409979999065399,0.2484229952096939,0.2372989952564239,0.2481919974088668,240505745
2025-09-15,0.2371319979429245,0.2371319979429245,0.2432630062103271,0.2305949926376342,0.2409950047731399,277371660
2025-09-16,0.2381040006875991,0.2381040006875991,0.2397219985723495,0.2324720025062561,0.2371290028095245,208191914
2025-09-17,0.2426699995994568,0.2426699995994568,0.2455379962921142,0.2330790013074875,0.2381040006875991,358213075
2025-09-18,0.2465070039033889,0.2465070039033889,0.2517800033092499,0.2418739944696426,0.2426699995994568,340565608
2025-09-19,0.2389229983091354,0.2389229983091354,0.2500070035457611,0.2364639937877655,0.2465039938688278,254078963
2025-09-20,0.2421229928731918,0.2421229928731918,0.2466710060834884,0.2383410036563873,0.2389270067214965,185093061
2025-09-21,0.2342029958963394,0.2342029958963394,0.2430229932069778,0.2338429987430572,0.2421229928731918,157346305
2025-09-22,0.2222770005464553,0.2222770005464553,0.23471400141716,0.2145690023899078,0.2342029958963394,395883608
2025-09-23,0.2193129956722259,0.2193129956722259,0.2251420021057129,0.2185879945755005,0.2222770005464553,233080409
2025-09-24,0.2213550060987472,0.2213550060987472,0.2260099947452545,0.2173590064048767,0.2193129956722259,215894870
2025-09-25,0.2073190063238144,0.2073190063238144,0.2219550013542175,0.2059549987316131,0.2213580012321472,357453265
2025-09-26,0.214598000049591,0.214598000049591,0.2163400053977966,0.2053820043802261,0.2073200047016143,247571547
2025-09-27,0.2128479927778244,0.2128479927778244,0.2152179926633834,0.2116689980030059,0.214598000049591,107921576
2025-09-28,0.2161529958248138,0.2161529958248138,0.2168339937925338,0.2077089995145797,0.2128479927778244,129854779
2025-09-29,0.2168949991464615,0.2168949991464615,0.2199140042066574,0.2123569995164871,0.2161519974470138,239830770
2025-09-30,0.2149710059165954,0.2149710059165954,0.217518001794815,0.2092379927635193,0.2168879956007003,257492764
2025-10-01,0.2240840047597885,0.2240840047597885,0.2241449952125549,0.2105769962072372,0.2149699926376342,298796426
2025-10-02,0.2275860011577606,0.2275860011577606,0.2302539944648742,0.2220460027456283,0.2240760028362274,271616466
2025-10-03,0.2253960072994232,0.2253960072994232,0.2296559959650039,0.2204920053482055,0.2275860011577606,273831485
2025-10-04,0.2171410024166107,0.2171410024166107,0.2261099964380264,0.2152920067310333,0.2254180014133453,213540328
2025-10-05,0.2162880003452301,0.2162880003452301,0.2262489944696426,0.2145510017871856,0.2171400040388107,267647756
2025-10-06,0.2301940023899078,0.2301940023899078,0.2331549972295761,0.2154749929904937,0.21629199385643,363839285
2025-10-07,0.2184869945049286,0.2184869945049286,0.2308029979467392,0.2164680063724517,0.2301940023899078,320002421
2025-10-08,0.2197110056877136,0.2197110056877136,0.2221000045537948,0.2156160026788711,0.2184910029172897,264965682
2025-10-09,0.213237002491951,0.213237002491951,0.2198549956083297,0.209195002913475,0.2197120040655136,350579496
2025-10-10,0.1639939993619918,0.1639939993619918,0.2166920006275177,0.0975679978728294,0.2132309973239898,780379827
2025-10-11,0.1682509928941726,0.1682509928941726,0.1770280003547668,0.1613940000534057,0.1639939993619918,453203335
2025-10-12,0.1856700032949447,0.1856700032949447,0.1882389932870865,0.1651729941368103,0.1682479977607727,340719691
2025-10-13,0.1943809986114502,0.1943809986114502,0.1955119967460632,0.182888001203537,0.1856720000505447,467816393
2025-10-14,0.1903849989175796,0.1903849989175796,0.1950879991054535,0.1769800037145614,0.1943809986114502,472331248
2025-10-15,0.1790309995412826,0.1790309995412826,0.191212996840477,0.177957996726036,0.1903879940509796,274568539
2025-10-16,0.1704940050840377,0.1704940050840377,0.1844259947538375,0.1689379960298538,0.1790309995412826,332070960
2025-10-17,0.1626099944114685,0.1626099944114685,0.1732729971408844,0.1558559983968734,0.1704950034618377,417491350
2025-10-18,0.1659409999847412,0.1659409999847412,0.1675499975681305,0.1623889952898025,0.1626099944114685,160579727
2025-10-19,0.1704169958829879,0.1704169958829879,0.1733500063419342,0.1625670045614242,0.1659409999847412,195270853
2025-10-20,0.1757729947566986,0.1757729947566986,0.1809830069541931,0.1669699996709823,0.1704179942607879,222403494
2025-10-21,0.1705449968576431,0.1705449968576431,0.1815789937973022,0.1689890027046203,0.1757189929485321,245738341
2025-10-22,0.1660549938678741,0.1660549938678741,0.1723120063543319,0.1622660011053085,0.1705490052700042,248681553
2025-10-23,0.165010005235672,0.165010005235672,0.1701409965753555,0.1630710065364837,0.1660549938678741,235216246
2025-10-24,0.1707579940557479,0.1707579940557479,0.1718589961528778,0.1643809974193573,0.1650110036134719,231038427
2025-10-25,0.1726109981536865,0.1726109981536865,0.1738770008087158,0.1687729954719543,0.1707590073347091,132118547
2025-10-26,0.1798759996891021,0.1798759996891021,0.1810559928417205,0.1709489971399307,0.1726139932870865,167934867
2025-10-27,0.1845020055770874,0.1845020055770874,0.1845020055770874,0.1765860021114349,0.17985899746418,264245055
2025-10-28,0.194581001996994,0.194581001996994,0.2190780043601989,0.1844380050897598,0.1845089942216873,1173901119
2025-10-29,0.2011629939079284,0.2011629939079284,0.2058420032262802,0.1925490051507949,0.194595992565155,606199929
2025-10-30,0.196490004658699,0.196490004658699,0.2106280028820037,0.1898690015077591,0.2011699974536895,722364041
2025-10-31,0.2011359930038452,0.2011359930038452,0.2036760002374649,0.1909430027008056,0.1964700073003769,461943380
2025-11-01,0.196274995803833,0.196274995803833,0.2044519931077957,0.1957820057868957,0.2011380046606063,320736838
2025-11-02,0.1948750019073486,0.1948750019073486,0.1977950036525726,0.1905809938907623,0.1962870061397552,257788228
2025-11-03,0.1753509938716888,0.1753509938716888,0.195249006152153,0.1715829968452453,0.1948669999837875,434850852
2025-11-04,0.1688639968633651,0.1688639968633651,0.1789350062608719,0.1593890041112899,0.1753460019826889,518470358
2025-11-05,0.1753460019826889,0.1753460019826889,0.1765979975461959,0.1609259992837906,0.1688629984855651,328776193
2025-11-06,0.1627929955720901,0.1627929955720901,0.1753380000591278,0.1612779945135116,0.1753380000591278,259967594
2025-11-07,0.1768690049648285,0.1768690049648285,0.1808180063962936,0.1596840023994445,0.1627950072288513,398950030
2025-11-08,0.1754940003156662,0.1754940003156662,0.1798429936170578,0.1716269999742508,0.1768720000982284,239835271
2025-11-09,0.1766020059585571,0.1766020059585571,0.1779890060424804,0.1685719937086105,0.1755120009183883,225989553
2025-11-10,0.1937659978866577,0.1937659978866577,0.1977950036525726,0.1760549992322921,0.1765889972448349,506336310
2025-11-11,0.1777369976043701,0.1777369976043701,0.1962260007858276,0.1773689985275268,0.1937749981880188,329033266
2025-11-12,0.1739490032196045,0.1739490032196045,0.1860730051994323,0.1730130016803741,0.1777369976043701,339414293
2025-11-13,0.1653549969196319,0.1653549969196319,0.1807059943675995,0.1616889983415603,0.1739500015974044,403937053
2025-11-14,0.1526490002870559,0.1526490002870559,0.1653580069541931,0.1512300074100494,0.1653580069541931,455048832
2025-11-15,0.1546840071678161,0.1546840071678161,0.1583620011806488,0.1526490002870559,0.1526490002870559,212680396
2025-11-16,0.1466670036315918,0.1466670036315918,0.1555189937353134,0.1460770070552826,0.1546840071678161,268305420
2025-11-17,0.1456550061702728,0.1456550061702728,0.1528239995241165,0.1420910060405731,0.1466629952192306,316499929
2025-11-18,0.1504829972982406,0.1504829972982406,0.1522440016269683,0.1427859961986541,0.1456539928913116,274342101
2025-11-19,0.1447689980268478,0.1447689980268478,0.1517529934644699,0.1381720006465912,0.1504819989204406,262034090
2025-11-20,0.1363330036401748,0.1363330036401748,0.147719994187355,0.1347090005874633,0.1447689980268478,259174580
2025-11-21,0.130728006362915,0.130728006362915,0.1380079984664917,0.1230660006403923,0.1363230049610138,389671874
2025-11-22,0.1316529959440231,0.1316529959440231,0.1329980045557022,0.1265980005264282,0.1307269930839538,173765529
2025-11-23,0.1481460034847259,0.1481460034847259,0.1549710035324096,0.1315719932317733,0.1316539943218231,458215803
2025-11-24,0.1483149975538253,0.1483149975538253,0.1519310027360916,0.1409730017185211,0.1481429934501648,396877997
2025-11-25,0.1448269933462143,0.1448269933462143,0.14894500374794,0.140307992696762,0.1483179926872253,252734753
2025-11-26,0.1479890048503875,0.1479890048503875,0.1500499993562698,0.1417039930820465,0.1448280066251754,222272730
2025-11-27,0.1471100002527237,0.1471100002527237,0.1492709964513778,0.1443060040473938,0.1479880064725875,185538971
2025-11-28,0.1453769952058792,0.1453769952058792,0.1503040045499801,0.1443849951028823,0.1471139937639236,204232266
2025-11-29,0.1434009969234466,0.1434009969234466,0.1462160050868988,0.1425620019435882,0.1453769952058792,114673182
2025-11-30,0.141754001379013,0.141754001379013,0.1463419944047927,0.1416939944028854,0.1434029936790466,134819163
2025-12-01,0.133212000131607,0.133212000131607,0.141754001379013,0.1305020004510879,0.141754001379013,235375188
2025-12-02,0.1446170061826706,0.1446170061826706,0.1463229954242706,0.1311360001564026,0.1332029998302459,222017499
2025-12-03,0.1461420059204101,0.1461420059204101,0.1500480026006698,0.1429010033607483,0.1446159929037094,280813775
2025-12-04,0.1394879966974258,0.1394879966974258,0.1463209986686706,0.1379240006208419,0.146136999130249,199934681
2025-12-05,0.1341640055179596,0.1341640055179596,0.139955997467041,0.1329299956560135,0.1394850015640258,162709312
2025-12-06,0.1340299993753433,0.1340299993753433,0.1344960033893585,0.1325809955596923,0.1341660022735595,91740572
2025-12-07,0.1309549957513809,0.1309549957513809,0.1358689963817596,0.1282649934291839,0.1340299993753433,177237155
2025-12-08,0.1346019953489303,0.1346019953489303,0.1371279954910278,0.1309230029582977,0.130959004163742,154669994
2025-12-09,0.1390690058469772,0.1390690058469772,0.1430529952049255,0.132530003786087,0.1346019953489303,180701242
2025-12-10,0.1347920000553131,0.1347920000553131,0.1417790055274963,0.1347319930791854,0.139066994190216,173995373
2025-12-11,0.1299819946289062,0.1299819946289062,0.1349249929189682,0.128707006573677,0.1347920000553131,164230948
2025-12-12,0.1238519996404647,0.1238519996404647,0.1315100044012069,0.1235850006341934,0.1299799978733062,142757248
2025-12-13,0.1231189966201782,0.1231189966201782,0.1262809932231903,0.1216759979724884,0.1238510012626648,98861983
2025-12-14,0.118258997797966,0.118258997797966,0.1243920028209686,0.1176109984517097,0.1231219992041587,107628163
2025-12-15,0.1141899973154068,0.1141899973154068,0.1214810013771057,0.1116489991545677,0.118258997797966,138826889
2025-12-16,0.1145030036568641,0.1145030036568641,0.1164830029010772,0.1124439984560012,0.1141960024833679,104448254
2025-12-17,0.1096469983458519,0.1096469983458519,0.1172690019011497,0.1086630001664161,0.1145040020346641,114538129
2025-12-18,0.1049709990620613,0.1049709990620613,0.113925002515316,0.1042530015110969,0.1096469983458519,169997198
2025-12-19,0.1119949966669082,0.1119949966669082,0.113424003124237,0.1030530035495758,0.1049709990620613,181202528
2025-12-20,0.1137159988284111,0.1137159988284111,0.1145239993929863,0.1107319965958595,0.1119929999113082,92535640
2025-12-21,0.1118799969553947,0.1118799969553947,0.1137989982962608,0.109434999525547,0.1137159988284111,96261171
2025-12-22,0.1140709966421127,0.1140709966421127,0.1167709976434707,0.1108269989490509,0.1118799969553947,144062954
2025-12-23,0.1104210019111633,0.1104210019111633,0.1146119982004165,0.1093349978327751,0.1140709966421127,112031214
2025-12-24,0.1092799976468086,0.1092799976468086,0.1109720021486282,0.1084610000252723,0.1104189977049827,85421695
2025-12-25,0.108825996518135,0.108825996518135,0.1127920001745224,0.1085869967937469,0.1092799976468086,85754613
2025-12-26,0.1116300001740455,0.1116300001740455,0.1169599965214729,0.1085439994931221,0.1088270023465156,119018412
2025-12-27,0.1151729971170425,0.1151729971170425,0.1151740029454231,0.1111439988017082,0.1116300001740455,71596825
2025-12-28,0.1152990013360977,0.1152990013360977,0.1165340021252632,0.1136059984564781,0.1151729971170425,69052694
2025-12-29,0.1126710027456283,0.1126710027456283,0.1186539977788925,0.1125779971480369,0.1153019964694976,131589262
2025-12-30,0.1117379963397979,0.1117379963397979,0.1131319999694824,0.1102060005068779,0.1126710027456283,104290612
2025-12-31,0.1062109991908073,0.1062109991908073,0.1118270009756088,0.1057099997997284,0.1117369979619979,137470578
