Date,Adj Close,Close,High,Low,Open,Volume
2023-06-01,0.0071760001592338,0.0071760001592338,0.0072180000133812,0.0070030000060796,0.0070890001952648,123302
2023-06-02,0.0070009999908506,0.0070009999908506,0.0075229997746646,0.0068970001302659,0.0071740001440048,71738
2023-06-03,0.0069209998473525,0.0069209998473525,0.0070989998057484,0.0069010001607239,0.0070009999908506,95441
2023-06-04,0.0070190001279115,0.0070190001279115,0.0070980000309646,0.0067540002055466,0.0069189998321235,114124
2023-06-05,0.0064619998447597,0.0064619998447597,0.0070199999026954,0.0064150001853704,0.0070199999026954,152358
2023-06-06,0.0061240000650286,0.0061240000650286,0.0064920000731945,0.0058720000088214,0.0064619998447597,208882
2023-06-07,0.0059050000272691,0.0059050000272691,0.00626299995929,0.005642999894917,0.0061249998398125,110332
2023-06-08,0.0057879998348653,0.0057879998348653,0.0059320000000298,0.005642999894917,0.0059050000272691,79111
2023-06-09,0.0060660000890493,0.0060660000890493,0.0072139999829232,0.0057250000536441,0.0057879998348653,531105
2023-06-10,0.0057700001634657,0.0057700001634657,0.0069470000453293,0.0055809998884797,0.0060649998486042,282134
2023-06-11,0.0063319997861981,0.0063319997861981,0.0063319997861981,0.0056770001538097,0.0057700001634657,166105
2023-06-12,0.0059690000489354,0.0059690000489354,0.0063629997894167,0.0059299999848008,0.0063339998014271,241722
2023-06-13,0.0058579999022185,0.0058579999022185,0.0060279997996985,0.0058439997956156,0.0059690000489354,116051
2023-06-14,0.0056239999830722,0.0056239999830722,0.0059899999760091,0.0055630002170801,0.0058579999022185,134477
2023-06-15,0.0060140001587569,0.0060140001587569,0.006703000050038,0.0056210001930594,0.0056239999830722,131046
2023-06-16,0.0061479997821152,0.0061479997821152,0.006180000025779,0.0059340000152587,0.0060140001587569,54759
2023-06-17,0.0058439997956156,0.0058439997956156,0.0061610001139342,0.0058400002308189,0.0061470000073313,53820
2023-06-18,0.006004000082612,0.006004000082612,0.0060780001804232,0.005812999792397,0.0058430000208318,81736
2023-06-19,0.0059799998998641,0.0059799998998641,0.0060499999672174,0.005828000139445,0.006004000082612,40879
2023-06-20,0.0060680001042783,0.0060680001042783,0.0060709998942911,0.0058559998869895,0.0059850001707673,118595
2023-06-21,0.0061389999464154,0.0061389999464154,0.00617800001055,0.0053050001151859,0.0060680001042783,137596
2023-06-22,0.0065819998271763,0.0065819998271763,0.0069010001607239,0.0060370001010596,0.0061369999311864,568915
2023-06-23,0.00651799980551,0.00651799980551,0.0071760001592338,0.0064909998327493,0.0065830000676214,252556
2023-06-24,0.0063040000386536,0.0063040000386536,0.006535000167787,0.0061849998310208,0.006519999820739,98124
2023-06-25,0.0063140001147985,0.0063140001147985,0.0064739999361336,0.0062879999168217,0.0063029997982084,66468
2023-06-26,0.0059400000609457,0.0059400000609457,0.0063490001484751,0.0057509997859597,0.0063140001147985,163965
2023-06-27,0.0061829998157918,0.0061829998157918,0.0062270001508295,0.0059349997900426,0.0059409998357295,69227
2023-06-28,0.0059679998084902,0.0059679998084902,0.0061829998157918,0.0058789998292922,0.0061829998157918,118674
2023-06-29,0.0057540000416338,0.0057540000416338,0.0060569997876882,0.0057419999502599,0.0059679998084902,89696
2023-06-30,0.0056859999895095,0.0056859999895095,0.0060299998149275,0.0055729998275637,0.0057520000264048,114564
2023-07-01,0.0059540001675486,0.0059540001675486,0.0059790001250803,0.0056599997915327,0.0056870002299547,56850
2023-07-02,0.0058419997803866,0.0058419997803866,0.0059580001980066,0.0057169999927282,0.0059540001675486,39518
2023-07-03,0.0055289999581873,0.0055289999581873,0.0060780001804232,0.0055220001377165,0.0058430000208318,95967
2023-07-04,0.0058840001001954,0.0058840001001954,0.00592300016433,0.0055229999125003,0.0055280001834034,126859
2023-07-05,0.005998000036925,0.005998000036925,0.0062330001965165,0.0056750001385807,0.0058840001001954,278134
2023-07-06,0.005630999803543,0.005630999803543,0.006006000097841,0.005630999803543,0.005998000036925,180049
2023-07-07,0.005652000196278,0.005652000196278,0.0058900001458823,0.0055800001136958,0.0056300000287592,63815
2023-07-08,0.0058760000392794,0.0058760000392794,0.0058769998140633,0.0056250002235174,0.0056529999710619,52193
2023-07-09,0.0058229998685419,0.0058229998685419,0.0059790001250803,0.0058200000785291,0.0058760000392794,13526
2023-07-10,0.0057760002091526,0.0057760002091526,0.005915000103414,0.005747000221163,0.005824000108987,82773
2023-07-11,0.0055470000952482,0.0055470000952482,0.0057859998196363,0.0054939999245107,0.0057760002091526,79057
2023-07-12,0.0053360001184046,0.0053360001184046,0.0057520000264048,0.0053300000727176,0.0055470000952482,74396
2023-07-13,0.0059039997868239,0.0059039997868239,0.0059039997868239,0.0053139999508857,0.0053360001184046,138861
2023-07-14,0.0055550001561641,0.0055550001561641,0.0060279997996985,0.0054560001008212,0.0059059998020529,146815
2023-07-15,0.0055019999854266,0.0055019999854266,0.0055599999614059,0.0054959999397397,0.0055590001866221,47109
2023-07-16,0.0055240001529455,0.0055240001529455,0.0056440001353621,0.0054139997810125,0.0055019999854266,37181
2023-07-17,0.0055350000038743,0.0055350000038743,0.0055900001898407,0.0054600001312792,0.0055209998972713,63467
2023-07-18,0.0053229997865855,0.0053229997865855,0.0055490001104772,0.0053150001913309,0.0055350000038743,92319
2023-07-19,0.0052459998987615,0.0052459998987615,0.0053770001977682,0.0052240001969039,0.0053220000118017,76812
2023-07-20,0.0051910001784563,0.0051910001784563,0.0055260001681745,0.0051690000109374,0.0052459998987615,95628
2023-07-21,0.0052160001359879,0.0052160001359879,0.0052430001087486,0.0051839998923242,0.0051910001784563,50748
2023-07-22,0.0051649999804794,0.0051649999804794,0.0052459998987615,0.0051460000686347,0.0052149998955428,34556
2023-07-23,0.0051979999989271,0.0051979999989271,0.0053130001761019,0.0051549999043345,0.0051649999804794,50103
2023-07-24,0.0049029998481273,0.0049029998481273,0.0052290000021457,0.0047720000147819,0.0051950002089142,134006
2023-07-25,0.0046910000964999,0.0046910000964999,0.0049100001342594,0.0046870000660419,0.0049040000885725,95809
2023-07-26,0.0048119998537003,0.0048119998537003,0.0048540001735091,0.0046859998255968,0.0046939998865127,79615
2023-07-27,0.0055010002106428,0.0055010002106428,0.0060189999639987,0.0046580000780522,0.0048119998537003,1102296
2023-07-28,0.0051710000261664,0.0051710000261664,0.0056920000351965,0.0051509998738765,0.0054999999701976,287217
2023-07-29,0.0051560001447796,0.0051560001447796,0.005214000120759,0.0051299999468028,0.0051710000261664,130031
2023-07-30,0.0055249999277293,0.0055249999277293,0.0057970001362264,0.0051380000077188,0.0051569999195635,411303
2023-07-31,0.0050940001383423,0.0050940001383423,0.0058389999903738,0.0049919998273253,0.0055229999125003,169933
2023-08-01,0.0050750002264976,0.0050750002264976,0.0051319999620318,0.0049999998882412,0.0050940001383423,100376
2023-08-02,0.0050479997880756,0.0050479997880756,0.0055069997906684,0.004935999866575,0.0050750002264976,130125
2023-08-03,0.0050220000557601,0.0050220000557601,0.0050610001198947,0.0049160001799464,0.0050479997880756,43580
2023-08-04,0.0049689998850226,0.0049689998850226,0.0050289998762309,0.0049689998850226,0.0050220000557601,52563
2023-08-05,0.0049970000982284,0.0049970000982284,0.0050289998762309,0.0048989998176693,0.0049689998850226,26824
2023-08-06,0.0049080001190304,0.0049080001190304,0.0050679999403655,0.0048859999515116,0.0049990001134574,82065
2023-08-07,0.0048589999787509,0.0048589999787509,0.004949000198394,0.0048549999482929,0.0049120001494884,30652
2023-08-08,0.0046489997766911,0.0046489997766911,0.0048929997719824,0.0045779999345541,0.0048589999787509,56986
2023-08-09,0.004953000228852,0.004953000228852,0.0050039999186992,0.0044470001012086,0.0046459999866783,55159
2023-08-10,0.0047100000083446,0.0047100000083446,0.0049569997936487,0.0047089997678995,0.0049519999884068,36302
2023-08-11,0.0047909999266266,0.0047909999266266,0.0048239999450743,0.0046899998560547,0.0047100000083446,46309
2023-08-12,0.0048340000212192,0.0048340000212192,0.004844999872148,0.0047729997895658,0.0047909999266266,89223
2023-08-13,0.0046879998408257,0.0046879998408257,0.0048400000669062,0.0046419999562203,0.0048340000212192,41247
2023-08-14,0.0044959997758269,0.0044959997758269,0.0047209998592734,0.0044860001653432,0.0046879998408257,61313
2023-08-15,0.0044660000130534,0.0044660000130534,0.0046740001998841,0.0044359997846186,0.004495000001043,117942
2023-08-16,0.0042730001732707,0.0042730001732707,0.004588000010699,0.0042730001732707,0.0044660000130534,138612
2023-08-17,0.0038640000857412,0.0038640000857412,0.0042880000546574,0.0037609999999403,0.0042719999328255,115992
2023-08-18,0.004048999864608,0.004048999864608,0.0041579999960958,0.0036929999478161,0.0038640000857412,72020
2023-08-19,0.00441600009799,0.00441600009799,0.0044729998335242,0.004048999864608,0.004048999864608,153177
2023-08-20,0.0046310001052916,0.0046310001052916,0.0052979998290538,0.0044040000066161,0.00441600009799,738780
2023-08-21,0.0044289999641478,0.0044289999641478,0.0046350001357495,0.0044269999489188,0.0046310001052916,153895
2023-08-22,0.0041680000722408,0.0041680000722408,0.0044300002045929,0.0040690000168979,0.0044289999641478,70842
2023-08-23,0.0032019999343901,0.0032019999343901,0.0042900000698864,0.0027560000307857,0.0041680000722408,1183906
2023-08-24,0.0030169999226927,0.0030169999226927,0.0035459999926388,0.0029839999042451,0.0032019999343901,815690
2023-08-25,0.0025019999593496,0.0025019999593496,0.0031570000573992,0.0025019999593496,0.0030159999150782,286657
2023-08-26,0.0026720000896602,0.0026720000896602,0.0027960001025348,0.0022269999608397,0.0025019999593496,444827
2023-08-27,0.0031039998866617,0.0031039998866617,0.0034080001059919,0.0026720000896602,0.0026720000896602,839888
2023-08-28,0.0028540000785142,0.0028540000785142,0.0031030001118779,0.0028339999262243,0.0031030001118779,273666
2023-08-29,0.0028480000328272,0.0028480000328272,0.0029859999194741,0.0028109999839216,0.0028530000708997,149129
2023-08-30,0.0026259999722242,0.0026259999722242,0.0028510000556707,0.0025289999321103,0.0028480000328272,182295
2023-08-31,0.0024890000931918,0.0024890000931918,0.0026300000026822,0.0024439999833703,0.0026249999646097,228100
2023-09-01,0.0029619999695569,0.0029619999695569,0.0032510000746697,0.0024770000018179,0.0024890000931918,1001662
2023-09-02,0.002604000037536,0.002604000037536,0.0029680000152438,0.002604000037536,0.0029619999695569,450446
2023-09-03,0.002767999889329,0.002767999889329,0.0031149999704211,0.002600000007078,0.0026050000451505,169489
2023-09-04,0.0026100000832229,0.0026100000832229,0.0027799999807029,0.0025919999461621,0.0027689998969435,166965
2023-09-05,0.002206000033766,0.002206000033766,0.0026100000832229,0.002206000033766,0.0026100000832229,283989
2023-09-06,0.0013749999925494,0.0013749999925494,0.0024200000334531,0.0007420000038109,0.002206000033766,107802
2023-09-07,0.001122000045143,0.001122000045143,0.0014900000533089,0.0010010000551119,0.0013749999925494,89649
2023-09-08,0.0013239999534562,0.0013239999534562,0.0015480000292882,0.0010460000485181,0.001122000045143,45664
2023-09-09,0.0012080000014975,0.0012080000014975,0.001410000026226,0.0010699999984353,0.0013239999534562,31232
2023-09-10,0.0011289999820291,0.0011289999820291,0.001209000009112,0.0009079999872483,0.0012080000014975,25316
2023-09-11,0.0009069999796338,0.0009069999796338,0.0011589999776333,0.0008730000117793,0.0011289999820291,29750
2023-09-12,0.0009730000165291,0.0009730000165291,0.0010260000126436,0.000707000028342,0.0009069999796338,33076
2023-09-13,0.0008789999992586,0.0008789999992586,0.0009769999887794,0.0007149999728426,0.0009730000165291,14991
2023-09-14,0.0007689999765716,0.0007689999765716,0.0008960000122897,0.0006569999968633,0.0008789999992586,25279
2023-09-15,0.0008050000178627,0.0008050000178627,0.0008309999830089,0.0007079999777488,0.0007520000217482,19348
2023-09-16,0.0007849999819882,0.0007849999819882,0.0008580000139772,0.0007750000222586,0.0008050000178627,9180
2023-09-17,0.0007099999929778,0.0007099999929778,0.0007859999896027,0.0006070000235922,0.0007849999819882,20747
2023-09-18,0.000707000028342,0.000707000028342,0.0007469999836757,0.000668000022415,0.0007099999929778,7755
2023-09-19,0.0007159999804571,0.0007159999804571,0.0010000000474974,0.0006409999914467,0.000707000028342,36993
2023-09-20,0.0006849999772384,0.0006849999772384,0.0008019999950192,0.0006610000273212,0.0007159999804571,19953
2023-09-21,0.0006280000088736,0.0006280000088736,0.0007370000239461,0.0005959999980404,0.0006849999772384,15609
2023-09-22,0.0006760000251233,0.0006760000251233,0.0007229999755509,0.0006150000263005,0.0006280000088736,12356
2023-09-23,0.000668000022415,0.000668000022415,0.0006830000202171,0.0006389999762177,0.0006760000251233,4101
2023-09-24,0.000594999990426,0.000594999990426,0.0006730000022798,0.000594999990426,0.000668000022415,4676
2023-09-25,0.0006239999784156,0.0006239999784156,0.0006329999887384,0.0005709999823011,0.000594999990426,6371
2023-09-26,0.0006230000290088,0.0006230000290088,0.0006910000229254,0.0006130000110715,0.0006239999784156,5471
2023-09-27,0.0006029999931342,0.0006029999931342,0.0006559999892488,0.0005859999801032,0.0006230000290088,7371
2023-09-28,0.0006259999936446,0.0006259999936446,0.000651000009384,0.0005980000132694,0.0006029999931342,2057
2023-09-29,0.0006450000219047,0.0006450000219047,0.0007999999797903,0.0006230000290088,0.0006259999936446,17413
2023-09-30,0.0009449999779462,0.0009449999779462,0.001209000009112,0.0006040000007487,0.0006450000219047,109605
2023-10-01,0.0009229999850504,0.0009229999850504,0.0009650000138208,0.0007319999858736,0.0009449999779462,34284
2023-10-02,0.0008989999769255,0.0008989999769255,0.0009299999801442,0.000757000001613,0.0009229999850504,25907
2023-10-03,0.00084799999604,0.00084799999604,0.0009050000226125,0.0007830000249668,0.0008989999769255,10175
2023-10-04,0.0008319999906234,0.0008319999906234,0.0008689999813213,0.0007910000276751,0.00084799999604,10179
2023-10-05,0.0008689999813213,0.0008689999813213,0.0009850000496953,0.0008309999830089,0.0008319999906234,21966
2023-10-06,0.0007980000227689,0.0007980000227689,0.0009529999806545,0.0007980000227689,0.0008689999813213,19615
2023-10-07,0.0008689999813213,0.0008689999813213,0.0009239999926649,0.0007980000227689,0.0007980000227689,7402
2023-10-08,0.0008619999862276,0.0008619999862276,0.0009200000204145,0.0008549999911338,0.0008689999813213,8113
2023-10-09,0.000793999992311,0.000793999992311,0.0008989999769255,0.000759000016842,0.0008619999862276,8026
2023-10-10,0.0007650000043213,0.0007650000043213,0.0008389999857172,0.000757000001613,0.0007949999999254,6104
2023-10-11,0.0007689999765716,0.0007689999765716,0.000813000020571,0.0007489999989047,0.0007650000043213,9789
2023-10-12,0.0007430000114254,0.0007430000114254,0.0008050000178627,0.0007110000005923,0.0007689999765716,12420
2023-10-13,0.0007200000109151,0.0007200000109151,0.0007779999868944,0.0007140000234358,0.0007430000114254,7548
2023-10-14,0.0007319999858736,0.0007319999858736,0.0008529999759048,0.0006840000278316,0.0007200000109151,17063
2023-10-15,0.0007629999890923,0.0007629999890923,0.0008249999955296,0.0007290000212378,0.0007319999858736,17098
2023-10-16,0.0007479999912902,0.0007479999912902,0.000862999993842,0.0007300000288523,0.0007629999890923,19308
2023-10-17,0.0007800000021234,0.0007800000021234,0.0008469999884255,0.0007450000266544,0.0007479999912902,10835
2023-10-18,0.0008689999813213,0.0008689999813213,0.0009420000133104,0.0007239999831654,0.0007800000021234,12306
2023-10-19,0.0007740000146441,0.0007740000146441,0.0008980000275187,0.0006980000180192,0.0008689999813213,21037
2023-10-20,0.0008040000102482,0.0008040000102482,0.0008909999742172,0.0007169999880716,0.0007740000146441,22651
2023-10-21,0.0009660000214353,0.0009660000214353,0.0009670000290498,0.0008019999950192,0.0008040000102482,12448
2023-10-22,0.0010710000060498,0.0010710000060498,0.0012910000514239,0.00095199997304,0.0009660000214353,36536
2023-10-23,0.0030380000825971,0.0030380000825971,0.0032540000975131,0.0011340000201016,0.0011459999950602,255505
2023-10-24,0.0032639999408274,0.0032639999408274,0.0047929999418556,0.0023829999845474,0.0030380000825971,853727
2023-10-25,0.0020949998870491,0.0020949998870491,0.0043009999208152,0.0016740000573918,0.0032550001051276,307234
2023-10-26,0.001892999978736,0.001892999978736,0.0025289999321103,0.0016659999964758,0.0020989999175071,208854
2023-10-27,0.0019480000482872,0.0019480000482872,0.0021470000501722,0.0015989999519661,0.001892999978736,64175
2023-10-28,0.0020540000405162,0.0020540000405162,0.002339000115171,0.0017379999626427,0.0019480000482872,63199
2023-10-29,0.0019690000917762,0.0019690000917762,0.0023449999280273,0.001808000029996,0.0020540000405162,51981
2023-10-30,0.0020620001014322,0.0020620001014322,0.002117000054568,0.0017099999822676,0.0019690000917762,51299
2023-10-31,0.0020179999992251,0.0020179999992251,0.0020940001122653,0.0016769999638199,0.0020620001014322,33228
2023-11-01,0.0018530000234022,0.0018530000234022,0.0020659998990595,0.0016680000117048,0.0020179999992251,18962
2023-11-02,0.0016619999660179,0.0016619999660179,0.0019869999960064,0.0014560000272467,0.0018530000234022,56314
2023-11-03,0.0015780000248923,0.0015780000248923,0.0018560000462457,0.0015239999629557,0.0016619999660179,30472
2023-11-04,0.0016540000215172,0.0016540000215172,0.0018680000212043,0.0014900000533089,0.0015780000248923,43907
2023-11-05,0.0017770000267773,0.0017770000267773,0.0020900000818073,0.0016489999834448,0.0016540000215172,31295
2023-11-06,0.0016100000357255,0.0016100000357255,0.0017930000321939,0.0013360000448301,0.0017760000191628,44511
2023-11-07,0.0014860000228509,0.0014860000228509,0.0016629999736323,0.0014159999554976,0.0016100000357255,18440
2023-11-08,0.0014669999945908,0.0014669999945908,0.0015650000423192,0.0013279999839141,0.0014860000228509,16656
2023-11-09,0.0018560000462457,0.0018560000462457,0.0018649999983608,0.0014550000196322,0.0014659999869763,23921
2023-11-10,0.0017259999876841,0.0017259999876841,0.0020220000296831,0.0016139999497681,0.0018550000386312,49863
2023-11-11,0.0018899999558925,0.0018899999558925,0.0021800000686198,0.0016149999573826,0.0017259999876841,43810
2023-11-12,0.002424000063911,0.002424000063911,0.0037599999923259,0.0016670000040903,0.0018899999558925,265472
2023-11-13,0.0021679999772459,0.0021679999772459,0.0031030001118779,0.0021460000425577,0.0024250000715255,86010
2023-11-14,0.0025790000800043,0.0025790000800043,0.0030269999988377,0.0021319999359548,0.0021669999696314,94390
2023-11-15,0.0022619999945163,0.0022619999945163,0.0025839998852461,0.0020149999763816,0.0025800000876188,80078
2023-11-16,0.0021500000730156,0.0021500000730156,0.0024339999072253,0.0020560000557452,0.0022619999945163,23488
2023-11-17,0.0019660000689327,0.0019660000689327,0.0021790000610053,0.0019099999917671,0.0021490000654011,23012
2023-11-18,0.0019570000004023,0.0019570000004023,0.0021410000044852,0.0018410000484436,0.0019680000841617,40153
2023-11-19,0.0020930001046508,0.0020930001046508,0.0021440000273287,0.0017399999778717,0.0019570000004023,38992
2023-11-20,0.0030590000096708,0.0030590000096708,0.0034739999100565,0.0020870000589638,0.0020930001046508,208243
2023-11-21,0.0023539999965578,0.0023539999965578,0.0030330000445246,0.001918000052683,0.0030320000369101,141911
2023-11-22,0.0025400000158697,0.0025400000158697,0.0027139999438077,0.002290999982506,0.0023529999889433,45489
2023-11-23,0.0021710000000894,0.0021710000000894,0.0025400000158697,0.001983999973163,0.0025400000158697,38100
2023-11-24,0.0021430000197142,0.0021430000197142,0.0023910000454634,0.0016580000519752,0.0021710000000894,62234
2023-11-25,0.0022309999912977,0.0022309999912977,0.0026110000908374,0.0021329999435693,0.0021430000197142,53948
2023-11-26,0.0023890000302344,0.0023890000302344,0.0024429999757558,0.0021540001034736,0.0022309999912977,21617
2023-11-27,0.0022479998879134,0.0022479998879134,0.0024449999909847,0.0018479999853298,0.0023900000378489,40267
2023-11-28,0.0021710000000894,0.0021710000000894,0.0023380001075565,0.0020359999034553,0.0022479998879134,25571
2023-11-29,0.0023990001063793,0.0023990001063793,0.0023990001063793,0.002070999937132,0.0021699999924749,26183
2023-11-30,0.0025780000723898,0.0025780000723898,0.0030169999226927,0.0020850000437349,0.0023990001063793,62942
2023-12-01,0.0021649999544024,0.0021649999544024,0.0028190000448375,0.0018960000015795,0.0025780000723898,114741
2023-12-02,0.0027280000504106,0.0027280000504106,0.0028830000665038,0.0021649999544024,0.0021649999544024,79392
2023-12-03,0.0025599999353289,0.0025599999353289,0.003567999927327,0.0022400000598281,0.0027280000504106,280863
2023-12-04,0.0026159998960793,0.0026159998960793,0.0029810001142323,0.0024369999300688,0.0025619999505579,58920
2023-12-05,0.0029009999707341,0.0029009999707341,0.0031340001150965,0.0025490000844001,0.0026159998960793,74462
2023-12-06,0.002822000067681,0.002822000067681,0.0029839999042451,0.0023870000150054,0.0029009999707341,57384
2023-12-07,0.0027880000416189,0.0027880000416189,0.0030259999912232,0.0023109999019652,0.002822000067681,75078
2023-12-08,0.0040400000289082,0.0040400000289082,0.0042770002037286,0.0027610000688582,0.0027880000416189,267635
2023-12-09,0.0040629999712109,0.0040629999712109,0.0048150001093745,0.0033239999320358,0.0040400000289082,243598
2023-12-10,0.0040699997916817,0.0040699997916817,0.0046310001052916,0.0032560001127421,0.0040629999712109,153721
2023-12-11,0.003783999942243,0.003783999942243,0.005020999815315,0.0032629999332129,0.0040699997916817,257421
2023-12-12,0.0039889998733997,0.0039889998733997,0.0043700002133846,0.0036859998945146,0.003783999942243,82245
2023-12-13,0.0029849999118596,0.0029849999118596,0.0040000001899898,0.002682999940589,0.0039889998733997,104229
2023-12-14,0.002769999904558,0.002769999904558,0.0032110000029206,0.00251100002788,0.0029849999118596,129296
2023-12-15,0.0027109999209642,0.0027109999209642,0.0039280001074075,0.0018850000342354,0.0027709999121725,137122
2023-12-16,0.0028409999795258,0.0028409999795258,0.0035389999393373,0.0026259999722242,0.0027109999209642,138721
2023-12-17,0.003387999953702,0.003387999953702,0.0038040000945329,0.0026440001092851,0.0028419999871402,175123
2023-12-18,0.0035890000872313,0.0035890000872313,0.0057149999774992,0.0027050001081079,0.003387999953702,152568
2023-12-19,0.0042590000666677,0.0042590000666677,0.0046899998560547,0.003567999927327,0.0035880000796169,181210
2023-12-20,0.0040629999712109,0.0040629999712109,0.0045190001837909,0.0036039999686181,0.0042590000666677,145690
2023-12-21,0.0041559999808669,0.0041559999808669,0.00450100004673,0.0036750000435858,0.004066000226885,82679
2023-12-22,0.0039280001074075,0.0039280001074075,0.0043219998478889,0.003527000080794,0.004157000221312,100642
2023-12-23,0.0035109999589622,0.0035109999589622,0.00433100014925,0.0034539999905973,0.0039280001074075,105906
2023-12-24,0.0045110001228749,0.0045110001228749,0.0055840001441538,0.0034960000775754,0.0035099999513477,422239
2023-12-25,0.0040179998613893,0.0040179998613893,0.0047780000604689,0.0037740000989288,0.0045139999128878,199916
2023-12-26,0.0040939999744296,0.0040939999744296,0.0043000001460313,0.0034719998948276,0.0040190001018345,139206
2023-12-27,0.0046430001966655,0.0046430001966655,0.0066729998216032,0.0033660000190138,0.0040950002148747,539570
2023-12-28,0.0067400000989437,0.0067400000989437,0.0108759999275207,0.0044720000587403,0.0046410001814365,870068
2023-12-29,0.0059850001707673,0.0059850001707673,0.0072449999861419,0.0049589998088777,0.0067409998737275,482954
2023-12-30,0.0052979998290538,0.0052979998290538,0.0061809998005628,0.004933999851346,0.0059850001707673,178644
2023-12-31,0.0058289999142289,0.0058289999142289,0.0072150002233684,0.0051970002241432,0.0056019998155534,276992
2024-01-01,0.0066669997759163,0.0066669997759163,0.0071539999917149,0.0058200000785291,0.0058200000785291,254442
2024-01-02,0.0062959999777376,0.0062959999777376,0.0077129998244345,0.0056110001169145,0.0066700000315904,410007
2024-01-03,0.0057709999382495,0.0057709999382495,0.0064429999329149,0.0050099999643862,0.0062970002181828,154273
2024-01-04,0.0054339999333024,0.0054339999333024,0.0058269998989999,0.004311999771744,0.0057049999013543,141972
2024-01-05,0.005210000090301,0.005210000090301,0.0067839999683201,0.0047419997863471,0.0054339999333024,224950
2024-01-06,0.0046259998343884,0.0046259998343884,0.0056110001169145,0.0043950001709163,0.005210000090301,166751
2024-01-07,0.0044619999825954,0.0044619999825954,0.004838999826461,0.0042099999263882,0.0046259998343884,63623
2024-01-08,0.0043700002133846,0.0043700002133846,0.0047949999570846,0.0041430001147091,0.0044619999825954,133906
2024-01-09,0.0043770000338554,0.0043770000338554,0.0046850000508129,0.0037459998857229,0.0043700002133846,91634
2024-01-10,0.0044749998487532,0.0044749998487532,0.0046029998920857,0.0039750002324581,0.0043770000338554,47729
2024-01-11,0.0049100001342594,0.0049100001342594,0.0051090000197291,0.0043040001764893,0.0044749998487532,110099
2024-01-12,0.0040369997732341,0.0040369997732341,0.0051480000838637,0.0040369997732341,0.0049100001342594,86135
2024-01-13,0.0038989998865872,0.0038989998865872,0.0046660001389682,0.003709000069648,0.0040369997732341,66903
2024-01-14,0.0043060001917183,0.0043060001917183,0.0054060001857578,0.0038089998997747,0.0038989998865872,77953
2024-01-15,0.0046000001020729,0.0046000001020729,0.0048710000701248,0.0041979998350143,0.0043060001917183,70064
2024-01-16,0.0050809998065233,0.0050809998065233,0.0055419998243451,0.0039209998212754,0.0046000001020729,133266
2024-01-17,0.0061730002053081,0.0061730002053081,0.0068390001542866,0.0049459999427199,0.0050809998065233,315822
2024-01-18,0.0051979999989271,0.0051979999989271,0.0068259998224675,0.0046049999073147,0.0061730002053081,229985
2024-01-19,0.0052379998378455,0.0052379998378455,0.0058510000817477,0.0047720000147819,0.0051979999989271,115631
2024-01-20,0.0051130000501871,0.0051130000501871,0.0053389999084174,0.0048899999819695,0.0052379998378455,52578
2024-01-21,0.0063849999569356,0.0063849999569356,0.0063849999569356,0.005032000131905,0.0051130000501871,108136
2024-01-22,0.0052049998193979,0.0052049998193979,0.0063849999569356,0.0044579999521374,0.0063849999569356,194372
2024-01-23,0.0052180001512169,0.0052180001512169,0.0054480000399053,0.0048090000636875,0.0052029998041689,86784
2024-01-24,0.0055800001136958,0.0055800001136958,0.0056639998219907,0.0048650000244379,0.0052180001512169,99604
2024-01-25,0.0052820001728832,0.0052820001728832,0.0060330000706017,0.0051600001752376,0.0055800001136958,122769
2024-01-26,0.0053119999356567,0.0053119999356567,0.0057819997891783,0.0049740001559257,0.0052820001728832,72211
2024-01-27,0.0054319999180734,0.0054319999180734,0.0064280000515282,0.0039440002292394,0.0053130001761019,310218
2024-01-28,0.0053019998595118,0.0053019998595118,0.0062429998070001,0.0048329997807741,0.0054319999180734,252990
2024-01-29,0.0071290000341832,0.0071290000341832,0.0093470001593232,0.0050679999403655,0.0053019998595118,1047564
2024-01-30,0.0098430002108216,0.0098430002108216,0.0105600003153085,0.0053449999541044,0.0071290000341832,1655314
2024-01-31,0.007242000196129,0.007242000196129,0.0279699992388486,0.0053500002250075,0.0098249996080994,9408322
2024-02-01,0.0060879997909069,0.0060879997909069,0.0078980000689625,0.0045659998431801,0.0074189999140799,1144844
2024-02-02,0.0053630000911653,0.0053630000911653,0.0061789997853338,0.0042530000209808,0.0060879997909069,564510
2024-02-03,0.0067300000227987,0.0067300000227987,0.0074760001152753,0.0050090001896023,0.005375999957323,522177
2024-02-04,0.0062959999777376,0.0062959999777376,0.0073170000687241,0.0059690000489354,0.0067300000227987,436221
2024-02-05,0.0059750000946223,0.0059750000946223,0.0070210001431405,0.0053170002065598,0.0062930001877248,302464
2024-02-06,0.0058419997803866,0.0058419997803866,0.0062970002181828,0.0054540000855922,0.0059750000946223,214830
2024-02-07,0.0056710001081228,0.0056710001081228,0.006087000016123,0.0049700001254677,0.0058419997803866,112474
2024-02-08,0.0041800001636147,0.0041800001636147,0.005832000169903,0.003955999854952,0.0056710001081228,204973
2024-02-09,0.0030189999379217,0.0030189999379217,0.0041979998350143,0.002917000092566,0.0041800001636147,182263
2024-02-10,0.0038940000813454,0.0038940000813454,0.0045159999281167,0.0029029999859631,0.0030219999607652,134454
2024-02-11,0.0032440000213682,0.0032440000213682,0.0039289998821914,0.0027789999730885,0.0038940000813454,118594
2024-02-12,0.0031550000421702,0.0031550000421702,0.0033299999777227,0.0029579999390989,0.0032440000213682,56821
2024-02-13,0.0024500000290572,0.0024500000290572,0.0035019998904317,0.0022919999901205,0.0031550000421702,92350
2024-02-14,0.0025750000495463,0.0025750000495463,0.0032110000029206,0.0022630000021308,0.0024500000290572,103368
2024-02-15,0.0026199999265372,0.0026199999265372,0.002688999986276,0.0024329998996108,0.0025750000495463,21329
2024-02-16,0.0023860000073909,0.0023860000073909,0.0030559999868273,0.0022509999107569,0.0026199999265372,48785
2024-02-17,0.0027799999807029,0.0027799999807029,0.0028190000448375,0.002377999946475,0.0023860000073909,41892
2024-02-18,0.0027999999001622,0.0027999999001622,0.0035429999697953,0.0025720000267028,0.0027799999807029,72305
2024-02-19,0.0029299999587237,0.0029299999587237,0.0031520000193268,0.0026300000026822,0.0027999999001622,57275
2024-02-20,0.003480999963358,0.003480999963358,0.0038260000292211,0.00282400008291,0.0029299999587237,65139
2024-02-21,0.0028109999839216,0.0028109999839216,0.0041249999776482,0.0026179999113082,0.003480999963358,77484
2024-02-22,0.0027709999121725,0.0027709999121725,0.0032579998951405,0.0024770000018179,0.0028109999839216,47124
2024-02-23,0.0025530001148581,0.0025530001148581,0.0029299999587237,0.0025530001148581,0.0027709999121725,20509
2024-02-24,0.0024190000258386,0.0024190000258386,0.0026769998949021,0.0020949998870491,0.0025530001148581,71744
2024-02-25,0.0023340000770986,0.0023340000770986,0.0029289999511092,0.0022770001087337,0.0024190000258386,33595
2024-02-26,0.002288999967277,0.002288999967277,0.0023469999432563,0.002206000033766,0.0023340000770986,18581
2024-02-27,0.002210000064224,0.002210000064224,0.0023680001031607,0.0021790000610053,0.002288999967277,22429
2024-02-28,0.0019480000482872,0.0019480000482872,0.002210000064224,0.0019199999514967,0.002210000064224,20921
2024-02-29,0.0018579999450594,0.0018579999450594,0.002119000069797,0.0018050000071525,0.0019480000482872,25892
2024-03-01,0.0018339999951422,0.0018339999951422,0.001914000022225,0.0017209999496117,0.0018579999450594,18150
2024-03-02,0.0014830000000074,0.0014830000000074,0.0020330001134425,0.0013579999795183,0.0018339999951422,79120
2024-03-03,0.0015559999737888,0.0015559999737888,0.0017290000105276,0.001388999982737,0.0014830000000074,27739
2024-03-04,0.0015109999803826,0.0015109999803826,0.0016060000052675,0.001492999959737,0.0015559999737888,13209
2024-03-05,0.0014329999685287,0.0014329999685287,0.0015150000108405,0.0013299999991431,0.0015109999803826,15689
2024-03-06,0.001587999984622,0.001587999984622,0.0018370000179857,0.0014329999685287,0.0014329999685287,26580
2024-03-07,0.0018550000386312,0.0018550000386312,0.0018670000135898,0.0013960000360384,0.001587999984622,23594
2024-03-08,0.0015190000412985,0.0015190000412985,0.0018550000386312,0.0015140000032261,0.0018550000386312,10591
2024-03-09,0.0013660000404343,0.0013660000404343,0.0015970000531524,0.00131700001657,0.0015190000412985,17245
2024-03-10,0.00129799998831,0.00129799998831,0.0013729999773204,0.0012789999600499,0.0013660000404343,10321
2024-03-11,0.0016019999748095,0.0016019999748095,0.0017810000572353,0.001206999993883,0.00129799998831,44614
2024-03-12,0.0015679999487474,0.0015679999487474,0.0016100000357255,0.0015480000292882,0.0016019999748095,5105
2024-03-13,0.0013449999969452,0.0013449999969452,0.0016120000509545,0.0012519999872893,0.0015679999487474,20225
2024-03-14,0.001388999982737,0.001388999982737,0.0014299999456852,0.0013040000339969,0.0013449999969452,19985
2024-03-15,0.0017460000235587,0.0017460000235587,0.0017460000235587,0.0012860000133514,0.001388999982737,22688
2024-03-16,0.0016120000509545,0.0016120000509545,0.002208000048995,0.0010809999657794,0.0017460000235587,152237
2024-03-17,0.0013719999697059,0.0013719999697059,0.0017490000464022,0.0012469999492168,0.0016120000509545,43677
2024-03-18,0.0014090000186115,0.0014090000186115,0.0014090000186115,0.0013079999480396,0.0013719999697059,17862
2024-03-19,0.0013259999686852,0.0013259999686852,0.0014230000087991,0.0013259999686852,0.0014090000186115,13104
2024-03-20,0.00169599999208,0.00169599999208,0.0016990000149235,0.0012560000177472,0.0013259999686852,30129
2024-03-21,0.001520000048913,0.001520000048913,0.00169599999208,0.001494999974966,0.00169599999208,15507
2024-03-22,0.0013699999544769,0.0013699999544769,0.0015219999477267,0.0013490000274032,0.001520000048913,14186
2024-03-23,0.0013030000263825,0.0013030000263825,0.001403999980539,0.001300000003539,0.0013699999544769,7581
2024-03-24,0.0012390000047162,0.0012390000047162,0.0013729999773204,0.0011960000265389,0.0013030000263825,21986
2024-03-25,0.0014070000033825,0.0014070000033825,0.0014380000066012,0.0012329999590292,0.0012390000047162,21439
2024-03-26,0.0013389999512583,0.0013389999512583,0.0014600000577047,0.0011780000058934,0.0014070000033825,29561
2024-03-27,0.0012550000101327,0.0012550000101327,0.0013510000426322,0.0011500000255182,0.0013389999512583,19496
2024-03-28,0.0012319999514147,0.0012319999514147,0.0013060000492259,0.0012250000145286,0.0012550000101327,11102
2024-03-29,0.0012949999654665,0.0012949999654665,0.0015050000511109,0.0012290000449866,0.0012319999514147,36329
2024-03-30,0.0012600000482052,0.0012600000482052,0.0013279999839141,0.0012420000275596,0.0012949999654665,13157
2024-03-31,0.0011930000036954,0.0011930000036954,0.0013419999741017,0.001077999942936,0.0012600000482052,28329
2024-04-01,0.0011330000124871,0.0011330000124871,0.0012469999492168,0.0011109999613836,0.0011930000036954,15425
2024-04-02,0.0011769999982789,0.0011769999982789,0.0011780000058934,0.001103000016883,0.0011330000124871,8830
2024-04-03,0.0013500000350177,0.0013500000350177,0.0014149999478831,0.0011170000070706,0.0011769999982789,22053
2024-04-04,0.0013490000274032,0.0013490000274032,0.0013610000023618,0.00131700001657,0.0013500000350177,3433
2024-04-05,0.0015249999705702,0.0015249999705702,0.0019229999743402,0.0012420000275596,0.0013490000274032,34792
2024-04-06,0.0015170000260695,0.0015170000260695,0.0015589999966323,0.0014339999761432,0.0015249999705702,14592
2024-04-07,0.0014779999619349,0.0014779999619349,0.0015170000260695,0.0014639999717473,0.0015170000260695,3220
2024-04-08,0.0014779999619349,0.0014779999619349,0.0014809999847784,0.0013070000568404,0.0014779999619349,19529
2024-04-09,0.0012039999710395,0.0012039999710395,0.0014779999619349,0.0011889999732375,0.0014779999619349,12700
2024-04-10,0.0011289999820291,0.0011289999820291,0.0012560000177472,0.0011279999744147,0.0012039999710395,8330
2024-04-11,0.001230000052601,0.001230000052601,0.001230000052601,0.0011210000375285,0.0011289999820291,10703
2024-04-12,0.0010890000266954,0.0010890000266954,0.0012309999438002,0.0010890000266954,0.001230000052601,8276
2024-04-13,0.0010019999463111,0.0010019999463111,0.001105000032112,0.0009650000138208,0.0010890000266954,3091
2024-04-14,0.0011930000036954,0.0011930000036954,0.0012260000221431,0.0009840000420808,0.0010019999463111,11963
2024-04-15,0.001096999971196,0.001096999971196,0.0012319999514147,0.0010819999733939,0.0011930000036954,5504
2024-04-16,0.0010379999876022,0.0010379999876022,0.0011070000473409,0.0010379999876022,0.001096999971196,6924
2024-04-17,0.000986999948509,0.000986999948509,0.0010430000256747,0.000986999948509,0.0010379999876022,2698
2024-04-18,0.0010019999463111,0.0010019999463111,0.0010460000485181,0.0009749999735504,0.000986999948509,6239
2024-04-19,0.0009650000138208,0.0009650000138208,0.0010019999463111,0.0009619999909773,0.0010019999463111,5148
2024-04-20,0.0010189999593421,0.0010189999593421,0.0010189999593421,0.0009650000138208,0.0009650000138208,2002
2024-04-21,0.0011990000493824,0.0011990000493824,0.0016129999421536,0.0009810000192373,0.0010189999593421,55642
2024-04-22,0.0013650000328198,0.0013650000328198,0.0016039999900385,0.0011990000493824,0.0011990000493824,25616
2024-04-23,0.0014779999619349,0.0014779999619349,0.0014809999847784,0.0013650000328198,0.0013650000328198,8325
2024-04-24,0.0013999999500811,0.0013999999500811,0.0015429999912157,0.001388999982737,0.0014779999619349,8114
2024-04-25,0.0014090000186115,0.0014090000186115,0.0014130000490695,0.0013920000055804,0.0013999999500811,1330
2024-04-26,0.0013589999871328,0.0013589999871328,0.0014090000186115,0.0013559999642893,0.0014090000186115,1515
2024-04-27,0.0014359999913722,0.0014359999913722,0.0014390000142157,0.0013589999871328,0.0013589999871328,1476
2024-04-28,0.0013800000306218,0.0013800000306218,0.0014430000446736,0.0013800000306218,0.0014359999913722,4934
2024-04-29,0.0013229999458417,0.0013229999458417,0.0013800000306218,0.001319000031799,0.0013800000306218,583
2024-04-30,0.0012700000079348,0.0012700000079348,0.0013490000274032,0.0012430000351741,0.0013229999458417,2983
2024-05-01,0.0012720000231638,0.0012720000231638,0.0013279999839141,0.0012499999720603,0.0012700000079348,13863
2024-05-02,0.0013510000426322,0.0013510000426322,0.0013569999719038,0.0012550000101327,0.0012720000231638,2342
2024-05-03,0.0013310000067576,0.0013310000067576,0.0013589999871328,0.0012839999981224,0.0013510000426322,4662
2024-05-04,0.0012610000558197,0.0012610000558197,0.0013839999446645,0.0012250000145286,0.0013310000067576,14525
2024-05-05,0.0012509999796748,0.0012509999796748,0.0013070000568404,0.0012489999644458,0.0012610000558197,4489
2024-05-06,0.0013040000339969,0.0013040000339969,0.001384999952279,0.0012509999796748,0.0012509999796748,4951
2024-05-07,0.0012760000536218,0.0012760000536218,0.00140199996531,0.0012760000536218,0.0013040000339969,3580
2024-05-08,0.0013010000111535,0.0013010000111535,0.0014459999511018,0.0011579999700188,0.0012760000536218,23479
2024-05-09,0.0012799999676644,0.0012799999676644,0.0021359999664127,0.0012570000253617,0.0013010000111535,2954
2024-05-10,0.0012260000221431,0.0012260000221431,0.0012809999752789,0.0012219999916851,0.0012799999676644,1670
2024-05-11,0.001189999980852,0.001189999980852,0.0012390000047162,0.001189999980852,0.0012260000221431,2024
2024-05-12,0.0011660000309348,0.0011660000309348,0.0011909999884665,0.0011500000255182,0.001189999980852,3041
2024-05-13,0.0012000000569969,0.0012000000569969,0.0012339999666437,0.0011660000309348,0.0011660000309348,3167
2024-05-14,0.0011980000417679,0.0011980000417679,0.0012580000329762,0.0011980000417679,0.0012000000569969,4024
2024-05-15,0.0012369999894872,0.0012369999894872,0.0012469999492168,0.0011940000113099,0.0011980000417679,1433
2024-05-16,0.0012189999688416,0.0012189999688416,0.0012519999872893,0.0011800000211223,0.0012369999894872,19572
2024-05-17,0.0011780000058934,0.0011780000058934,0.0012499999720603,0.0011780000058934,0.0012189999688416,5257
2024-05-18,0.0011650000233203,0.0011650000233203,0.0011780000058934,0.0011579999700188,0.0011780000058934,1382
2024-05-19,0.0011390000581741,0.0011390000581741,0.0011660000309348,0.0011279999744147,0.0011650000233203,1068
2024-05-20,0.0013220000546425,0.0013220000546425,0.0013279999839141,0.0011279999744147,0.0011390000581741,2222
2024-05-21,0.0011109999613836,0.0011109999613836,0.0015989999519661,0.0009590000263415,0.0013220000546425,91348
2024-05-22,0.001098999986425,0.001098999986425,0.0011190000222995,0.0010659999679774,0.0011109999613836,9237
2024-05-23,0.0010019999463111,0.0010019999463111,0.001098999986425,0.0009510000236332,0.001098999986425,12631
2024-05-24,0.0009689999860711,0.0009689999860711,0.001007999991998,0.000956000003498,0.0010019999463111,3172
2024-05-25,0.0009950000094249,0.0009950000094249,0.0009950000094249,0.0009640000062063,0.0009689999860711,1860
2024-05-26,0.0009510000236332,0.0009510000236332,0.0010150000452995,0.0009469999931752,0.0009950000094249,4346
2024-05-27,0.0009369999752379,0.0009369999752379,0.000988999963738,0.0009280000231228,0.0009510000236332,9461
2024-05-28,0.0010430000256747,0.0010430000256747,0.0010470000561326,0.0008829999715089,0.0009369999752379,12528
2024-05-29,0.001012000022456,0.001012000022456,0.0010849999962374,0.001012000022456,0.0010430000256747,3016
2024-05-30,0.0009350000182166,0.0009350000182166,0.0010339999571442,0.0009030000073835,0.001012000022456,7908
2024-05-31,0.0009480000007897,0.0009480000007897,0.0010939999483525,0.0009059999720193,0.0009350000182166,13979
2024-06-01,0.0008890000171959,0.0008890000171959,0.0009779999963939,0.0008529999759048,0.0009480000007897,18835
2024-06-02,0.0008950000046752,0.0008950000046752,0.0009180000051856,0.0008759999764151,0.0008890000171959,4159
2024-06-03,0.0009219999774359,0.0009219999774359,0.0009250000002793,0.0008919999818317,0.0008950000046752,1963
2024-06-04,0.0009379999828524,0.0009379999828524,0.0009490000084042,0.0009219999774359,0.0009219999774359,2571
2024-06-05,0.0010570000158622,0.0010570000158622,0.0010629999451339,0.0009369999752379,0.0009379999828524,5325
2024-06-06,0.0010039999615401,0.0010039999615401,0.0010679999832063,0.0010039999615401,0.0010570000158622,2917
2024-06-07,0.0009740000241436,0.0009740000241436,0.001005999976769,0.0009740000241436,0.0010039999615401,1009
2024-06-08,0.0009800000116229,0.0009800000116229,0.0009800000116229,0.0009389999904669,0.0009740000241436,5109
2024-06-09,0.0009270000155083,0.0009270000155083,0.0009800000116229,0.0009270000155083,0.0009800000116229,2407
2024-06-10,0.0010209999745711,0.0010209999745711,0.0011230000527575,0.0009130000253207,0.0009270000155083,16538
2024-06-11,0.0010620000539347,0.0010620000539347,0.0010629999451339,0.0009459999855607,0.0010209999745711,6848
2024-06-12,0.0009710000013001,0.0009710000013001,0.0010620000539347,0.0009710000013001,0.0010620000539347,4116
2024-06-13,0.0009069999796338,0.0009069999796338,0.0009710000013001,0.0009059999720193,0.0009710000013001,1446
2024-06-14,0.0009120000177063,0.0009120000177063,0.0009800000116229,0.0008909999742172,0.0009069999796338,5213
2024-06-15,0.0008849999867379,0.0008849999867379,0.0009229999850504,0.0008849999867379,0.0009120000177063,3411
2024-06-16,0.0009110000100918,0.0009110000100918,0.0009110000100918,0.0008849999867379,0.0008849999867379,1220
2024-06-17,0.0008750000270083,0.0008750000270083,0.0009110000100918,0.0008750000270083,0.0009110000100918,230
2024-06-18,0.0008570000063627,0.0008570000063627,0.0008759999764151,0.0008520000264979,0.0008750000270083,404
2024-06-19,0.0008759999764151,0.0008759999764151,0.0008950000046752,0.0008570000063627,0.0008570000063627,755
2024-06-20,0.0008730000117793,0.0008730000117793,0.0008800000068731,0.0008699999889358,0.0008759999764151,746
2024-06-21,0.0008820000221021,0.0008820000221021,0.0008820000221021,0.0008670000243,0.0008730000117793,2374
2024-06-22,0.0008859999943524,0.0008859999943524,0.0009009999921545,0.0008740000193938,0.0008820000221021,2526
2024-06-23,0.000865000009071,0.000865000009071,0.0009459999855607,0.000865000009071,0.0008859999943524,8843
2024-06-24,0.0008319999906234,0.0008319999906234,0.0008890000171959,0.0008319999906234,0.000865000009071,4189
2024-06-25,0.0008679999737069,0.0008679999737069,0.0008740000193938,0.0008319999906234,0.0008319999906234,516
2024-06-26,0.0008810000144876,0.0008810000144876,0.0009120000177063,0.0008670000243,0.0008679999737069,4657
2024-06-27,0.000808999990113,0.000808999990113,0.0009030000073835,0.000808999990113,0.0008810000144876,7125
2024-06-28,0.0008469999884255,0.0008469999884255,0.000850000011269,0.0008040000102482,0.000808999990113,4256
2024-06-29,0.0008299999753944,0.0008299999753944,0.0008469999884255,0.0008280000183731,0.0008469999884255,1014
2024-06-30,0.0007970000151544,0.0007970000151544,0.0008299999753944,0.0007970000151544,0.0008299999753944,2792
2024-07-01,0.0007479999912902,0.0007479999912902,0.0007970000151544,0.0007479999912902,0.0007970000151544,2275
2024-07-02,0.000813000020571,0.000813000020571,0.000813000020571,0.0007420000038109,0.0007479999912902,5897
2024-07-03,0.0007169999880716,0.0007169999880716,0.000813000020571,0.0007130000158213,0.000813000020571,3654
2024-07-04,0.0006840000278316,0.0006840000278316,0.0007709999918006,0.0006840000278316,0.0007169999880716,6005
2024-07-05,0.0006709999870508,0.0006709999870508,0.0006840000278316,0.0006709999870508,0.0006840000278316,198
2024-07-06,0.0006960000027902,0.0006960000027902,0.0006960000027902,0.0006600000197067,0.0006709999870508,1617
2024-07-07,0.0006999999750405,0.0006999999750405,0.0007089999853633,0.0006929999799467,0.0006960000027902,868
2024-07-08,0.000722000026144,0.000722000026144,0.0007300000288523,0.0006849999772384,0.0006999999750405,545
2024-07-09,0.0007309999782592,0.0007309999782592,0.0007389999809674,0.000722000026144,0.000722000026144,146
2024-07-10,0.0007329999934881,0.0007329999934881,0.0007370000239461,0.0007309999782592,0.0007309999782592,95
2024-07-11,0.000722000026144,0.000722000026144,0.0007329999934881,0.0007079999777488,0.0007329999934881,1161
2024-07-12,0.000702999997884,0.000702999997884,0.000722000026144,0.0006919999723322,0.000722000026144,288
2024-07-13,0.000705000013113,0.000705000013113,0.0007099999929778,0.000702999997884,0.000702999997884,208
2024-07-14,0.0007079999777488,0.0007079999777488,0.0007169999880716,0.000705000013113,0.000705000013113,296
2024-07-15,0.000752999971155,0.000752999971155,0.000752999971155,0.0007079999777488,0.0007079999777488,1301
2024-07-16,0.000757000001613,0.000757000001613,0.0007609999738633,0.0007440000190399,0.000752999971155,185
2024-07-17,0.0007360000163316,0.0007360000163316,0.0007639999967068,0.0007360000163316,0.000757000001613,1331
2024-07-18,0.0007019999902695,0.0007019999902695,0.0007409999961964,0.0007019999902695,0.0007360000163316,1509
2024-07-19,0.0007300000288523,0.0007300000288523,0.0007459999760612,0.0007019999902695,0.0007019999902695,2789
2024-07-20,0.0007309999782592,0.0007309999782592,0.0007360000163316,0.0007270000060088,0.0007300000288523,233
2024-07-21,0.0007259999983943,0.0007259999983943,0.0007350000087171,0.0007259999983943,0.0007309999782592,922
2024-07-22,0.0007159999804571,0.0007159999804571,0.0007329999934881,0.0007130000158213,0.0007259999983943,1307
2024-07-23,0.000705000013113,0.000705000013113,0.0007200000109151,0.000702999997884,0.0007159999804571,267
2024-07-24,0.0006960000027902,0.0006960000027902,0.000705000013113,0.0006840000278316,0.000705000013113,1921
2024-07-25,0.0006559999892488,0.0006559999892488,0.0006960000027902,0.0006450000219047,0.0006960000027902,1309
2024-07-26,0.0006590000120922,0.0006590000120922,0.0006740000098943,0.0006559999892488,0.0006559999892488,724
2024-07-27,0.0006329999887384,0.0006329999887384,0.000663999991957,0.0006329999887384,0.0006590000120922,1465
2024-07-28,0.0006590000120922,0.0006590000120922,0.0006629999843426,0.0006329999887384,0.0006329999887384,1325
2024-07-29,0.0006060000159777,0.0006060000159777,0.0006869999924674,0.0006060000159777,0.0006590000120922,3147
2024-07-30,0.0006309999735094,0.0006309999735094,0.0006309999735094,0.0005990000208839,0.0006060000159777,1234
2024-07-31,0.0005980000132694,0.0005980000132694,0.0006309999735094,0.000594999990426,0.0006309999735094,1628
2024-08-01,0.0005750000127591,0.0005750000127591,0.0005980000132694,0.0005750000127591,0.0005980000132694,229
2024-08-02,0.0004090000002179,0.0004090000002179,0.0005750000127591,0.0004009999975096,0.0005750000127591,8493
2024-08-03,0.0004210000042803,0.0004210000042803,0.0004450000124052,0.0004009999975096,0.0004090000002179,9788
2024-08-04,0.000395999988541,0.000395999988541,0.0004229999904055,0.000395999988541,0.0004210000042803,354
2024-08-05,0.0003760000108741,0.0003760000108741,0.000395999988541,0.0003499999875202,0.000395999988541,1133
2024-08-06,0.000410999986343,0.000410999986343,0.0004159999953117,0.0003760000108741,0.0003760000108741,1693
2024-08-07,0.0004189999890513,0.0004189999890513,0.0006360000115819,0.0004020000051241,0.000410999986343,21477
2024-08-08,0.0004830000107176,0.0004830000107176,0.0004830000107176,0.0004189999890513,0.0004189999890513,828
2024-08-09,0.0005050000036135,0.0005050000036135,0.0005269999965094,0.0004820000031031,0.0004830000107176,4292
2024-08-10,0.0005159999709576,0.0005159999709576,0.0005179999861866,0.0005050000036135,0.0005050000036135,323
2024-08-11,0.0004980000085197,0.0004980000085197,0.0005319999763742,0.0004980000085197,0.0005159999709576,385
2024-08-12,0.0005310000269673,0.0005310000269673,0.0005310000269673,0.0004980000085197,0.0004980000085197,115
2024-08-13,0.0005249999812804,0.0005249999812804,0.0005310000269673,0.0005140000139363,0.0005310000269673,102
2024-08-14,0.0005130000063218,0.0005130000063218,0.0005269999965094,0.0005130000063218,0.0005249999812804,124
2024-08-15,0.0004970000009052,0.0004970000009052,0.0005130000063218,0.0004970000009052,0.0005130000063218,51
2024-08-16,0.0004949999856762,0.0004949999856762,0.0005070000188425,0.0004949999856762,0.0004970000009052,58
2024-08-17,0.0004959999932907,0.0004959999932907,0.000503999995999,0.0004949999856762,0.0004949999856762,924
2024-08-18,0.0005099999834783,0.0005099999834783,0.0005220000166445,0.0004959999932907,0.0004959999932907,1534
2024-08-19,0.0005000000237487,0.0005000000237487,0.0005099999834783,0.0004930000286549,0.0005099999834783,142
2024-08-20,0.0005119999987073,0.0005119999987073,0.0005119999987073,0.0005000000237487,0.0005000000237487,17
2024-08-21,0.0005029999883845,0.0005029999883845,0.0005119999987073,0.0004970000009052,0.0005119999987073,118
2024-08-22,0.0004980000085197,0.0004980000085197,0.0005029999883845,0.0004959999932907,0.0005029999883845,147
2024-08-23,0.0005189999938011,0.0005189999938011,0.0005189999938011,0.0004980000085197,0.0004980000085197,48
2024-08-24,0.0005200000014156,0.0005200000014156,0.0005349999992176,0.0005189999938011,0.0005189999938011,766
2024-08-25,0.0005220000166445,0.0005220000166445,0.000523000024259,0.0005200000014156,0.0005200000014156,53
2024-08-26,0.0006179999909363,0.0006179999909363,0.0006350000039674,0.0005169999785721,0.0005220000166445,6545
2024-08-27,0.0005430000019259,0.0005430000019259,0.0006179999909363,0.0005430000019259,0.0006179999909363,4271
2024-08-28,0.0005649999948218,0.0005649999948218,0.0005680000176653,0.0005370000144466,0.0005430000019259,1425
2024-08-29,0.0005619999719783,0.0005619999719783,0.0005779999773949,0.0005619999719783,0.0005649999948218,392
2024-08-30,0.000557999999728,0.000557999999728,0.0005639999872073,0.0005499999970197,0.0005619999719783,225
2024-08-31,0.0005660000024363,0.0005660000024363,0.0005719999899156,0.000557999999728,0.000557999999728,1460
2024-09-01,0.0005469999741762,0.0005469999741762,0.0005660000024363,0.0005469999741762,0.0005660000024363,92
2024-09-02,0.0005719999899156,0.0005719999899156,0.0005719999899156,0.0005469999741762,0.0005469999741762,214
2024-09-03,0.0005549999768845,0.0005549999768845,0.0005770000279881,0.0005549999768845,0.0005719999899156,261
2024-09-04,0.000538999971468,0.000538999971468,0.0005549999768845,0.000538999971468,0.0005549999768845,198
2024-09-05,0.0009990000398829,0.0009990000398829,0.001010000007227,0.000538999971468,0.000538999971468,1464
2024-09-06,0.0010209999745711,0.0010209999745711,0.0010209999745711,0.0009860000573098,0.0009960000170394,234
2024-09-07,0.000990999978967,0.000990999978967,0.0010290000354871,0.000990999978967,0.0010209999745711,399
2024-09-08,0.000988999963738,0.000988999963738,0.000990999978967,0.0009619999909773,0.000990999978967,365
2024-09-09,0.0012039999710395,0.0012039999710395,0.0012080000014975,0.0009089999948628,0.000988999963738,28447
2024-09-10,0.0011790000135079,0.0011790000135079,0.0012039999710395,0.0010479999473318,0.0012039999710395,20666
2024-09-11,0.0009159999899566,0.0009159999899566,0.0011790000135079,0.0008939999970607,0.0011790000135079,11762
2024-09-12,0.0010209999745711,0.0010209999745711,0.0010570000158622,0.0008849999867379,0.0009159999899566,5645
2024-09-13,0.0010250000050291,0.0010250000050291,0.0010890000266954,0.0009500000160187,0.0010209999745711,4199
2024-09-14,0.0011109999613836,0.0011109999613836,0.0011109999613836,0.0010000000474974,0.0010250000050291,7394
2024-09-15,0.0011470000026747,0.0011470000026747,0.0013399999588727,0.001103000016883,0.0011109999613836,14270
2024-09-16,0.0010710000060498,0.0010710000060498,0.0011470000026747,0.0010580000234767,0.0011470000026747,5777
2024-09-17,0.001077999942936,0.001077999942936,0.0012219999916851,0.0010410000104457,0.0010710000060498,5414
2024-09-18,0.0011690000537782,0.0011690000537782,0.0012199999764561,0.001010000007227,0.001077999942936,4100
2024-09-19,0.0012120000319555,0.0012120000319555,0.0014469999587163,0.0011119999689981,0.0011690000537782,1478
2024-09-20,0.0011269999668002,0.0011269999668002,0.0013119999784976,0.001010000007227,0.0012120000319555,3848
2024-09-21,0.0011749999830499,0.0011749999830499,0.0014339999761432,0.0011259999591857,0.0011269999668002,2040
2024-09-22,0.001005999976769,0.001005999976769,0.0012420000275596,0.0009679999784566,0.0011749999830499,7017
2024-09-23,0.0013079999480396,0.0013079999480396,0.00211300002411,0.0010029999539256,0.001005999976769,3488
2024-09-24,0.0012509999796748,0.0012509999796748,0.0014189999783411,0.0012080000014975,0.0013079999480396,8907
2024-09-25,0.0014090000186115,0.0014090000186115,0.0014870000304654,0.0012509999796748,0.0012509999796748,2294
2024-09-26,0.0013010000111535,0.0013010000111535,0.001806000014767,0.0010959999635815,0.0014090000186115,20353
2024-09-27,0.0012450000504031,0.0012450000504031,0.0014860000228509,0.0012400000123307,0.0013010000111535,18734
2024-09-28,0.0013599999947473,0.0013599999947473,0.0013599999947473,0.0011830000439658,0.0012450000504031,1964
2024-09-29,0.0011830000439658,0.0011830000439658,0.0014420000370591,0.0011650000233203,0.0013599999947473,4507
2024-09-30,0.0010209999745711,0.0010209999745711,0.0012369999894872,0.0009840000420808,0.0011830000439658,6666
2024-10-01,0.0016499999910593,0.0016499999910593,0.0020149999763816,0.0010209999745711,0.0010209999745711,2075
2024-10-02,0.002123000100255,0.002123000100255,0.0028909998945891,0.0014499999815598,0.0016499999910593,2319
2024-10-03,0.001016000052914,0.001016000052914,0.0027129999361932,0.0010010000551119,0.002123000100255,6884
2024-10-04,0.0012219999916851,0.0012219999916851,0.0012229999992996,0.0010150000452995,0.001016000052914,8451
2024-10-05,0.0011129999766126,0.0011129999766126,0.0013399999588727,0.0010610000463202,0.0012219999916851,2436
2024-10-06,0.0010089999996125,0.0010089999996125,0.0012799999676644,0.0010089999996125,0.0011129999766126,2170
2024-10-07,0.0011210000375285,0.0011210000375285,0.0011320000048726,0.0010089999996125,0.0010089999996125,2510
2024-10-08,0.001010000007227,0.001010000007227,0.0011990000493824,0.0010049999691545,0.0011210000375285,3813
2024-10-09,0.0014769999543204,0.0014769999543204,0.0015030000358819,0.001010000007227,0.001010000007227,2061
2024-10-10,0.0009879999561235,0.0009879999561235,0.0014880000380799,0.000986999948509,0.0014769999543204,2637
2024-10-11,0.0011599999852478,0.0011599999852478,0.0012799999676644,0.0009879999561235,0.0009879999561235,5289
2024-10-12,0.0010730000212788,0.0010730000212788,0.0011919999960809,0.0010110000148415,0.0011599999852478,1059
2024-10-13,0.0009469999931752,0.0009469999931752,0.0011060000397264,0.0009299999801442,0.0010730000212788,7896
2024-10-14,0.0021049999631941,0.0021049999631941,0.0022070000413805,0.0009379999828524,0.0009469999931752,3485
2024-10-15,0.0010049999691545,0.0010049999691545,0.002117000054568,0.0009599999757483,0.0021049999631941,11221
2024-10-16,0.0010239999974146,0.0010239999974146,0.0010710000060498,0.0010000000474974,0.0010049999691545,5470
2024-10-17,0.0010509999701753,0.0010509999701753,0.0010669999755918,0.0010209999745711,0.0010239999974146,1942
2024-10-18,0.0014880000380799,0.0014880000380799,0.0014880000380799,0.0010499999625608,0.0010509999701753,2042
2024-10-19,0.000990999978967,0.000990999978967,0.0014880000380799,0.000990999978967,0.0014880000380799,5257
2024-10-20,0.0016690000193193,0.0016690000193193,0.0017480000387877,0.000990999978967,0.000990999978967,6387
2024-10-21,0.001890999963507,0.001890999963507,0.0019189999438822,0.0013129999861121,0.0016690000193193,2370
2024-10-22,0.0009490000084042,0.0009490000084042,0.0019890000112354,0.0009389999904669,0.001890999963507,9793
2024-10-23,0.001101000001654,0.001101000001654,0.0011540000559762,0.0009379999828524,0.0009490000084042,4210
2024-10-24,0.0015089999651536,0.0015089999651536,0.0021250001154839,0.001103000016883,0.0011040000244975,5526
2024-10-25,0.0010179999517276,0.0010179999517276,0.0015089999651536,0.0009950000094249,0.0015089999651536,5183
2024-10-26,0.0009650000138208,0.0009650000138208,0.0010519999777898,0.0009510000236332,0.0010179999517276,5275
2024-10-27,0.0015190000412985,0.0015190000412985,0.0015719999792054,0.0009169999975711,0.0009650000138208,3876
2024-10-28,0.0017960000550374,0.0017960000550374,0.0018029999919235,0.0011930000036954,0.0015190000412985,3363
2024-10-29,0.0010000000474974,0.0010000000474974,0.0020610000938177,0.0009420000133104,0.0017960000550374,5368
2024-10-30,0.0010239999974146,0.0010239999974146,0.0011210000375285,0.000986999948509,0.0010000000474974,8648
2024-10-31,0.0010669999755918,0.0010669999755918,0.0011309999972581,0.0009830000344663,0.0010239999974146,7336
2024-11-01,0.0011919999960809,0.0011919999960809,0.0012140000471845,0.0010089999996125,0.0010669999755918,1645
2024-11-02,0.0009440000285394,0.0009440000285394,0.0012349999742582,0.0009430000209249,0.0011919999960809,3409
2024-11-03,0.0010039999615401,0.0010039999615401,0.001005999976769,0.0009440000285394,0.0009440000285394,9611
2024-11-04,0.0010450000409036,0.0010450000409036,0.0013220000546425,0.0009950000094249,0.0010039999615401,6409
2024-11-05,0.0010809999657794,0.0010809999657794,0.001209000009112,0.0010039999615401,0.0010450000409036,851
2024-11-06,0.0013640000252053,0.0013640000252053,0.0013909999979659,0.0010809999657794,0.0010809999657794,9492
2024-11-07,0.0012550000101327,0.0012550000101327,0.0014769999543204,0.0012199999764561,0.0013640000252053,9949
2024-11-08,0.0011129999766126,0.0011129999766126,0.0012809999752789,0.0011129999766126,0.0012550000101327,4878
2024-11-09,0.0014130000490695,0.0014130000490695,0.0018200000049546,0.0011040000244975,0.0011129999766126,6600
2024-11-10,0.0013520000502467,0.0013520000502467,0.0014600000577047,0.0012339999666437,0.0014130000490695,6531
2024-11-11,0.0015150000108405,0.0015150000108405,0.0016309999627992,0.0012270000297576,0.0013520000502467,10571
2024-11-12,0.0013729999773204,0.0013729999773204,0.0021089999936521,0.0013399999588727,0.0015150000108405,6803
2024-11-13,0.0017209999496117,0.0017209999496117,0.0017640000442042,0.0012880000285804,0.0013729999773204,12052
2024-11-14,0.0014979999978095,0.0014979999978095,0.0026980000548064,0.001492999959737,0.0017209999496117,5438
2024-11-15,0.0012910000514239,0.0012910000514239,0.0015030000358819,0.0011129999766126,0.0014979999978095,5356
2024-11-16,0.0014840000076219,0.0014840000076219,0.0018200000049546,0.0012420000275596,0.0012440000427886,10781
2024-11-17,0.0015119999879971,0.0015119999879971,0.0017369999550282,0.0013790000230073,0.0014840000076219,9204
2024-11-18,0.0010580000234767,0.0010580000234767,0.0017199999419972,0.0010389999952167,0.0015119999879971,11249
2024-11-19,0.000990999978967,0.000990999978967,0.0010799999581649,0.0008960000122897,0.0010580000234767,5296
2024-11-20,0.000759000016842,0.000759000016842,0.0009929999941959,0.0007370000239461,0.000990999978967,9381
2024-11-21,0.0011170000070706,0.0011170000070706,0.0011170000070706,0.0007479999912902,0.000759000016842,20445
2024-11-22,0.0010450000409036,0.0010450000409036,0.001120000029914,0.0009440000285394,0.0011170000070706,8144
2024-11-23,0.0016949999844655,0.0016949999844655,0.0017369999550282,0.0010450000409036,0.0010450000409036,13746
2024-11-24,0.0011830000439658,0.0011830000439658,0.0023149999324232,0.0011409999569877,0.0016949999844655,10608
2024-11-25,0.001414000056684,0.001414000056684,0.0014400000218302,0.001098999986425,0.0011830000439658,10370
2024-11-26,0.0012989999959245,0.0012989999959245,0.0017020000377669,0.0012219999916851,0.001414000056684,7926
2024-11-27,0.0014690000098198,0.0014690000098198,0.00161100004334,0.0009590000263415,0.0012989999959245,10148
2024-11-28,0.0011330000124871,0.0011330000124871,0.0017239999724552,0.0009689999860711,0.0014690000098198,64111
2024-11-29,0.0009660000214353,0.0009660000214353,0.0011680000461637,0.0008340000058524,0.0011330000124871,157188
2024-11-30,0.0010750000365078,0.0010750000365078,0.0010760000441223,0.0009139999747276,0.0009660000214353,4228
2024-12-01,0.0020190000068396,0.0020190000068396,0.002206000033766,0.0010529999854043,0.0010750000365078,13213
2024-12-02,0.0011820000363513,0.0011820000363513,0.0021949999500066,0.0011129999766126,0.0020190000068396,21487
2024-12-03,0.002733000088483,0.002733000088483,0.0034360000863671,0.0011109999613836,0.0011820000363513,21771
2024-12-04,0.0008679999737069,0.0008679999737069,0.002733000088483,0.0008570000063627,0.002733000088483,99488
2024-12-05,0.0009110000100918,0.0009110000100918,0.0009670000290498,0.0008679999737069,0.0008679999737069,21449
2024-12-06,0.0008800000068731,0.0008800000068731,0.0009340000106021,0.0008309999830089,0.0008980000275187,11827
2024-12-07,0.0008159999852068,0.0008159999852068,0.0008800000068731,0.0008159999852068,0.0008800000068731,4940
2024-12-08,0.0007709999918006,0.0007709999918006,0.0008169999928213,0.0007689999765716,0.0008169999928213,3229
2024-12-09,0.0006479999865405,0.0006479999865405,0.0007709999918006,0.0006459999713115,0.0007709999918006,19071
2024-12-10,0.0014690000098198,0.0014690000098198,0.0015109999803826,0.0006479999865405,0.0006479999865405,8843
2024-12-11,0.0016270000487565,0.0016270000487565,0.0028890001121908,0.0011960000265389,0.0014690000098198,8778
2024-12-12,0.0007719999994151,0.0007719999994151,0.0018579999450594,0.000759000016842,0.0016270000487565,4468
2024-12-13,0.0007500000065192,0.0007500000065192,0.0007890000124461,0.0007319999858736,0.0007719999994151,9034
2024-12-14,0.0009319999953731,0.0009319999953731,0.0009369999752379,0.0007239999831654,0.0007500000065192,5790
2024-12-15,0.0009399999980814,0.0009399999980814,0.0009399999980814,0.0007389999809674,0.0009319999953731,7218
2024-12-16,0.0008609999786131,0.0008609999786131,0.0019450000254437,0.0008140000281855,0.0009399999980814,6114
2024-12-17,0.0007300000288523,0.0007300000288523,0.0008759999764151,0.0007300000288523,0.0008609999786131,15030
2024-12-18,0.0005760000203736,0.0005760000203736,0.0008420000085607,0.0005760000203736,0.0007300000288523,7321
2024-12-19,0.0007759999716654,0.0007759999716654,0.000813000020571,0.0005760000203736,0.0005760000203736,11453
2024-12-20,0.0011080000549554,0.0011080000549554,0.0011249999515712,0.0006859999848529,0.0007759999716654,4458
2024-12-21,0.0007270000060088,0.0007270000060088,0.0011099999537691,0.000702999997884,0.0011080000549554,17935
2024-12-22,0.0010860000038519,0.0010860000038519,0.001405999995768,0.0007200000109151,0.0007270000060088,4948
2024-12-23,0.0014110000338405,0.0014110000338405,0.0014680000022053,0.0007190000033006,0.0010860000038519,4351
2024-12-24,0.000752999971155,0.000752999971155,0.0015519999433308,0.0007280000136233,0.0014110000338405,9183
2024-12-25,0.0008789999992586,0.0008789999992586,0.0008800000068731,0.0007229999755509,0.000752999971155,3180
2024-12-26,0.0006719999946653,0.0006719999946653,0.0011149999918416,0.0006610000273212,0.0008789999992586,4068
2024-12-27,0.0006619999767281,0.0006619999767281,0.000754999986384,0.0006459999713115,0.0006719999946653,16415
2024-12-28,0.0007619999814778,0.0007619999814778,0.0007629999890923,0.000648999994155,0.0006619999767281,8034
2024-12-29,0.0007830000249668,0.0007830000249668,0.0008350000134669,0.0006910000229254,0.0007619999814778,8453
2024-12-30,0.0007140000234358,0.0007140000234358,0.0018309999722987,0.0007089999853633,0.0007830000249668,5583
2024-12-31,0.0006999999750405,0.0006999999750405,0.0009360000258311,0.0006999999750405,0.0007140000234358,10210
2025-01-01,0.0006619999767281,0.0006619999767281,0.0008599999709986,0.0006399999838322,0.0006999999750405,13652
2025-01-02,0.0007290000212378,0.0007290000212378,0.0007409999961964,0.0006380000268109,0.0006619999767281,6958
2025-01-03,0.0007120000082068,0.0007120000082068,0.000754999986384,0.0006619999767281,0.0007290000212378,6984
2025-01-04,0.0007140000234358,0.0007140000234358,0.0012450000504031,0.0006980000180192,0.0007120000082068,6124
2025-01-05,0.0007300000288523,0.0007300000288523,0.0008769999840296,0.0007099999929778,0.0007140000234358,9085
2025-01-06,0.0006939999875612,0.0006939999875612,0.0008580000139772,0.000646999978926,0.0007300000288523,9113
2025-01-07,0.0007810000097379,0.0007810000097379,0.0009260000078938,0.0006939999875612,0.0006939999875612,12161
2025-01-08,0.0007399999885819,0.0007399999885819,0.0017500000540167,0.0007399999885819,0.0007810000097379,1625
2025-01-09,0.000757000001613,0.000757000001613,0.0017989999614655,0.000702999997884,0.0007399999885819,7710
2025-01-10,0.000759000016842,0.000759000016842,0.0009069999796338,0.000754999986384,0.000757000001613,4120
2025-01-11,0.001516000018455,0.001516000018455,0.0047240001149475,0.000752999971155,0.000759000016842,2437
2025-01-12,0.000791999977082,0.000791999977082,0.0015269999857991,0.0007869999972172,0.001516000018455,4845
2025-01-13,0.0010260000126436,0.0010260000126436,0.0012710000155493,0.000791999977082,0.000791999977082,5055
2025-01-14,0.0008379999781027,0.0008379999781027,0.0016449999529868,0.0007989999721758,0.0010260000126436,40719
2025-01-15,0.0010590000310912,0.0010590000310912,0.0010600000387057,0.0007890000124461,0.0008379999781027,2878
2025-01-16,0.0007869999972172,0.0007869999972172,0.0020620001014322,0.0007670000195503,0.0010590000310912,7849
2025-01-17,0.0008379999781027,0.0008379999781027,0.0008820000221021,0.000702999997884,0.0007869999972172,13406
2025-01-18,0.0007350000087171,0.0007350000087171,0.001492999959737,0.0006999999750405,0.0008379999781027,11797
2025-01-19,0.0007340000011026,0.0007340000011026,0.0020109999459236,0.0006900000153109,0.0007350000087171,18455
2025-01-20,0.0008960000122897,0.0008960000122897,0.0016019999748095,0.0007270000060088,0.0007340000011026,10924
2025-01-21,0.0010590000310912,0.0010590000310912,0.0010590000310912,0.0008079999824985,0.0008960000122897,24506
2025-01-22,0.0008219999726861,0.0008219999726861,0.0012450000504031,0.0007459999760612,0.0010590000310912,14549
2025-01-23,0.0009159999899566,0.0009159999899566,0.0013989999424666,0.0007520000217482,0.0008219999726861,5136
2025-01-24,0.0011249999515712,0.0011249999515712,0.001189999980852,0.0008280000183731,0.0009159999899566,37081
2025-01-25,0.001698000007309,0.001698000007309,0.001719000050798,0.0010610000463202,0.0011249999515712,28550
2025-01-26,0.0009330000029876,0.0009330000029876,0.0017079999670386,0.0008609999786131,0.001698000007309,64056
2025-01-27,0.0018649999983608,0.0018649999983608,0.0020580000709742,0.0008200000156648,0.0009330000029876,40456
2025-01-28,0.0020659998990595,0.0020659998990595,0.0020659998990595,0.0007650000043213,0.0018649999983608,16835
2025-01-29,0.0008670000243,0.0008670000243,0.0021520000882446,0.0007980000227689,0.0020659998990595,6608
2025-01-30,0.0011230000527575,0.0011230000527575,0.0017239999724552,0.0008640000014565,0.0008670000243,18244
2025-01-31,0.0012039999710395,0.0012039999710395,0.00140199996531,0.0010509999701753,0.0011230000527575,9565
2025-02-01,0.0015930000226944,0.0015930000226944,0.0017770000267773,0.001202999963425,0.0012039999710395,16631
2025-02-02,0.0013399999588727,0.0013399999588727,0.001912000006996,0.0013129999861121,0.0015930000226944,13236
2025-02-03,0.0012489999644458,0.0012489999644458,0.0015569999814033,0.0008939999970607,0.0013399999588727,57201
2025-02-04,0.0011459999950602,0.0011459999950602,0.0012750000460073,0.0011320000048726,0.0012489999644458,9712
2025-02-05,0.0010720000136643,0.0010720000136643,0.0011559999547898,0.0010369999799877,0.0011459999950602,6661
2025-02-06,0.0011650000233203,0.0011650000233203,0.0012499999720603,0.0010720000136643,0.0010720000136643,6479
2025-02-07,0.0011630000080913,0.0011630000080913,0.0014179999707266,0.0010450000409036,0.0011609999928623,5279
2025-02-08,0.0009769999887794,0.0009769999887794,0.0011780000058934,0.0009699999936856,0.0011630000080913,11844
2025-02-09,0.0010010000551119,0.0010010000551119,0.0010290000354871,0.0009749999735504,0.0009769999887794,2775
2025-02-10,0.0009260000078938,0.0009260000078938,0.0010430000256747,0.0008180000004358,0.0010010000551119,13225
2025-02-11,0.0007660000119358,0.0007660000119358,0.00095199997304,0.0007650000043213,0.0009260000078938,11862
2025-02-12,0.0008260000031441,0.0008260000031441,0.0008260000031441,0.0007350000087171,0.0007660000119358,4872
2025-02-13,0.0019539999775588,0.0019539999775588,0.0020109999459236,0.000813000020571,0.0008260000031441,7761
2025-02-14,0.0008919999818317,0.0008919999818317,0.0020149999763816,0.0008890000171959,0.0019539999775588,13745
2025-02-15,0.0010669999755918,0.0010669999755918,0.0012789999600499,0.0008440000237897,0.0008919999818317,2995
2025-02-16,0.0007859999896027,0.0007859999896027,0.0010689999908208,0.0007730000070296,0.0010669999755918,2580
2025-02-17,0.0007389999809674,0.0007389999809674,0.0008149999775923,0.0007329999934881,0.0007859999896027,5407
2025-02-18,0.0009219999774359,0.0009219999774359,0.0014090000186115,0.0007309999782592,0.0007389999809674,7474
2025-02-19,0.0007709999918006,0.0007709999918006,0.0009270000155083,0.0007500000065192,0.0009219999774359,13148
2025-02-20,0.0008030000026337,0.0008030000026337,0.000808999990113,0.0007210000185295,0.0007709999918006,1736
2025-02-21,0.0013419999741017,0.0013419999741017,0.0019320000428706,0.0007719999994151,0.0008030000026337,3394
2025-02-22,0.0008720000041648,0.0008720000041648,0.0018820000113919,0.0008720000041648,0.0013419999741017,4893
2025-02-23,0.0007890000124461,0.0007890000124461,0.0008730000117793,0.0007459999760612,0.0008720000041648,1250
2025-02-24,0.0008689999813213,0.0008689999813213,0.0009250000002793,0.000702999997884,0.0007890000124461,4736
2025-02-25,0.0011520000407472,0.0011520000407472,0.001209000009112,0.0008309999830089,0.0008689999813213,3455
2025-02-26,0.0006619999767281,0.0006619999767281,0.0014179999707266,0.0006610000273212,0.0011520000407472,1996
2025-02-27,0.0005879999953322,0.0005879999953322,0.0006719999946653,0.0005709999823011,0.0006619999767281,5749
2025-02-28,0.0008640000014565,0.0008640000014565,0.0010920000495389,0.0005879999953322,0.0005879999953322,4362
2025-03-01,0.0005549999768845,0.0005549999768845,0.0008720000041648,0.0005380000220611,0.0008640000014565,1736
2025-03-02,0.0016479999758303,0.0016479999758303,0.0019910000264644,0.0005220000166445,0.0005549999768845,736
2025-03-03,0.0008350000134669,0.0008350000134669,0.0016550000291317,0.0007350000087171,0.0016479999758303,2735
2025-03-04,0.0005709999823011,0.0005709999823011,0.0206840001046657,0.0005660000024363,0.0008350000134669,5684
2025-03-05,0.0005450000171549,0.0005450000171549,0.0005709999823011,0.0005269999965094,0.0005709999823011,24
2025-03-06,0.0007609999738633,0.0007609999738633,0.0007759999716654,0.0005450000171549,0.0005450000171549,160
2025-03-07,0.0006789999897591,0.0006789999897591,0.0007769999792799,0.0006699999794363,0.0007609999738633,4724
2025-03-08,0.0010979999788105,0.0010979999788105,0.0019069999689236,0.0006689999718219,0.0006789999897591,2514
2025-03-09,0.0007859999896027,0.0007859999896027,0.0011210000375285,0.0005980000132694,0.0010979999788105,603
2025-03-10,0.0017579999985173,0.0017579999985173,0.0023590000346302,0.0007740000146441,0.0007859999896027,1214
2025-03-11,0.0006990000256337,0.0006990000256337,0.0019170000450685,0.0006890000076964,0.0017579999985173,211
2025-03-12,0.0006919999723322,0.0006919999723322,0.0007169999880716,0.0006459999713115,0.0006990000256337,138
2025-03-13,0.0005089999758638,0.0005089999758638,0.0006919999723322,0.0005009999731555,0.0006919999723322,12
2025-03-14,0.0005779999773949,0.0005779999773949,0.000594999990426,0.0005089999758638,0.0005089999758638,1000
2025-03-15,0.0005670000100508,0.0005670000100508,0.0005830000154674,0.0005380000220611,0.0005779999773949,20
2025-03-16,0.0005339999916031,0.0005339999916031,0.0008609999786131,0.0005339999916031,0.0005670000100508,53
2025-03-17,0.0005629999795928,0.0005629999795928,0.0005820000078529,0.0005269999965094,0.0005339999916031,94
2025-03-18,0.000705000013113,0.000705000013113,0.000705000013113,0.0005300000193528,0.0005629999795928,10
2025-03-19,0.0006130000110715,0.0006130000110715,0.0017960000550374,0.0005900000105611,0.000705000013113,42
2025-03-20,0.000901999999769,0.000901999999769,0.0012740000383928,0.0005980000132694,0.0006130000110715,92
2025-03-21,0.000594999990426,0.000594999990426,0.0009440000285394,0.0005910000181756,0.000901999999769,13
2025-03-22,0.0006019999855197,0.0006019999855197,0.0006230000290088,0.0005920000257901,0.000594999990426,14
2025-03-23,0.0005879999953322,0.0005879999953322,0.0006019999855197,0.0005869999877177,0.0006019999855197,12
2025-03-24,0.0010150000452995,0.0010150000452995,0.0011749999830499,0.0005879999953322,0.0005879999953322,875
2025-03-25,0.0006980000180192,0.0006980000180192,0.0014730000402778,0.0006230000290088,0.0010150000452995,696
2025-03-26,0.0008249999955296,0.0008249999955296,0.0011149999918416,0.0006919999723322,0.0006980000180192,292
2025-03-27,0.0005810000002384,0.0005810000002384,0.0008599999709986,0.0005770000279881,0.0008249999955296,2569
2025-03-28,0.0004980000085197,0.0004980000085197,0.0005869999877177,0.0004980000085197,0.0005810000002384,3223
2025-03-29,0.0006259999936446,0.0006259999936446,0.000646999978926,0.0004970000009052,0.0004980000085197,354
2025-03-30,0.0004799999878741,0.0004799999878741,0.0006300000241026,0.0004689999914262,0.0006259999936446,17
2025-03-31,0.0006399999838322,0.0006399999838322,0.0006539999740198,0.0004799999878741,0.0004799999878741,1484
2025-04-01,0.0005740000051446,0.0005740000051446,0.0014669999945908,0.0005719999899156,0.0006399999838322,125
2025-04-02,0.0005050000036135,0.0005050000036135,0.0005740000051446,0.0005050000036135,0.0005740000051446,42
2025-04-03,0.0004879999905824,0.0004879999905824,0.000508000026457,0.0004680000129155,0.0005050000036135,60
2025-04-04,0.0005699999746866,0.0005699999746866,0.0006670000148005,0.0004879999905824,0.0004879999905824,2000
2025-04-05,0.0004920000210404,0.0004920000210404,0.000646999978926,0.0004900000058114,0.0005699999746866,63
2025-04-06,0.0004579999949783,0.0004579999949783,0.0005169999785721,0.0004579999949783,0.0004920000210404,51
2025-04-07,0.0009769999887794,0.0009769999887794,0.0018220000201836,0.0004370000096969,0.0004579999949783,461
2025-04-08,0.0003720000095199,0.0003720000095199,0.0009779999963939,0.0003429999924264,0.0009769999887794,7348
2025-04-09,0.000503999995999,0.000503999995999,0.000503999995999,0.0003539999888744,0.0003720000095199,370
2025-04-10,0.0003840000135824,0.0003840000135824,0.000503999995999,0.0003769999893847,0.000503999995999,34
2025-04-11,0.0003990000113844,0.0003990000113844,0.0004640000115614,0.0003779999969992,0.0003840000135824,43
2025-04-12,0.0004839999892283,0.0004839999892283,0.0027799999807029,0.0003819999983534,0.0003990000113844,2185
2025-04-13,0.0008050000178627,0.0008050000178627,0.0008329999982379,0.0004689999914262,0.0004839999892283,652
2025-04-14,0.0004710000066552,0.0004710000066552,0.0011759999906644,0.0004710000066552,0.0008050000178627,221
2025-04-15,0.0012009999481961,0.0012009999481961,0.0013480000197887,0.0004659999976865,0.0004710000066552,788
2025-04-16,0.0004550000012386,0.0004550000012386,0.0012369999894872,0.0003980000037699,0.0012009999481961,206
2025-04-17,0.0003220000071451,0.0003220000071451,0.0005220000166445,0.0003209999995306,0.0004550000012386,3524
2025-04-18,0.000333000003593,0.000333000003593,0.000333000003593,0.0003140000044368,0.0003220000071451,9
2025-04-19,0.0003769999893847,0.0003769999893847,0.0003779999969992,0.000333000003593,0.000333000003593,13
2025-04-20,0.0004030000127386,0.0004030000127386,0.0004220000118948,0.0003699999942909,0.0003769999893847,1359
2025-04-21,0.0004199999966658,0.0004199999966658,0.0004600000102072,0.0003769999893847,0.0004030000127386,26
2025-04-22,0.0006060000159777,0.0006060000159777,0.0006060000159777,0.0003900000010617,0.0004199999966658,239
2025-04-23,0.0006689999718219,0.0006689999718219,0.0008329999982379,0.0005269999965094,0.0006060000159777,857
2025-04-24,0.0004870000120718,0.0004870000120718,0.0006709999870508,0.0004689999914262,0.0006689999718219,96
2025-04-25,0.0006760000251233,0.0006760000251233,0.0007980000227689,0.0004569999873638,0.0004870000120718,1026
2025-04-26,0.0006000000284984,0.0006000000284984,0.0008490000036545,0.0004419999895617,0.0006760000251233,31
2025-04-27,0.0005339999916031,0.0005339999916031,0.000850000011269,0.0004140000091865,0.0006000000284984,933
2025-04-28,0.0004560000088531,0.0004560000088531,0.0005499999970197,0.00042399999802,0.0005339999916031,3858
2025-04-29,0.0004539999936241,0.0004539999936241,0.00047599998652,0.0004400000034365,0.0004560000088531,54
2025-04-30,0.0004419999895617,0.0004419999895617,0.0004889999981969,0.0004260000132489,0.0004539999936241,71
2025-05-01,0.0005159999709576,0.0005159999709576,0.0005419999943114,0.00042399999802,0.0004419999895617,1253
2025-05-02,0.0005089999758638,0.0005089999758638,0.000560000014957,0.0004769999941345,0.0005159999709576,249
2025-05-03,0.0004290000069886,0.0004290000069886,0.0006169999833218,0.0004199999966658,0.0005089999758638,1997
2025-05-04,0.00042399999802,0.00042399999802,0.0004360000020824,0.0004199999966658,0.0004290000069886,23
2025-05-05,0.0004419999895617,0.0004419999895617,0.0004649999900721,0.0004119999939575,0.00042399999802,125
2025-05-06,0.0004309999931138,0.0004309999931138,0.4079490005970001,0.0004250000056345,0.0004419999895617,14372
2025-05-07,0.000438999995822,0.000438999995822,0.000438999995822,0.0004279999993741,0.0004309999931138,17458
2025-05-08,0.0005329999839887,0.0005329999839887,0.0005549999768845,0.000438999995822,0.000438999995822,24802
2025-05-09,0.0006370000191964,0.0006370000191964,0.0006440000142902,0.0005329999839887,0.0005329999839887,50403
2025-05-10,0.0006960000027902,0.0006960000027902,0.0006960000027902,0.0006370000191964,0.0006370000191964,55771
2025-05-11,0.0006670000148005,0.0006670000148005,0.0007130000158213,0.0006629999843426,0.0006960000027902,55499
2025-05-12,0.0006799999973736,0.0006799999973736,0.0006960000027902,0.0006670000148005,0.0006670000148005,49776
2025-05-13,0.0007539999787695,0.0007539999787695,0.0007539999787695,0.0006730000022798,0.0006799999973736,31436
2025-05-14,0.0007229999755509,0.0007229999755509,0.0007680000271648,0.0007210000185295,0.0007539999787695,39034
2025-05-15,0.0007130000158213,0.0007130000158213,0.0007280000136233,0.000705000013113,0.0007229999755509,39829
2025-05-16,0.000793999992311,0.000793999992311,0.0008299999753944,0.0007130000158213,0.0007130000158213,27583
2025-05-17,0.000663999991957,0.000663999991957,0.000793999992311,0.0006629999843426,0.000793999992311,21412
2025-05-18,0.0008239999879151,0.0008239999879151,0.0009100000024773,0.000663999991957,0.000663999991957,30968
2025-05-19,0.0009180000051856,0.0009180000051856,0.0009319999953731,0.0008159999852068,0.0008239999879151,40452
2025-05-20,0.000850000011269,0.000850000011269,0.0009379999828524,0.0008219999726861,0.0009180000051856,32321
2025-05-21,0.0008539999835193,0.0008539999835193,0.0008660000166855,0.0008260000031441,0.000850000011269,37492
2025-05-22,0.0008570000063627,0.0008570000063627,0.0008800000068731,0.0008520000264979,0.0008539999835193,48065
2025-05-23,0.0008200000156648,0.0008200000156648,0.0009089999948628,0.0008200000156648,0.0008570000063627,95884
2025-05-24,0.0008360000210814,0.0008360000210814,0.0008399999933317,0.0008200000156648,0.0008200000156648,36063
2025-05-25,0.0008350000134669,0.0008350000134669,0.0008360000210814,0.000813000020571,0.0008360000210814,32035
2025-05-26,0.000862999993842,0.000862999993842,0.000862999993842,0.0008350000134669,0.0008350000134669,88738
2025-05-27,0.0008810000144876,0.0008810000144876,0.0008859999943524,0.0008490000036545,0.000862999993842,83949
2025-05-28,0.0008670000243,0.0008670000243,0.0008810000144876,0.0008619999862276,0.0008810000144876,51469
2025-05-29,0.0008019999950192,0.0008019999950192,0.0008839999791234,0.0008019999950192,0.0008670000243,46340
2025-05-30,0.0007810000097379,0.0007810000097379,0.0008019999950192,0.0007810000097379,0.0008019999950192,30905
2025-05-31,0.0008350000134669,0.0008350000134669,0.0008410000009462,0.0007520000217482,0.0007810000097379,37531
2025-06-01,0.0008329999982379,0.0008329999982379,0.0008350000134669,0.000813000020571,0.0008350000134669,36319
2025-06-02,0.0007830000249668,0.0007830000249668,0.0008329999982379,0.0007759999716654,0.0008329999982379,32370
2025-06-03,0.5380520224571228,0.5380520224571228,0.5620920062065125,0.0007830000249668,0.0007830000249668,60683
2025-06-04,0.5175480246543884,0.5175480246543884,0.5542060136795044,0.5175480246543884,0.5380520224571228,55501
2025-06-05,0.0007830000249668,0.0007830000249668,0.0008329999982379,0.0007759999716654,0.0008329999982379,32366
2025-06-06,0.4508540034294128,0.4508540034294128,0.4522880017757416,0.0007830000249668,0.0007830000249668,36469
2025-06-07,0.0008050000178627,0.0008050000178627,0.0008099999977275,0.0007750000222586,0.0007989999721758,40550
2025-06-08,0.0007600000244565,0.0007600000244565,0.0008079999824985,0.0007520000217482,0.0008050000178627,30995
2025-06-09,0.0007750000222586,0.0007750000222586,0.0008239999879151,0.0007600000244565,0.0007600000244565,30993
2025-06-10,0.000651000009384,0.000651000009384,0.0007750000222586,0.0006150000263005,0.0007750000222586,10701
2025-06-11,0.000806999974884,0.000806999974884,0.000808999990113,0.0006319999811239,0.000651000009384,11521
2025-06-12,0.0009009999921545,0.0009009999921545,0.0009369999752379,0.000806999974884,0.000806999974884,13212
2025-06-13,0.0009130000253207,0.0009130000253207,0.0009130000253207,0.0008239999879151,0.0009009999921545,3385
2025-06-14,0.0009670000290498,0.0009670000290498,0.000990999978967,0.000904000014998,0.0009130000253207,3627
2025-06-15,0.0012809999752789,0.0012809999752789,0.0015429999912157,0.0009469999931752,0.0009670000290498,57937
2025-06-16,0.0011990000493824,0.0011990000493824,0.0013530000578612,0.0011990000493824,0.0012809999752789,17686
2025-06-17,0.0013099999632686,0.0013099999632686,0.0013289999915286,0.0009449999779462,0.0011990000493824,29824
2025-06-18,0.0012080000014975,0.0012080000014975,0.0013129999861121,0.0011820000363513,0.0013099999632686,5295
2025-06-19,0.0012100000167265,0.0012100000167265,0.0012169999536126,0.0011869999580085,0.0012080000014975,0
2025-06-20,0.0011360000353306,0.0011360000353306,0.0012100000167265,0.001118000014685,0.0012100000167265,2643
2025-06-21,0.0010890000266954,0.0010890000266954,0.0011419999646022,0.0010890000266954,0.0011360000353306,0
2025-06-22,0.0009689999860711,0.0009689999860711,0.0010890000266954,0.0009430000209249,0.0010890000266954,3344
2025-06-23,0.0011259999591857,0.0011259999591857,0.0011259999591857,0.0009689999860711,0.0009689999860711,4098
2025-06-24,0.001101000001654,0.001101000001654,0.0011259999591857,0.001098999986425,0.0011259999591857,0
2025-06-25,0.0010720000136643,0.0010720000136643,0.0012479999568313,0.0010400000028312,0.001101000001654,0
2025-06-26,0.0010649999603629,0.0010649999603629,0.0010829999810084,0.0010570000158622,0.0010720000136643,0
2025-06-27,0.0009389999904669,0.0009389999904669,0.0010689999908208,0.000904000014998,0.0010649999603629,8140
2025-06-28,0.00095199997304,0.00095199997304,0.0009529999806545,0.0009369999752379,0.0009389999904669,0
2025-06-29,0.0009529999806545,0.0009529999806545,0.0009590000263415,0.0009500000160187,0.00095199997304,0
2025-06-30,0.0009309999877586,0.0009309999877586,0.000956000003498,0.0009180000051856,0.0009529999806545,0
2025-07-01,0.0009200000204145,0.0009200000204145,0.0009379999828524,0.0009130000253207,0.0009309999877586,0
2025-07-02,0.0009069999796338,0.0009069999796338,0.0009270000155083,0.0008779999916441,0.0009200000204145,0
2025-07-03,0.0009990000398829,0.0009990000398829,0.0009990000398829,0.0008880000095814,0.0009069999796338,4763
2025-07-04,0.0009500000160187,0.0009500000160187,0.0009990000398829,0.0009430000209249,0.0009990000398829,1316
2025-07-05,0.0009650000138208,0.0009650000138208,0.0009689999860711,0.0009500000160187,0.0009500000160187,0
2025-07-06,0.0009169999975711,0.0009169999975711,0.0009650000138208,0.0009159999899566,0.0009650000138208,2333
2025-07-07,0.00089999998454,0.00089999998454,0.0009190000128,0.0008989999769255,0.0009169999975711,0
2025-07-08,0.0009110000100918,0.0009110000100918,0.0009120000177063,0.0008909999742172,0.00089999998454,916
2025-07-09,0.0009820000268518,0.0009820000268518,0.0009820000268518,0.0009089999948628,0.0009110000100918,1042
2025-07-10,0.0009820000268518,0.0009820000268518,0.0009860000573098,0.0009590000263415,0.0009820000268518,0
2025-07-11,0.0010209999745711,0.0010209999745711,0.0010860000038519,0.0009820000268518,0.0009820000268518,1430
2025-07-12,0.0009990000398829,0.0009990000398829,0.0010260000126436,0.0009990000398829,0.0010209999745711,0
2025-07-13,0.0009929999941959,0.0009929999941959,0.0010229999898001,0.0009929999941959,0.0009990000398829,855
2025-07-14,0.000986999948509,0.000986999948509,0.0010150000452995,0.0009850000496953,0.0009929999941959,780
2025-07-15,0.0010150000452995,0.0010150000452995,0.001016000052914,0.0009650000138208,0.000986999948509,0
2025-07-16,0.0011129999766126,0.0011129999766126,0.0011399999493733,0.0010150000452995,0.0010150000452995,5462
2025-07-17,0.0011060000397264,0.0011060000397264,0.0011429999722167,0.0010819999733939,0.0011129999766126,0
2025-07-18,0.0010130000300705,0.0010130000300705,0.0011699999449774,0.0010130000300705,0.0011060000397264,0
2025-07-19,0.001016000052914,0.001016000052914,0.0010329999495297,0.0010000000474974,0.0010130000300705,2606
2025-07-20,0.0010529999854043,0.0010529999854043,0.0010689999908208,0.001016000052914,0.001016000052914,869
2025-07-21,0.0010239999974146,0.0010239999974146,0.0010760000441223,0.0010239999974146,0.0010529999854043,2113
2025-07-22,0.0010270000202581,0.0010270000202581,0.0010270000202581,0.0009919999865815,0.0010239999974146,1071
2025-07-23,0.0010049999691545,0.0010049999691545,0.0010290000354871,0.0009800000116229,0.0010270000202581,0
2025-07-24,0.0010270000202581,0.0010270000202581,0.0010270000202581,0.0009899999713525,0.0010049999691545,2612
2025-07-25,0.0010169999441131,0.0010169999441131,0.0010319999419152,0.0009940000018104,0.0010270000202581,0
2025-07-26,0.0010290000354871,0.0010290000354871,0.0010329999495297,0.0010169999441131,0.0010169999441131,0
2025-07-27,0.0011549999471753,0.0011549999471753,0.0011690000537782,0.0010189999593421,0.0010290000354871,5762
2025-07-28,0.0010339999571442,0.0010339999571442,0.0012000000569969,0.0010310000507161,0.0011549999471753,0
2025-07-29,0.0010280000278726,0.0010280000278726,0.0010580000234767,0.0010219999821856,0.0010339999571442,1156
2025-07-30,0.001005999976769,0.001005999976769,0.0010280000278726,0.000986999948509,0.0010280000278726,1945
2025-07-31,0.0009619999909773,0.0009619999909773,0.0010219999821856,0.0009619999909773,0.001005999976769,0
2025-08-01,0.0008950000046752,0.0008950000046752,0.0009619999909773,0.0008950000046752,0.0009619999909773,2531
2025-08-02,0.0010300000431016,0.0010300000431016,0.0011129999766126,0.0008950000046752,0.0008950000046752,9608
2025-08-03,0.0010290000354871,0.0010290000354871,0.0010799999581649,0.0010239999974146,0.0010300000431016,2703
2025-08-04,0.0010740000288933,0.0010740000288933,0.001077999942936,0.0010219999821856,0.0010290000354871,765
2025-08-05,0.000988999963738,0.000988999963738,0.0010740000288933,0.000986999948509,0.0010740000288933,0
2025-08-06,0.0009990000398829,0.0009990000398829,0.001005999976769,0.0009800000116229,0.000988999963738,0
2025-08-07,0.0010539999930188,0.0010539999930188,0.0010539999930188,0.0009990000398829,0.0009990000398829,0
2025-08-08,0.0010219999821856,0.0010219999821856,0.0010649999603629,0.0009749999735504,0.0010539999930188,8275
2025-08-09,0.0010460000485181,0.0010460000485181,0.0010460000485181,0.0010179999517276,0.0010219999821856,0
2025-08-10,0.0010239999974146,0.0010239999974146,0.0010539999930188,0.001012000022456,0.0010460000485181,924
2025-08-11,0.0009689999860711,0.0009689999860711,0.0010410000104457,0.0009689999860711,0.0010239999974146,0
2025-08-12,0.0010280000278726,0.0010280000278726,0.0010379999876022,0.0009689999860711,0.0009689999860711,0
2025-08-13,0.0010369999799877,0.0010369999799877,0.0010870000114664,0.0010280000278726,0.0010280000278726,5568
2025-08-14,0.000956000003498,0.000956000003498,0.0010369999799877,0.0009389999904669,0.0010369999799877,0
2025-08-15,0.0009030000073835,0.0009030000073835,0.0009710000013001,0.0009009999921545,0.000956000003498,0
2025-08-16,0.0010179999517276,0.0010179999517276,0.0010199999669566,0.0008989999769255,0.0009030000073835,0
2025-08-17,0.0010199999669566,0.0010199999669566,0.0010539999930188,0.0009820000268518,0.0010179999517276,4602
2025-08-18,0.0009190000128,0.0009190000128,0.0010199999669566,0.000904000014998,0.0010199999669566,0
2025-08-19,0.0008810000144876,0.0008810000144876,0.0009190000128,0.0008759999764151,0.0009190000128,0
2025-08-20,0.0009260000078938,0.0009260000078938,0.0009280000231228,0.0008750000270083,0.0008810000144876,0
2025-08-21,0.0008970000199042,0.0008970000199042,0.0009260000078938,0.0008970000199042,0.0009260000078938,0
2025-08-22,0.0013320000143721,0.0013320000143721,0.0013320000143721,0.0008800000068731,0.0008970000199042,17226
2025-08-23,0.0009779999963939,0.0009779999963939,0.0029670000076293,0.0009360000258311,0.0013320000143721,151579
2025-08-24,0.0009720000089146,0.0009720000089146,0.0010000000474974,0.0009650000138208,0.0009779999963939,0
2025-08-25,0.0009769999887794,0.0009769999887794,0.0010939999483525,0.0009679999784566,0.0009720000089146,0
2025-08-26,0.001005999976769,0.001005999976769,0.0010209999745711,0.0009710000013001,0.0009769999887794,2844
2025-08-27,0.0009570000111125,0.0009570000111125,0.0010069999843835,0.0009399999980814,0.001005999976769,0
2025-08-28,0.0010049999691545,0.0010049999691545,0.0010290000354871,0.0009570000111125,0.0009570000111125,3492
2025-08-29,0.0009640000062063,0.0009640000062063,0.0010049999691545,0.000956000003498,0.0010049999691545,358
2025-08-30,0.000988999963738,0.000988999963738,0.0012329999590292,0.0009590000263415,0.0009640000062063,0
2025-08-31,0.0009970000246539,0.0009970000246539,0.0010189999593421,0.000988999963738,0.000988999963738,0
2025-09-01,0.0009319999953731,0.0009319999953731,0.0009970000246539,0.0009270000155083,0.0009970000246539,0
2025-09-02,0.000988999963738,0.000988999963738,0.0010319999419152,0.0009319999953731,0.0009319999953731,0
2025-09-03,0.0010300000431016,0.0010300000431016,0.0010349999647587,0.000988999963738,0.000988999963738,0
2025-09-04,0.0009440000285394,0.0009440000285394,0.0010319999419152,0.0009440000285394,0.0010300000431016,2948
2025-09-05,0.00095199997304,0.00095199997304,0.0009749999735504,0.0009440000285394,0.0009440000285394,515
2025-09-06,0.001014000037685,0.001014000037685,0.0010290000354871,0.00095199997304,0.00095199997304,0
2025-09-07,0.001077999942936,0.001077999942936,0.0010819999733939,0.001014000037685,0.001014000037685,0
2025-09-08,0.0010720000136643,0.0010720000136643,0.0010890000266954,0.0010679999832063,0.001077999942936,763
2025-09-09,0.0010260000126436,0.0010260000126436,0.0010720000136643,0.0010219999821856,0.0010720000136643,0
2025-09-10,0.0010349999647587,0.0010349999647587,0.0010550000006332,0.0010239999974146,0.0010260000126436,2269
2025-09-11,0.0010489999549463,0.0010489999549463,0.001122000045143,0.0010339999571442,0.0010349999647587,0
2025-09-12,0.0010440000332891,0.0010440000332891,0.0011089999461546,0.0010389999952167,0.0010489999549463,0
2025-09-13,0.0010179999517276,0.0010179999517276,0.0010620000539347,0.001014000037685,0.0010440000332891,0
2025-09-14,0.001005999976769,0.001005999976769,0.0010239999974146,0.001005999976769,0.0010179999517276,95
2025-09-15,0.0010740000288933,0.0010740000288933,0.0010910000419244,0.001005999976769,0.001005999976769,9865
2025-09-16,0.0010649999603629,0.0010649999603629,0.0010750000365078,0.0010649999603629,0.0010740000288933,0
2025-09-17,0.0010590000310912,0.0010590000310912,0.0011119999689981,0.0010440000332891,0.0010649999603629,0
2025-09-18,0.0010760000441223,0.0010760000441223,0.0011510000331327,0.0010590000310912,0.0010590000310912,0
2025-09-19,0.0010430000256747,0.0010430000256747,0.0010760000441223,0.0010430000256747,0.0010760000441223,76
2025-09-20,0.0010369999799877,0.0010369999799877,0.0010499999625608,0.0010369999799877,0.0010430000256747,654
2025-09-21,0.0010250000050291,0.0010250000050291,0.0010369999799877,0.0010250000050291,0.0010369999799877,0
2025-09-22,0.0009899999713525,0.0009899999713525,0.0011709999525919,0.0009570000111125,0.0010250000050291,0
2025-09-23,0.0009699999936856,0.0009699999936856,0.0010039999615401,0.0009699999936856,0.0009899999713525,0
2025-09-24,0.001007999991998,0.001007999991998,0.0010130000300705,0.0009699999936856,0.0009699999936856,2570
2025-09-25,0.0009469999931752,0.0009469999931752,0.0010460000485181,0.0009469999931752,0.001007999991998,0
2025-09-26,0.0009159999899566,0.0009159999899566,0.0009490000084042,0.0008750000270083,0.0009469999931752,0
2025-09-27,0.0008549999911338,0.0008549999911338,0.0009169999975711,0.000850000011269,0.0009159999899566,2767
2025-09-28,0.0008699999889358,0.0008699999889358,0.0008699999889358,0.0008469999884255,0.0008549999911338,571
2025-09-29,0.0009399999980814,0.0009399999980814,0.0009449999779462,0.0008699999889358,0.0008699999889358,3132
2025-09-30,0.0009299999801442,0.0009299999801442,0.0009609999833628,0.0009299999801442,0.0009399999980814,2000
2025-10-01,0.0009919999865815,0.0009919999865815,0.0009990000398829,0.0009299999801442,0.0009299999801442,0
2025-10-02,0.0010189999593421,0.0010189999593421,0.0010349999647587,0.0009919999865815,0.0009919999865815,1530
2025-10-03,0.0010319999419152,0.0010319999419152,0.0010329999495297,4.70000013592653e-05,0.0010189999593421,0
2025-10-04,0.0010189999593421,0.0010189999593421,0.0010319999419152,0.0010130000300705,0.0010319999419152,0
2025-10-05,0.0010239999974146,0.0010239999974146,0.0010400000028312,0.0010169999441131,0.0010189999593421,0
2025-10-06,0.0010900000343099,0.0010900000343099,0.0010900000343099,0.0010179999517276,0.0010239999974146,1560
2025-10-07,0.0009769999887794,0.0009769999887794,0.0010930000571534,0.0009650000138208,0.0010900000343099,0
2025-10-08,0.0010010000551119,0.0010010000551119,0.0010010000551119,0.0009660000214353,0.0009769999887794,1158
2025-10-09,0.0010019999463111,0.0010019999463111,0.0010049999691545,0.0009369999752379,0.0010010000551119,4412
2025-10-10,0.0008980000275187,0.0008980000275187,0.0010019999463111,0.0008980000275187,0.0010019999463111,0
2025-10-11,0.0008989999769255,0.0008989999769255,0.0009079999872483,0.0008449999731965,0.0008980000275187,0
2025-10-12,0.0009769999887794,0.0009769999887794,0.0009769999887794,0.0008820000221021,0.0008989999769255,1760
2025-10-13,0.0009810000192373,0.0009810000192373,0.000986999948509,0.0009660000214353,0.0009769999887794,0
2025-10-14,0.0009599999757483,0.0009599999757483,0.0009929999941959,0.0009030000073835,0.0009810000192373,787
2025-10-15,0.0008590000215917,0.0008590000215917,0.0009599999757483,0.0008580000139772,0.0009599999757483,3082
2025-10-16,0.0008590000215917,0.0008590000215917,0.0008829999715089,3.899999865097925e-05,0.0008590000215917,0
2025-10-17,0.0008510000188834,0.0008510000188834,0.0008720000041648,0.0008340000058524,0.0008590000215917,112
2025-10-18,0.0010440000332891,0.0010440000332891,0.0010460000485181,0.0008510000188834,0.0008510000188834,0
2025-10-19,0.0009609999833628,0.0009609999833628,0.0010440000332891,0.0009260000078938,0.0010440000332891,0
2025-10-20,0.0009449999779462,0.0009449999779462,0.0009720000089146,0.0009399999980814,0.0009609999833628,0
2025-10-21,0.0009260000078938,0.0009260000078938,0.0009660000214353,0.0009200000204145,0.0009449999779462,0
2025-10-22,0.0008970000199042,0.0008970000199042,0.0009260000078938,0.0008950000046752,0.0009260000078938,353
2025-10-23,0.0008360000210814,0.0008360000210814,0.0009120000177063,0.000806999974884,0.0008970000199042,0
2025-10-24,0.0009309999877586,0.0009309999877586,0.0009710000013001,0.0008360000210814,0.0008360000210814,0
2025-10-25,0.0009420000133104,0.0009420000133104,0.0009449999779462,0.0009270000155083,0.0009309999877586,1346
2025-10-26,0.0009710000013001,0.0009710000013001,0.0009710000013001,0.0009420000133104,0.0009420000133104,1615
2025-10-27,0.0009469999931752,0.0009469999931752,0.0009749999735504,0.0009469999931752,0.0009710000013001,0
2025-10-28,0.0009410000056959,0.0009410000056959,0.000956000003498,0.0009379999828524,0.0009469999931752,0
2025-10-29,0.0009069999796338,0.0009069999796338,0.000953999988269,0.000901999999769,0.0009410000056959,0
2025-10-30,0.0008829999715089,0.0008829999715089,0.0009069999796338,5.700000110664405e-05,0.0009069999796338,471
2025-10-31,0.0008939999970607,0.0008939999970607,0.0009030000073835,0.0008829999715089,0.0008829999715089,0
2025-11-01,0.0008120000129565,0.0008120000129565,0.0008960000122897,0.000811000005342,0.0008939999970607,0
2025-11-02,0.0007980000227689,0.0007980000227689,0.0008120000129565,0.0007949999999254,0.0008120000129565,0
2025-11-03,0.0007329999934881,0.0007329999934881,0.0007980000227689,0.0007329999934881,0.0007980000227689,468
2025-11-04,0.0006810000049881,0.0006810000049881,0.0007409999961964,0.000663999991957,0.0007329999934881,0
2025-11-05,5.099999907542952e-05,5.099999907542952e-05,0.0006810000049881,5.099999907542952e-05,0.0006810000049881,0
2025-11-06,0.0006900000153109,0.0006900000153109,0.0007099999929778,5.099999907542952e-05,5.099999907542952e-05,0
2025-11-07,0.0006830000202171,0.0006830000202171,0.0007270000060088,0.0006789999897591,0.0006900000153109,0
2025-11-08,0.0006799999973736,0.0006799999973736,0.0006840000278316,0.0006760000251233,0.0006830000202171,0
2025-11-09,0.0007110000005923,0.0007110000005923,0.0007110000005923,0.0006779999821446,0.0006799999973736,0
2025-11-10,0.000702999997884,0.000702999997884,0.0007169999880716,0.000702999997884,0.0007110000005923,0
2025-11-11,0.0006900000153109,0.0006900000153109,0.0007120000082068,0.0006900000153109,0.000702999997884,0
2025-11-12,0.0006709999870508,0.0006709999870508,0.000705000013113,0.0006709999870508,0.0006900000153109,0
2025-11-13,0.0006309999735094,0.0006309999735094,0.0006949999951757,0.0006309999735094,0.0006709999870508,0
2025-11-14,0.0006319999811239,0.0006319999811239,0.0006319999811239,0.0006159999757073,0.0006309999735094,0
2025-11-15,0.0006159999757073,0.0006159999757073,0.0006319999811239,4.600000102072954e-05,0.0006319999811239,0
2025-11-16,0.0005970000056549,0.0005970000056549,0.0006270000012591,0.0005970000056549,0.0006159999757073,0
2025-11-17,0.0006239999784156,0.0006239999784156,0.0006619999767281,0.0005970000056549,0.0005970000056549,0
2025-11-18,0.0006109999958425,0.0006109999958425,0.0006239999784156,0.0005959999980404,0.0006239999784156,1597
2025-11-19,0.000594999990426,0.000594999990426,0.000612000003457,0.0005619999719783,0.0006109999958425,0
2025-11-20,0.0005629999795928,0.0005629999795928,0.0006070000235922,3.899999865097925e-05,0.000594999990426,1048
2025-11-21,0.0005520000122487,0.0005520000122487,0.0005629999795928,0.0005360000068321,0.0005629999795928,0
2025-11-22,0.0005380000220611,0.0005380000220611,0.0005649999948218,0.0005300000193528,0.0005520000122487,0
2025-11-23,0.0005770000279881,0.0005770000279881,0.0005779999773949,3.5000000934815034e-05,0.0005380000220611,0
2025-11-24,0.0006040000007487,0.0006040000007487,0.0006089999806135,3.5000000934815034e-05,0.0005770000279881,132
2025-11-25,0.0006169999833218,0.0006169999833218,0.0006169999833218,0.0005990000208839,0.0006040000007487,0
2025-11-26,0.0006239999784156,0.0006239999784156,0.0006239999784156,0.000612000003457,0.0006169999833218,0
2025-11-27,0.0006430000066757,0.0006430000066757,0.0006430000066757,0.0006239999784156,0.0006239999784156,0
2025-11-28,0.0006419999990612,0.0006419999990612,0.0006479999865405,3.5000000934815034e-05,0.0006430000066757,0
2025-11-29,0.0006380000268109,0.0006380000268109,0.000646999978926,0.0006380000268109,0.0006419999990612,0
2025-11-30,0.0006389999762177,0.0006389999762177,0.0006459999713115,3.099999958067201e-05,0.0006380000268109,0
2025-12-01,0.0006040000007487,0.0006040000007487,0.0006389999762177,0.0005990000208839,0.0006389999762177,0
2025-12-02,0.0006670000148005,0.0006670000148005,0.0006670000148005,0.0005990000208839,0.0006040000007487,0
2025-12-03,0.0007200000109151,0.0007200000109151,0.0007200000109151,0.0006670000148005,0.0006670000148005,3171
2025-12-04,0.0007200000109151,0.0007200000109151,0.000722000026144,0.0007130000158213,0.0007200000109151,0
2025-12-05,0.0006799999973736,0.0006799999973736,0.0007200000109151,0.0006740000098943,0.0007200000109151,0
2025-12-06,0.0007370000239461,0.0007370000239461,0.0007440000190399,0.0006779999821446,0.0006799999973736,0
2025-12-07,0.0007309999782592,0.0007309999782592,0.0007440000190399,0.0007280000136233,0.0007370000239461,0
2025-12-08,0.0007340000011026,0.0007340000011026,0.0007479999912902,0.0007249999907799,0.0007309999782592,0
2025-12-09,0.0007890000124461,0.0007890000124461,0.0007949999999254,0.0007319999858736,0.0007340000011026,0
2025-12-10,0.0007810000097379,0.0007810000097379,0.0007890000124461,3.099999958067201e-05,0.0007890000124461,0
2025-12-11,0.0007239999831654,0.0007239999831654,0.0007810000097379,0.000707000028342,0.0007810000097379,0
2025-12-12,0.0006769999745301,0.0006769999745301,0.0007290000212378,0.0006769999745301,0.0007239999831654,0
2025-12-13,0.0006890000076964,0.0006890000076964,0.0006929999799467,3.099999958067201e-05,0.0006769999745301,0
2025-12-14,0.0006810000049881,0.0006810000049881,0.0006910000229254,0.0006740000098943,0.0006890000076964,0
2025-12-15,0.0006419999990612,0.0006419999990612,0.0006880000000819,3.199999991920777e-05,0.0006810000049881,0
2025-12-16,0.0006689999718219,0.0006689999718219,0.0006779999821446,0.0006389999762177,0.0006419999990612,0
2025-12-17,0.0006350000039674,0.0006350000039674,0.0006689999718219,0.0006350000039674,0.0006689999718219,0
2025-12-18,0.0006569999968633,0.0006569999968633,0.0006569999968633,0.0006290000164881,0.0006350000039674,0
2025-12-19,0.0006569999968633,0.0006569999968633,0.0006580000044777,0.0006419999990612,0.0006569999968633,0
2025-12-20,0.0006610000273212,0.0006610000273212,0.000663999991957,0.0006569999968633,0.0006569999968633,0
2025-12-21,0.000666000007186,0.000666000007186,0.000666000007186,2.999999924213625e-05,0.0006610000273212,253
2025-12-22,0.0006649999995715,0.0006649999995715,0.0006840000278316,0.0006649999995715,0.000666000007186,0
2025-12-23,0.0006689999718219,0.0006689999718219,0.0006689999718219,0.0006549999816343,0.0006649999995715,0
2025-12-24,0.0006619999767281,0.0006619999767281,0.0006750000175088,0.0006610000273212,0.0006689999718219,0
2025-12-25,0.0006569999968633,0.0006569999968633,0.0006689999718219,0.0006569999968633,0.0006619999767281,155
2025-12-26,2.999999924213625e-05,2.999999924213625e-05,0.0006649999995715,2.999999924213625e-05,0.0006569999968633,0
2025-12-27,0.0006610000273212,0.0006610000273212,0.0006610000273212,2.999999924213625e-05,2.999999924213625e-05,0
2025-12-28,0.0006880000000819,0.0006880000000819,0.0006880000000819,0.0006590000120922,0.0006610000273212,1585
2025-12-29,0.0006789999897591,0.0006789999897591,0.0006910000229254,3.099999958067201e-05,0.0006910000229254,0
2025-12-30,0.000651000009384,0.000651000009384,0.0006900000153109,0.000651000009384,0.0006789999897591,0
2025-12-31,0.0006459999713115,0.0006459999713115,0.0006539999740198,0.0006459999713115,0.000651000009384,0
