Date,Adj Close,Close,High,Low,Open,Volume
2023-06-01,1850.21728515625,1850.21728515625,1873.295654296875,1834.6324462890625,1864.1282958984373,29695913
2023-06-02,1903.46337890625,1903.46337890625,1905.0140380859373,1844.3944091796875,1850.09326171875,13302454
2023-06-03,1889.25732421875,1889.25732421875,1906.204345703125,1879.8458251953125,1904.1734619140625,24214739
2023-06-04,1881.4677734375,1881.4677734375,1902.7137451171875,1879.229736328125,1888.95263671875,6337881
2023-06-05,1804.966552734375,1804.966552734375,1883.783935546875,1789.3553466796875,1881.93212890625,24811167
2023-06-06,1872.4144287109373,1872.4144287109373,1885.406982421875,1797.7890625,1805.7857666015625,23756562
2023-06-07,1824.88525390625,1824.88525390625,1882.29150390625,1820.7623291015625,1871.880126953125,35240574
2023-06-08,1831.9979248046875,1831.9979248046875,1842.607177734375,1822.91357421875,1824.856201171875,14678141
2023-06-09,1830.4989013671875,1830.4989013671875,1840.2261962890625,1820.5765380859373,1831.8739013671875,13970768
2023-06-10,1741.974609375,1741.974609375,1833.3240966796875,1720.7073974609375,1830.3668212890625,97005941
2023-06-11,1746.110595703125,1746.110595703125,1765.044921875,1736.698486328125,1741.8935546875,11069566
2023-06-12,1733.901123046875,1733.901123046875,1749.804931640625,1723.46435546875,1745.888916015625,23892373
2023-06-13,1736.1080322265625,1736.1080322265625,1751.091552734375,1728.3172607421875,1734.009765625,16485401
2023-06-14,1649.781982421875,1649.781982421875,1744.10107421875,1637.504150390625,1736.0882568359375,30838771
2023-06-15,1669.4190673828125,1669.4190673828125,1675.908203125,1624.986328125,1649.95263671875,72301176
2023-06-16,1714.5858154296875,1714.5858154296875,1723.3148193359375,1656.64501953125,1669.5260009765625,13867665
2023-06-17,1720.5367431640625,1720.5367431640625,1751.691650390625,1709.6912841796875,1714.6031494140625,18885928
2023-06-18,1720.9605712890625,1720.9605712890625,1735.6746826171875,1716.4287109375,1720.456298828125,2656501
2023-06-19,1731.9881591796875,1731.9881591796875,1738.577880859375,1707.7698974609375,1720.966064453125,28388573
2023-06-20,1779.1839599609375,1779.1839599609375,1780.0843505859375,1717.880859375,1732.5933837890625,14718350
2023-06-21,1877.3709716796875,1877.3709716796875,1884.153564453125,1774.8736572265625,1779.173095703125,18679499
2023-06-22,1873.829833984375,1873.829833984375,1912.115234375,1869.2303466796875,1876.97607421875,7964569
2023-06-23,1887.929443359375,1887.929443359375,1918.146484375,1864.3665771484373,1873.9525146484373,10243654
2023-06-24,1868.1788330078125,1868.1788330078125,1896.55078125,1866.376953125,1888.3575439453125,4225095
2023-06-25,1893.6300048828125,1893.6300048828125,1913.18115234375,1862.0440673828125,1868.056640625,3483650
2023-06-26,1848.2568359375,1848.2568359375,1896.2874755859373,1835.186767578125,1893.6143798828125,22190582
2023-06-27,1884.01123046875,1884.01123046875,1900.5579833984373,1847.232177734375,1848.3427734375,5044124
2023-06-28,1818.458251953125,1818.458251953125,1884.14111328125,1818.458251953125,1884.14111328125,4312073
2023-06-29,1841.457275390625,1841.457275390625,1865.297119140625,1818.456298828125,1818.456298828125,4737555
2023-06-30,1920.2119140625,1920.2119140625,1926.74462890625,1829.82470703125,1841.327880859375,38471118
2023-07-01,1917.2305908203125,1917.2305908203125,1929.3948974609373,1895.39208984375,1920.2608642578125,16476653
2023-07-02,1923.4073486328125,1923.4073486328125,1943.1451416015625,1893.2086181640625,1916.971923828125,11067776
2023-07-03,1938.415283203125,1938.415283203125,1955.0113525390625,1919.8311767578125,1923.4754638671875,33067070
2023-07-04,1934.6029052734373,1934.6029052734373,1961.41552734375,1930.3902587890625,1937.0643310546875,13998075
2023-07-05,1906.6142578125,1906.6142578125,1941.482421875,1895.1905517578125,1934.735595703125,20198271
2023-07-06,1838.7760009765625,1838.7760009765625,1948.2822265625,1837.22705078125,1906.591796875,15857083
2023-07-07,1859.21044921875,1859.21044921875,1867.468017578125,1823.976806640625,1839.7608642578125,9201473
2023-07-08,1842.6043701171875,1842.6043701171875,1861.9124755859373,1827.002685546875,1859.384765625,10699522
2023-07-09,1855.8740234375,1855.8740234375,1868.1170654296875,1840.431884765625,1842.63330078125,10422459
2023-07-10,1875.2928466796875,1875.2928466796875,1888.9088134765625,1838.32421875,1848.3758544921875,11348590
2023-07-11,1873.6663818359373,1873.6663818359373,1880.095458984375,1861.4173583984373,1875.375732421875,21060796
2023-07-12,1870.12109375,1870.12109375,1894.716796875,1862.19970703125,1873.6387939453125,20716306
2023-07-13,1994.9781494140625,1994.9781494140625,1995.36181640625,1861.2000732421875,1870.2015380859373,20440738
2023-07-14,1934.216064453125,1934.216064453125,2010.236328125,1901.7177734375,1994.9525146484373,20663651
2023-07-15,1925.2215576171875,1925.2215576171875,1939.387939453125,1921.4368896484373,1934.6986083984373,8601940
2023-07-16,1919.410888671875,1919.410888671875,1934.284423828125,1915.2569580078125,1925.2109375,3439056
2023-07-17,1905.494140625,1905.494140625,1932.788330078125,1876.8778076171875,1919.440185546875,23933746
2023-07-18,1894.9251708984373,1894.9251708984373,1920.3043212890625,1879.0601806640625,1904.88720703125,21425451
2023-07-19,1888.843017578125,1888.843017578125,1913.2340087890625,1885.7703857421875,1895.881591796875,24199028
2023-07-20,1888.98095703125,1888.98095703125,1922.4254150390625,1880.92626953125,1888.8544921875,22774469
2023-07-21,1889.8779296875,1889.8779296875,1897.3695068359373,1883.822265625,1889.084716796875,26155122
2023-07-22,1860.3143310546875,1860.3143310546875,1892.876708984375,1856.4647216796875,1889.53125,29943016
2023-07-23,1884.691650390625,1884.691650390625,1894.830078125,1857.74169921875,1860.6087646484373,8884938
2023-07-24,1846.3585205078125,1846.3585205078125,1886.7947998046875,1836.921875,1884.4444580078125,19781749
2023-07-25,1856.066650390625,1856.066650390625,1861.7127685546875,1844.4705810546875,1846.34765625,4383058
2023-07-26,1869.1949462890625,1869.1949462890625,1882.4022216796875,1848.896484375,1856.2457275390625,16787809
2023-07-27,1857.0523681640625,1857.0523681640625,1881.774658203125,1853.0130615234373,1869.3228759765625,15455161
2023-07-28,1872.7401123046875,1872.7401123046875,1874.6917724609373,1854.1610107421875,1857.1090087890625,12435217
2023-07-29,1874.4306640625,1874.4306640625,1880.6663818359373,1867.335205078125,1872.5545654296875,9018514
2023-07-30,1858.942626953125,1858.942626953125,1877.3275146484373,1852.771484375,1874.4901123046875,77787447
2023-07-31,1852.285400390625,1852.285400390625,1867.9212646484373,1847.577392578125,1858.6160888671875,119944903
2023-08-01,1864.349609375,1864.349609375,1864.349609375,1814.04443359375,1852.19873046875,72776173
2023-08-02,1834.350341796875,1834.350341796875,1869.5760498046875,1824.2276611328125,1864.1923828125,44252893
2023-08-03,1825.91455078125,1825.91455078125,1848.6502685546875,1823.259033203125,1834.420654296875,12962358
2023-08-04,1821.09619140625,1821.09619140625,1842.5240478515625,1816.6622314453125,1825.8427734375,15343980
2023-08-05,1831.7174072265625,1831.7174072265625,1832.67333984375,1819.640869140625,1821.2080078125,4140414
2023-08-06,1822.669677734375,1822.669677734375,1832.1927490234373,1820.6719970703125,1831.9141845703125,17924814
2023-08-07,1822.1748046875,1822.1748046875,1839.7078857421875,1805.05126953125,1823.0411376953125,35863048
2023-08-08,1853.017578125,1853.017578125,1864.3375244140625,1821.4853515625,1822.0513916015625,41856653
2023-08-09,1848.99755859375,1848.99755859375,1862.358154296875,1840.669677734375,1852.873291015625,17334591
2023-08-10,1848.3572998046875,1848.3572998046875,1855.764892578125,1841.0133056640625,1848.7657470703125,12101707
2023-08-11,1845.3572998046875,1845.3572998046875,1851.0947265625,1839.69970703125,1848.4227294921875,24535357
2023-08-12,1845.4747314453125,1845.4747314453125,1848.498046875,1843.6749267578125,1845.05908203125,2248048
2023-08-13,1838.93798828125,1838.93798828125,1855.2752685546875,1836.3388671875,1843.4298095703125,3664439
2023-08-14,1841.2667236328125,1841.2667236328125,1851.1815185546875,1836.16845703125,1838.8050537109373,4977946
2023-08-15,1816.7620849609373,1816.7620849609373,1843.481201171875,1813.5784912109373,1841.0740966796875,18400119
2023-08-16,1803.01220703125,1803.01220703125,1822.982421875,1798.041748046875,1816.69873046875,17897650
2023-08-17,1686.0723876953125,1686.0723876953125,1805.5902099609373,1574.837646484375,1803.00341796875,26970832
2023-08-18,1664.88720703125,1664.88720703125,1695.945556640625,1645.0791015625,1685.9127197265625,23836711
2023-08-19,1667.64892578125,1667.64892578125,1689.4617919921875,1654.085693359375,1664.9971923828125,24641620
2023-08-20,1684.1070556640625,1684.1070556640625,1688.668212890625,1663.46533203125,1668.0394287109375,4992694
2023-08-21,1670.20361328125,1670.20361328125,1686.8057861328125,1657.9141845703125,1683.7479248046875,9091262
2023-08-22,1632.51611328125,1632.51611328125,1670.938232421875,1598.3486328125,1670.3485107421875,50012113
2023-08-23,1678.3489990234375,1678.3489990234375,1694.2379150390625,1627.1751708984375,1632.2276611328125,10870865
2023-08-24,1660.955322265625,1660.955322265625,1684.205322265625,1646.2550048828125,1678.5975341796875,6347042
2023-08-25,1651.3486328125,1651.3486328125,1665.794677734375,1635.3837890625,1660.996826171875,21857377
2023-08-26,1642.0223388671875,1642.0223388671875,1652.916259765625,1641.552978515625,1651.2506103515625,5362146
2023-08-27,1655.961669921875,1655.961669921875,1656.7967529296875,1641.4183349609375,1642.0020751953125,4537184
2023-08-28,1651.6827392578125,1651.6827392578125,1655.9840087890625,1632.4022216796875,1655.777587890625,11849269
2023-08-29,1724.9681396484375,1724.9681396484375,1738.188232421875,1640.1201171875,1651.716064453125,17571344
2023-08-30,1698.771484375,1698.771484375,1725.6163330078125,1693.9248046875,1725.141357421875,20652276
2023-08-31,1646.8275146484375,1646.8275146484375,1713.5693359375,1642.959716796875,1698.6273193359375,17681113
2023-09-01,1621.645263671875,1621.645263671875,1650.125,1608.3017578125,1646.7867431640625,13140728
2023-09-02,1631.856689453125,1631.856689453125,1636.7899169921875,1621.5654296875,1621.75439453125,9547555
2023-09-03,1632.09228515625,1632.09228515625,1637.9283447265625,1624.3538818359375,1631.9166259765625,3123318
2023-09-04,1625.146484375,1625.146484375,1635.799560546875,1618.107666015625,1632.0465087890625,6091834
2023-09-05,1629.7603759765625,1629.7603759765625,1637.11328125,1610.4251708984375,1625.218017578125,21530864
2023-09-06,1627.883544921875,1627.883544921875,1640.09423828125,1612.3900146484375,1629.7359619140625,49339072
2023-09-07,1640.446533203125,1640.446533203125,1646.1463623046875,1623.5455322265625,1627.8590087890625,21931911
2023-09-08,1633.2724609375,1633.2724609375,1648.0819091796875,1619.3414306640625,1640.4364013671875,14064228
2023-09-09,1631.4508056640625,1631.4508056640625,1633.6834716796875,1626.78662109375,1633.0185546875,9257401
2023-09-10,1613.64404296875,1613.64404296875,1631.4764404296875,1605.01416015625,1631.3785400390625,12295120
2023-09-11,1551.2147216796875,1551.2147216796875,1613.918212890625,1543.177978515625,1613.3492431640625,40084986
2023-09-12,1591.501953125,1591.501953125,1610.3721923828125,1550.856689453125,1551.0821533203125,10019727
2023-09-13,1603.9122314453125,1603.9122314453125,1610.99951171875,1582.2529296875,1591.824462890625,10111200
2023-09-14,1622.6370849609375,1622.6370849609375,1631.853271484375,1603.5081787109375,1603.90771484375,4387061
2023-09-15,1640.1866455078125,1640.1866455078125,1644.06982421875,1615.4005126953125,1622.6270751953125,6722721
2023-09-16,1635.1014404296875,1635.1014404296875,1644.7900390625,1632.072509765625,1639.8748779296875,5323423
2023-09-17,1621.7926025390625,1621.7926025390625,1635.6488037109375,1617.6607666015625,1635.04345703125,6366584
2023-09-18,1635.220458984375,1635.220458984375,1660.47607421875,1614.227294921875,1621.677001953125,5864543
2023-09-19,1648.7420654296875,1648.7420654296875,1654.77880859375,1631.4188232421875,1635.3302001953125,3643914
2023-09-20,1624.2265625,1624.2265625,1654.303466796875,1615.51953125,1648.730712890625,3716281
2023-09-21,1591.66552734375,1591.66552734375,1628.22021484375,1585.0057373046875,1627.2005615234375,6646824
2023-09-22,1597.583740234375,1597.583740234375,1606.7835693359375,1589.0556640625,1591.6373291015625,4379815
2023-09-23,1594.6361083984375,1594.6361083984375,1600.291748046875,1588.016845703125,1597.7020263671875,6415993
2023-09-24,1581.4781494140625,1581.4781494140625,1600.5518798828125,1579.544921875,1594.7432861328125,14175307
2023-09-25,1587.6290283203125,1587.6290283203125,1592.5738525390625,1569.9205322265625,1581.3580322265625,6491777
2023-09-26,1591.2493896484375,1591.2493896484375,1593.394775390625,1582.6468505859375,1587.4696044921875,9273941
2023-09-27,1597.8560791015625,1597.8560791015625,1623.4307861328125,1586.9764404296875,1591.151123046875,3205179
2023-09-28,1647.44677734375,1647.44677734375,1655.860107421875,1597.7440185546875,1597.9744873046875,14021617
2023-09-29,1666.048583984375,1666.048583984375,1676.79833984375,1644.93896484375,1647.3955078125,8694293
2023-09-30,1674.5517578125,1674.5517578125,1685.235595703125,1665.5146484375,1666.49658203125,9726325
2023-10-01,1733.534423828125,1733.534423828125,1735.146240234375,1673.5821533203125,1674.2362060546875,5447431
2023-10-02,1664.80810546875,1664.80810546875,1734.6224365234375,1650.427978515625,1733.4193115234375,5969440
2023-10-03,1656.0640869140625,1656.0640869140625,1668.864990234375,1649.1351318359375,1664.97412109375,2719561
2023-10-04,1645.83056640625,1645.83056640625,1656.18798828125,1634.5828857421875,1656.1572265625,6845490
2023-10-05,1613.3587646484375,1613.3587646484375,1652.012451171875,1613.3353271484375,1645.8817138671875,5519764
2023-10-06,1644.4603271484375,1644.4603271484375,1651.02880859375,1613.109130859375,1613.109130859375,6352621
2023-10-07,1637.6317138671875,1637.6317138671875,1648.419677734375,1635.49365234375,1644.43359375,1816446
2023-10-08,1633.6475830078125,1633.6475830078125,1642.00048828125,1622.9190673828125,1637.7431640625,43550177
2023-10-09,1578.0491943359375,1578.0491943359375,1635.0870361328125,1562.681884765625,1633.651123046875,20562886
2023-10-10,1572.8089599609375,1572.8089599609375,1592.4476318359375,1558.358642578125,1578.12890625,11162182
2023-10-11,1564.7640380859375,1564.7640380859375,1577.47265625,1555.0643310546875,1572.758056640625,3382488
2023-10-12,1535.459716796875,1535.459716796875,1565.98681640625,1524.0584716796875,1564.5966796875,7838687
2023-10-13,1550.1580810546875,1550.1580810546875,1561.37841796875,1527.2703857421875,1535.5787353515625,3491809
2023-10-14,1553.911376953125,1553.911376953125,1557.3968505859375,1546.8597412109375,1550.2996826171875,2219967
2023-10-15,1558.4019775390625,1558.4019775390625,1563.3135986328125,1550.3763427734375,1553.90869140625,17406173
2023-10-16,1597.4044189453125,1597.4044189453125,1613.2869873046875,1557.3790283203125,1558.498779296875,27110550
2023-10-17,1566.6939697265625,1566.6939697265625,1597.4825439453125,1558.8875732421875,1597.3291015625,16374881
2023-10-18,1564.764404296875,1564.764404296875,1580.411865234375,1559.8603515625,1566.7105712890625,10498016
2023-10-19,1567.143798828125,1567.143798828125,1570.6175537109375,1548.5665283203125,1565.1243896484375,6327909
2023-10-20,1601.8211669921875,1601.8211669921875,1621.2396240234375,1563.4029541015625,1567.1884765625,21236128
2023-10-21,1630.875732421875,1630.875732421875,1633.880615234375,1595.65771484375,1601.7279052734375,8996256
2023-10-22,1659.4005126953125,1659.4005126953125,1661.4158935546875,1623.765625,1630.8218994140625,8975860
2023-10-23,1759.348388671875,1759.348388671875,1770.492919921875,1667.700927734375,1670.4139404296875,24822770
2023-10-24,1786.2142333984375,1786.2142333984375,1837.860595703125,1754.4952392578125,1757.9825439453125,38239142
2023-10-25,1785.6199951171875,1785.6199951171875,1806.59033203125,1759.9053955078125,1786.652587890625,11311289
2023-10-26,1801.263427734375,1801.263427734375,1852.628662109375,1773.4630126953125,1785.6275634765625,16690187
2023-10-27,1772.94189453125,1772.94189453125,1801.33642578125,1753.14404296875,1801.33642578125,10662152
2023-10-28,1774.29345703125,1774.29345703125,1789.9102783203125,1771.5367431640625,1772.947998046875,3858507
2023-10-29,1792.4066162109375,1792.4066162109375,1805.378662109375,1766.1055908203125,1774.359130859375,4882618
2023-10-30,1806.0228271484373,1806.0228271484373,1820.602783203125,1781.644775390625,1792.155029296875,6093749
2023-10-31,1806.41943359375,1806.41943359375,1813.0814208984373,1786.2110595703125,1805.8538818359373,14012474
2023-11-01,1838.17333984375,1838.17333984375,1842.0810546875,1784.392578125,1806.3421630859373,12686803
2023-11-02,1800.443603515625,1800.443603515625,1861.202392578125,1794.21728515625,1838.1177978515625,38240529
2023-11-03,1826.4090576171875,1826.4090576171875,1827.66357421875,1781.8822021484375,1800.3248291015625,15972391
2023-11-04,1849.9713134765625,1849.9713134765625,1857.0135498046875,1820.76513671875,1826.361083984375,4963914
2023-11-05,1887.8291015625,1887.8291015625,1899.260986328125,1845.10205078125,1850.0572509765625,6168662
2023-11-06,1892.40869140625,1892.40869140625,1903.5340576171875,1870.42041015625,1887.742431640625,9315578
2023-11-07,1876.697509765625,1876.697509765625,1895.3055419921875,1851.141357421875,1892.25439453125,11223412
2023-11-08,1884.7200927734373,1884.7200927734373,1894.4857177734373,1866.743408203125,1876.7012939453125,5481757
2023-11-09,2108.234619140625,2108.234619140625,2111.492431640625,1880.661865234375,1884.242919921875,34725693
2023-11-10,2076.2099609375,2076.2099609375,2115.5458984375,2060.44677734375,2107.50341796875,31040279
2023-11-11,2048.6640625,2048.6640625,2080.63671875,2037.0142822265625,2075.894775390625,18252087
2023-11-12,2043.1392822265625,2043.1392822265625,2060.954345703125,2026.878662109375,2049.078857421875,9810980
2023-11-13,2050.70166015625,2050.70166015625,2100.02294921875,2033.5726318359373,2043.692138671875,21428699
2023-11-14,1980.23681640625,1980.23681640625,2053.3701171875,1959.680908203125,2049.72021484375,21927552
2023-11-15,2051.96826171875,2051.96826171875,2052.4365234375,1972.171142578125,1980.4749755859373,24821728
2023-11-16,1958.5146484375,1958.5146484375,2072.163330078125,1947.8177490234373,2051.6513671875,13806907
2023-11-17,1949.7022705078125,1949.7022705078125,1983.196533203125,1909.66015625,1958.3951416015625,8807105
2023-11-18,1957.197021484375,1957.197021484375,1962.1463623046875,1921.952880859375,1950.3629150390625,5932842
2023-11-19,2000.017822265625,2000.017822265625,2001.2025146484373,1941.28662109375,1957.375,9698055
2023-11-20,2020.8978271484373,2020.8978271484373,2049.462890625,1987.2548828125,2000.00146484375,13265921
2023-11-21,1944.662109375,1944.662109375,2032.153564453125,1944.662109375,2020.6800537109373,16995990
2023-11-22,2061.87939453125,2061.87939453125,2076.3115234375,1941.55908203125,1943.8072509765625,18646292
2023-11-23,2054.021240234375,2054.021240234375,2079.74853515625,2038.68310546875,2061.7333984375,12025947
2023-11-24,2079.364501953125,2079.364501953125,2114.404541015625,2053.134765625,2053.968505859375,13210298
2023-11-25,2076.108154296875,2076.108154296875,2087.117431640625,2061.976806640625,2079.283203125,12290690
2023-11-26,2058.10986328125,2058.10986328125,2085.27978515625,2039.896728515625,2076.291015625,3763615
2023-11-27,2021.337646484375,2021.337646484375,2067.173095703125,1997.87646484375,2057.88232421875,20010356
2023-11-28,2044.8040771484373,2044.8040771484373,2061.105712890625,1997.309326171875,2021.3096923828125,13447064
2023-11-29,2027.640869140625,2027.640869140625,2069.84716796875,2020.79931640625,2044.627197265625,3914119
2023-11-30,2045.652099609375,2045.652099609375,2046.0321044921875,2023.683837890625,2027.7259521484373,8881258
2023-12-01,2080.591796875,2080.591796875,2096.754150390625,2041.7969970703125,2045.52685546875,23736427
2023-12-02,2158.363037109375,2158.363037109375,2165.03759765625,2080.4287109375,2080.4287109375,8048591
2023-12-03,2197.2197265625,2197.2197265625,2203.177978515625,2145.209228515625,2158.65869140625,12955875
2023-12-04,2236.026611328125,2236.026611328125,2255.5234375,2196.618896484375,2197.330078125,9262528
2023-12-05,2282.87744140625,2282.87744140625,2292.5244140625,2193.390380859375,2236.25439453125,72374292
2023-12-06,2227.767333984375,2227.767333984375,2297.239501953125,2226.37548828125,2282.530029296875,40807756
2023-12-07,2347.46533203125,2347.46533203125,2368.09228515625,2228.35009765625,2228.544189453125,21110739
2023-12-08,2348.760009765625,2348.760009765625,2375.262939453125,2338.857666015625,2347.96142578125,21594855
2023-12-09,2331.83251953125,2331.83251953125,2383.6572265625,2327.136962890625,2349.028076171875,118814742
2023-12-10,2341.3037109375,2341.3037109375,2362.07568359375,2326.212646484375,2331.801513671875,27459629
2023-12-11,2215.947509765625,2215.947509765625,2343.662353515625,2171.425537109375,2341.50341796875,42881238
2023-12-12,2193.415771484375,2193.415771484375,2230.530029296875,2168.75146484375,2215.78955078125,64130600
2023-12-13,2245.416748046875,2245.416748046875,2259.791259765625,2142.948974609375,2193.239501953125,52553761
2023-12-14,2305.857177734375,2305.857177734375,2312.97607421875,2235.5107421875,2245.016845703125,10139971
2023-12-15,2225.90966796875,2225.90966796875,2305.616943359375,2222.9326171875,2305.616943359375,11753201
2023-12-16,2222.68994140625,2222.68994140625,2252.773193359375,2219.410888671875,2225.87255859375,19635042
2023-12-17,2201.246337890625,2201.246337890625,2240.32275390625,2194.796875,2222.83984375,35981081
2023-12-18,2214.6279296875,2214.6279296875,2219.007080078125,2132.57275390625,2200.6025390625,44116097
2023-12-19,2172.512939453125,2172.512939453125,2246.35498046875,2142.78125,2214.30029296875,17201563
2023-12-20,2187.77880859375,2187.77880859375,2255.3232421875,2161.23681640625,2172.31103515625,111830574
2023-12-21,2231.69921875,2231.69921875,2253.269287109375,2178.40478515625,2188.380126953125,25339014
2023-12-22,2318.610595703125,2318.610595703125,2328.0205078125,2227.33056640625,2231.707763671875,24209552
2023-12-23,2290.04736328125,2290.04736328125,2321.43408203125,2262.68310546875,2318.532958984375,32271046
2023-12-24,2264.35693359375,2264.35693359375,2304.041259765625,2250.6484375,2290.142578125,21861303
2023-12-25,2260.562255859375,2260.562255859375,2285.9755859375,2251.1396484375,2264.166015625,27451206
2023-12-26,2216.871337890625,2216.871337890625,2267.905029296875,2199.1220703125,2260.983154296875,25637165
2023-12-27,2363.558349609375,2363.558349609375,2373.65576171875,2212.043701171875,2217.200927734375,22912003
2023-12-28,2355.552734375,2355.552734375,2427.777099609375,2348.6201171875,2363.809814453125,20088293
2023-12-29,2305.5927734375,2305.5927734375,2373.3623046875,2286.27685546875,2355.422607421875,21167438
2023-12-30,2292.934814453125,2292.934814453125,2314.2880859375,2281.505126953125,2306.138916015625,20495889
2023-12-31,2280.12646484375,2280.12646484375,2307.990234375,2273.6962890625,2292.611083984375,9754855
2024-01-01,2340.830322265625,2340.830322265625,2340.830322265625,2271.82763671875,2280.810546875,16474058
2024-01-02,2357.47705078125,2357.47705078125,2404.44970703125,2339.390380859375,2340.603515625,29417122
2024-01-03,2215.625,2215.625,2377.686767578125,2154.508544921875,2357.525146484375,41884381
2024-01-04,2262.046875,2262.046875,2280.60009765625,2208.85546875,2215.713623046875,9433154
2024-01-05,2254.7744140625,2254.7744140625,2266.5947265625,2214.059326171875,2261.44189453125,37446290
2024-01-06,2233.485595703125,2233.485595703125,2259.351806640625,2216.57763671875,2255.154052734375,12054132
2024-01-07,2219.828857421875,2219.828857421875,2249.725830078125,2214.841796875,2233.56591796875,14108386
2024-01-08,2318.5283203125,2318.5283203125,2341.19921875,2181.135986328125,2220.19921875,19555654
2024-01-09,2336.021728515625,2336.021728515625,2342.992919921875,2246.5400390625,2318.564453125,32330288
2024-01-10,2588.414306640625,2588.414306640625,2607.00048828125,2335.925048828125,2336.035888671875,46892746
2024-01-11,2616.3466796875,2616.3466796875,2674.82958984375,2562.166015625,2588.423828125,42028025
2024-01-12,2529.937744140625,2529.937744140625,2702.31298828125,2473.244140625,2616.296630859375,26737096
2024-01-13,2568.03369140625,2568.03369140625,2572.326416015625,2514.638427734375,2529.82568359375,13355636
2024-01-14,2475.80859375,2475.80859375,2570.642333984375,2475.788818359375,2568.054443359375,18407563
2024-01-15,2511.9248046875,2511.9248046875,2545.99853515625,2475.789794921875,2475.789794921875,16419977
2024-01-16,2586.759765625,2586.759765625,2606.277099609375,2506.902587890625,2511.890869140625,23633921
2024-01-17,2525.89794921875,2525.89794921875,2589.5859375,2519.771240234375,2586.748291015625,14499320
2024-01-18,2462.631103515625,2462.631103515625,2536.23193359375,2437.002685546875,2525.906982421875,8236082
2024-01-19,2489.743408203125,2489.743408203125,2494.0068359375,2419.973388671875,2462.631103515625,27351015
2024-01-20,2468.654052734375,2468.654052734375,2489.768798828125,2457.835205078125,2489.742919921875,17142219
2024-01-21,2453.39697265625,2453.39697265625,2478.7041015625,2453.39697265625,2468.654296875,9446444
2024-01-22,2308.692626953125,2308.692626953125,2459.234619140625,2305.58740234375,2453.296875,24588256
2024-01-23,2238.400634765625,2238.400634765625,2344.52734375,2167.52783203125,2308.692626953125,94997623
2024-01-24,2229.93212890625,2229.93212890625,2248.744140625,2200.271728515625,2238.75390625,19333727
2024-01-25,2217.85595703125,2217.85595703125,2235.12646484375,2177.13818359375,2229.93212890625,20110297
2024-01-26,2266.408203125,2266.408203125,2274.6865234375,2190.519775390625,2217.86865234375,15551708
2024-01-27,2264.752685546875,2264.752685546875,2276.21630859375,2252.58447265625,2266.408203125,8213882
2024-01-28,2250.866455078125,2250.866455078125,2301.18896484375,2244.445068359375,2264.8779296875,14812788
2024-01-29,2286.8681640625,2286.8681640625,2287.057861328125,2242.428955078125,2250.7998046875,45515036
2024-01-30,2355.2314453125,2355.2314453125,2376.796630859375,2283.607177734375,2286.8681640625,19642805
2024-01-31,2282.3125,2282.3125,2355.604736328125,2270.3671875,2355.186279296875,22264826
2024-02-01,2301.5654296875,2301.5654296875,2307.317138671875,2246.64111328125,2282.306640625,23244844
2024-02-02,2305.041259765625,2305.041259765625,2322.684326171875,2289.69091796875,2302.236572265625,19360769
2024-02-03,2298.372314453125,2298.372314453125,2325.91796875,2296.570556640625,2305.10888671875,10936602
2024-02-04,2292.385009765625,2292.385009765625,2309.986328125,2277.473388671875,2298.3642578125,7640458
2024-02-05,2297.103515625,2297.103515625,2332.3173828125,2275.693115234375,2292.4111328125,19537686
2024-02-06,2365.687744140625,2365.687744140625,2389.340576171875,2295.539794921875,2297.12158203125,9043484
2024-02-07,2424.38818359375,2424.38818359375,2440.419189453125,2358.776611328125,2365.7138671875,29853162
2024-02-08,2424.915283203125,2424.915283203125,2475.69921875,2415.43408203125,2424.400390625,16998578
2024-02-09,2488.02978515625,2488.02978515625,2523.04638671875,2422.948974609375,2424.991455078125,23484713
2024-02-10,2498.16552734375,2498.16552734375,2515.275634765625,2479.784912109375,2488.062255859375,9673497
2024-02-11,2506.97021484375,2506.97021484375,2535.2744140625,2495.293701171875,2498.3271484375,6399872
2024-02-12,2659.51025390625,2659.51025390625,2659.51025390625,2478.652099609375,2507.04736328125,11623951
2024-02-13,2637.451171875,2637.451171875,2683.242919921875,2600.682373046875,2659.58203125,17492885
2024-02-14,2776.76708984375,2776.76708984375,2780.537841796875,2622.519287109375,2637.401123046875,33875590
2024-02-15,2823.682861328125,2823.682861328125,2856.82861328125,2771.926513671875,2776.75732421875,16475867
2024-02-16,2803.523193359375,2803.523193359375,2853.196044921875,2762.367919921875,2823.79248046875,33365538
2024-02-17,2785.2060546875,2785.2060546875,2803.48974609375,2726.228515625,2803.48974609375,7777388
2024-02-18,2878.83740234375,2878.83740234375,2889.226318359375,2768.799072265625,2785.19580078125,9566099
2024-02-19,2947.169677734375,2947.169677734375,2974.187744140625,2859.498046875,2878.95947265625,22285695
2024-02-20,3014.0234375,3014.0234375,3019.423583984375,2886.77734375,2947.169677734375,28218489
2024-02-21,2967.06396484375,2967.06396484375,3013.725341796875,2890.795166015625,3012.689453125,22994476
2024-02-22,2978.477783203125,2978.477783203125,3024.30615234375,2918.54345703125,2966.94140625,117692707
2024-02-23,2922.44091796875,2922.44091796875,2989.189453125,2914.973876953125,2978.476806640625,40383101
2024-02-24,2987.894775390625,2987.894775390625,2988.07861328125,2911.01953125,2922.444580078125,22694055
2024-02-25,3110.02587890625,3110.02587890625,3112.514404296875,2983.001220703125,2987.89453125,20778802
2024-02-26,3175.1923828125,3175.1923828125,3193.58740234375,3037.858642578125,3110.048828125,38652146
2024-02-27,3241.533203125,3241.533203125,3275.800537109375,3165.496337890625,3175.19091796875,66083522
2024-02-28,3378.063232421875,3378.063232421875,3462.05615234375,3230.51025390625,3241.503662109375,69959030
2024-02-29,3343.387451171875,3343.387451171875,3509.726318359375,3320.45947265625,3378.038818359375,47128092
2024-03-01,3430.62158203125,3430.62158203125,3440.93212890625,3340.074462890625,3343.1865234375,31671236
2024-03-02,3414.356689453125,3414.356689453125,3450.27978515625,3400.5166015625,3430.68359375,22495987
2024-03-03,3476.484130859375,3476.484130859375,3479.419921875,3379.48583984375,3414.343505859375,28107717
2024-03-04,3627.273193359375,3627.273193359375,3633.697509765625,3456.6904296875,3476.510986328125,47136919
2024-03-05,3554.0234375,3554.0234375,3808.0615234375,3247.355712890625,3627.399169921875,87021280
2024-03-06,3819.76318359375,3819.76318359375,3891.80419921875,3501.023193359375,3551.306884765625,78813830
2024-03-07,3864.725341796875,3864.725341796875,3931.5908203125,3749.245849609375,3819.76318359375,56243662
2024-03-08,3893.188232421875,3893.188232421875,3981.433349609375,3834.25732421875,3864.717529296875,48089019
2024-03-09,3911.353759765625,3911.353759765625,3940.450927734375,3881.4072265625,3893.188232421875,25256816
2024-03-10,3868.163818359375,3868.163818359375,3945.075927734375,3798.824462890625,3911.357177734375,24905083
2024-03-11,4063.708251953125,4063.708251953125,4070.18896484375,3781.931884765625,3868.133056640625,86315903
2024-03-12,3965.2802734375,3965.2802734375,4077.867431640625,3864.082275390625,4063.708251953125,75025102
2024-03-13,3999.393310546875,3999.393310546875,4065.626220703125,3948.326904296875,3965.2802734375,71400601
2024-03-14,3880.173095703125,3880.173095703125,4002.005615234375,3734.034912109375,3999.393310546875,59203534
2024-03-15,3720.07080078125,3720.07080078125,3931.73486328125,3592.185791015625,3880.173095703125,255183845
2024-03-16,3516.2783203125,3516.2783203125,3757.023193359375,3473.119140625,3720.07080078125,76497478
2024-03-17,3649.16748046875,3649.16748046875,3661.86083984375,3432.031982421875,3516.2783203125,82725834
2024-03-18,3522.478759765625,3522.478759765625,3640.79296875,3468.902099609375,3640.202392578125,111860306
2024-03-19,3157.174072265625,3157.174072265625,3539.305419921875,3148.686279296875,3522.478759765625,297916124
2024-03-20,3509.10791015625,3509.10791015625,3527.841552734375,3063.522216796875,3157.174072265625,205552979
2024-03-21,3485.4375,3485.4375,3578.395263671875,3409.436767578125,3509.10791015625,68216870
2024-03-22,3313.531005859375,3313.531005859375,3524.4345703125,3252.4345703125,3485.4375,153954880
2024-03-23,3324.978759765625,3324.978759765625,3418.24267578125,3281.7236328125,3313.531005859375,86362589
2024-03-24,3449.03173828125,3449.03173828125,3454.221923828125,3296.7294921875,3324.978759765625,91783251
2024-03-25,3588.54248046875,3588.54248046875,3633.81591796875,3416.734375,3449.03173828125,94300722
2024-03-26,3588.9560546875,3588.9560546875,3662.75146484375,3548.67724609375,3588.54248046875,140458666
2024-03-27,3496.452880859375,3496.452880859375,3644.391845703125,3465.214599609375,3588.9560546875,252341330
2024-03-28,3553.2548828125,3553.2548828125,3596.31640625,3463.85693359375,3496.452880859375,211719780
2024-03-29,3505.392578125,3505.392578125,3572.086181640625,3469.076416015625,3553.2548828125,89094911
2024-03-30,3495.46337890625,3495.46337890625,3550.778076171875,3481.260986328125,3505.392578125,71305364
2024-03-31,3635.161376953125,3635.161376953125,3638.55078125,3495.222900390625,3495.46337890625,58422398
2024-04-01,3497.1689453125,3497.1689453125,3635.18798828125,3414.18310546875,3635.161376953125,129277057
2024-04-02,3274.7685546875,3274.7685546875,3498.082763671875,3220.94091796875,3497.1689453125,150091178
2024-04-03,3311.449951171875,3311.449951171875,3353.31005859375,3219.5,3274.7685546875,109944458
2024-04-04,3321.47998046875,3321.47998046875,3426.659912109375,3258.67333984375,3311.449951171875,81828640
2024-04-05,3317.53662109375,3317.53662109375,3338.330322265625,3225.85009765625,3321.47998046875,101860360
2024-04-06,3361.634033203125,3361.634033203125,3388.9228515625,3309.43408203125,3317.53662109375,96739402
2024-04-07,3444.8583984375,3444.8583984375,3449.99560546875,3349.208740234375,3361.634033203125,96771140
2024-04-08,3688.40087890625,3688.40087890625,3715.187255859375,3405.665771484375,3444.8583984375,119570663
2024-04-09,3499.34326171875,3499.34326171875,3710.899169921875,3473.205078125,3688.40087890625,220319019
2024-04-10,3537.6005859375,3537.6005859375,3549.007080078125,3413.180419921875,3499.34326171875,124583476
2024-04-11,3500.73681640625,3500.73681640625,3601.846435546875,3480.73291015625,3537.6005859375,102013123
2024-04-12,3233.883056640625,3233.883056640625,3544.06201171875,3142.55126953125,3500.73681640625,203381134
2024-04-13,3000.472412109375,3000.472412109375,3285.980712890625,2843.743896484375,3233.883056640625,348056246
2024-04-14,3149.69677734375,3149.69677734375,3159.8125,2908.68212890625,3000.472412109375,251758398
2024-04-15,3095.445068359375,3095.445068359375,3255.19091796875,3041.09228515625,3149.69677734375,170977618
2024-04-16,3078.094482421875,3078.094482421875,3112.462890625,3001.083740234375,3095.445068359375,140420639
2024-04-17,2977.606201171875,2977.606201171875,3113.375732421875,2920.633056640625,3078.094482421875,171142358
2024-04-18,3064.061767578125,3064.061767578125,3078.421875,2955.5771484375,2977.606201171875,119318696
2024-04-19,3058.988037109375,3058.988037109375,3114.76953125,2868.33837890625,3064.061767578125,261228914
2024-04-20,3153.127197265625,3153.127197265625,3161.869873046875,3023.58544921875,3058.988037109375,74115365
2024-04-21,3147.07861328125,3147.07861328125,3190.642822265625,3128.3623046875,3153.127197265625,71177712
2024-04-22,3209.4580078125,3209.4580078125,3231.958251953125,3136.833740234375,3147.07861328125,152396319
2024-04-23,3216.29931640625,3216.29931640625,3247.25439453125,3155.45263671875,3209.4580078125,78611500
2024-04-24,3131.211181640625,3131.211181640625,3286.431884765625,3108.92578125,3216.29931640625,101342257
2024-04-25,3156.968505859375,3156.968505859375,3187.0302734375,3082.140625,3131.21923828125,99853340
2024-04-26,3127.982666015625,3127.982666015625,3162.013916015625,3102.592041015625,3156.968505859375,73983782
2024-04-27,3249.77490234375,3249.77490234375,3272.4208984375,3079.126220703125,3127.982666015625,78127145
2024-04-28,3262.162353515625,3262.162353515625,3342.146484375,3247.456787109375,3249.77490234375,85715369
2024-04-29,3212.9736328125,3212.9736328125,3282.5966796875,3117.66015625,3262.162353515625,122657111
2024-04-30,3015.340087890625,3015.340087890625,3233.770263671875,2927.520263671875,3212.9736328125,189566677
2024-05-01,2970.728515625,2970.728515625,3017.769287109375,2827.062255859375,3015.340087890625,204761041
2024-05-02,2983.7900390625,2983.7900390625,3010.57861328125,2894.18798828125,2970.728515625,114219348
2024-05-03,3101.369384765625,3101.369384765625,3119.961181640625,2959.062744140625,2983.7900390625,97360020
2024-05-04,3115.697998046875,3115.697998046875,3158.05517578125,3095.499267578125,3101.314208984375,61088014
2024-05-05,3135.75439453125,3135.75439453125,3163.370361328125,3077.42138671875,3115.697998046875,46344735
2024-05-06,3063.702880859375,3063.702880859375,3211.453125,3053.06494140625,3135.740966796875,92304990
2024-05-07,3006.177001953125,3006.177001953125,3125.765869140625,3005.685546875,3063.702880859375,76926758
2024-05-08,2971.244873046875,2971.244873046875,3036.034423828125,2941.910888671875,3006.177001953125,74615648
2024-05-09,3035.8154296875,3035.8154296875,3054.829833984375,2954.408203125,2971.244873046875,52445401
2024-05-10,2910.245849609375,2910.245849609375,3048.890380859375,2884.228515625,3035.8310546875,83145440
2024-05-11,2910.132568359375,2910.132568359375,2932.905517578125,2894.48974609375,2910.245849609375,35583067
2024-05-12,2929.624267578125,2929.624267578125,2947.9189453125,2903.89306640625,2910.132568359375,21830319
2024-05-13,2946.82666015625,2946.82666015625,2986.86962890625,2866.673828125,2929.624267578125,84175450
2024-05-14,2879.039306640625,2879.039306640625,2955.462158203125,2867.520751953125,2946.82666015625,75197237
2024-05-15,3033.3095703125,3033.3095703125,3035.6630859375,2862.239501953125,2879.039306640625,81763893
2024-05-16,2941.886962890625,2941.886962890625,3034.61767578125,2926.3466796875,3033.32177734375,85759657
2024-05-17,3089.429443359375,3089.429443359375,3110.510498046875,2933.381103515625,2941.886962890625,110172644
2024-05-18,3119.94189453125,3119.94189453125,3138.44482421875,3084.408935546875,3089.429443359375,44436986
2024-05-19,3071.32763671875,3071.32763671875,3131.911376953125,3059.70263671875,3119.94580078125,79107541
2024-05-20,3655.359619140625,3655.359619140625,3677.006103515625,3055.34619140625,3071.32763671875,230735250
2024-05-21,3786.214599609375,3786.214599609375,3818.001708984375,3629.244873046875,3655.2705078125,301901821
2024-05-22,3736.937255859375,3736.937255859375,3806.67431640625,3657.799072265625,3786.214599609375,220597741
2024-05-23,3771.695068359375,3771.695068359375,3931.7998046875,3666.3369140625,3736.462646484375,391345549
2024-05-24,3726.122314453125,3726.122314453125,3820.429443359375,3636.8359375,3771.695068359375,149089949
2024-05-25,3748.68505859375,3748.68505859375,3769.54052734375,3712.321044921875,3726.122314453125,47026506
2024-05-26,3823.55029296875,3823.55029296875,3872.9814453125,3733.224365234375,3748.68505859375,81993341
2024-05-27,3894.81787109375,3894.81787109375,3968.081298828125,3822.138916015625,3823.55029296875,143054842
2024-05-28,3838.24072265625,3838.24072265625,3920.55615234375,3776.531982421875,3894.81787109375,110745462
2024-05-29,3762.787353515625,3762.787353515625,3879.711181640625,3743.814208984375,3838.24072265625,90926590
2024-05-30,3747.185546875,3747.185546875,3817.787109375,3704.12744140625,3762.8017578125,79505444
2024-05-31,3760.7939453125,3760.7939453125,3838.495849609375,3724.51123046875,3747.185546875,80024457
2024-06-01,3812.143310546875,3812.143310546875,3823.350341796875,3750.458251953125,3760.7939453125,34209740
2024-06-02,3780.660888671875,3780.660888671875,3832.41064453125,3760.23583984375,3812.143310546875,52442361
2024-06-03,3765.6640625,3765.6640625,3844.259765625,3759.125732421875,3780.660888671875,63244155
2024-06-04,3812.272216796875,3812.272216796875,3824.96630859375,3744.33935546875,3765.6640625,49856310
2024-06-05,3857.81103515625,3857.81103515625,3879.257568359375,3778.87255859375,3812.272216796875,81374718
2024-06-06,3811.178955078125,3811.178955078125,3874.794189453125,3772.156005859375,3857.81103515625,60851388
2024-06-07,3676.21630859375,3676.21630859375,3833.34912109375,3631.1796875,3811.178955078125,78330756
2024-06-08,3680.140380859375,3680.140380859375,3703.787841796875,3668.439453125,3675.359375,25787895
2024-06-09,3702.806396484375,3702.806396484375,3714.820556640625,3668.106201171875,3680.1396484375,42326443
2024-06-10,3665.015380859375,3665.015380859375,3703.04541015625,3651.16162109375,3702.80859375,63286786
2024-06-11,3499.058349609375,3499.058349609375,3667.223876953125,3440.18115234375,3665.01513671875,149167491
2024-06-12,3558.390625,3558.390625,3648.10205078125,3469.20947265625,3498.9638671875,86326865
2024-06-13,3465.782470703125,3465.782470703125,3558.443359375,3434.342529296875,3558.443359375,82497010
2024-06-14,3478.94970703125,3478.94970703125,3523.7783203125,3364.6142578125,3465.688232421875,88598716
2024-06-15,3564.13525390625,3564.13525390625,3587.065673828125,3473.673583984375,3478.90234375,52598677
2024-06-16,3619.0078125,3619.0078125,3643.9873046875,3541.48974609375,3564.26708984375,41429240
2024-06-17,3510.583251953125,3510.583251953125,3631.6142578125,3466.194580078125,3619.1171875,92475073
2024-06-18,3482.87451171875,3482.87451171875,3512.14111328125,3378.42919921875,3510.455810546875,116557321
2024-06-19,3555.644775390625,3555.644775390625,3582.7060546875,3466.90087890625,3482.831787109375,83110796
2024-06-20,3510.124267578125,3510.124267578125,3615.7421875,3484.6533203125,3555.644775390625,64120963
2024-06-21,3515.372802734375,3515.372802734375,3539.670166015625,3453.825927734375,3510.05224609375,73559046
2024-06-22,3496.101318359375,3496.101318359375,3517.009521484375,3474.8583984375,3515.35595703125,20211748
2024-06-23,3419.524658203125,3419.524658203125,3518.05078125,3415.565673828125,3496.103515625,51858200
2024-06-24,3348.64208984375,3348.64208984375,3429.044677734375,3249.822998046875,3419.54638671875,78141617
2024-06-25,3392.94091796875,3392.94091796875,3420.603759765625,3334.435302734375,3348.63525390625,38349396
2024-06-26,3366.76953125,3366.76953125,3419.73486328125,3327.809326171875,3392.88232421875,69787227
2024-06-27,3443.473388671875,3443.473388671875,3470.99658203125,3362.770751953125,3366.721435546875,54866042
2024-06-28,3372.807373046875,3372.807373046875,3480.9443359375,3363.373291015625,3443.52978515625,59190595
2024-06-29,3372.387451171875,3372.387451171875,3397.961669921875,3370.290771484375,3372.8681640625,18155849
2024-06-30,3433.670166015625,3433.670166015625,3452.38818359375,3352.266357421875,3372.407470703125,31150498
2024-07-01,3439.302734375,3439.302734375,3509.616455078125,3426.34326171875,3433.623779296875,41518341
2024-07-02,3415.21728515625,3415.21728515625,3457.814697265625,3406.366943359375,3439.186279296875,26224045
2024-07-03,3295.19091796875,3295.19091796875,3423.702392578125,3260.73876953125,3415.421630859375,62537123
2024-07-04,3066.8818359375,3066.8818359375,3308.140380859375,3066.718994140625,3295.093994140625,102018102
2024-07-05,2980.202880859375,2980.202880859375,3103.188720703125,2825.9677734375,3066.453125,179811848
2024-07-06,3063.227294921875,3063.227294921875,3075.958251953125,2956.765625,2980.169189453125,51413507
2024-07-07,2932.368408203125,2932.368408203125,3064.449951171875,2925.949951171875,3063.212158203125,76132840
2024-07-08,3014.502197265625,3014.502197265625,3069.33154296875,2825.8486328125,2932.366455078125,129241468
2024-07-09,3062.37060546875,3062.37060546875,3095.98046875,3008.680908203125,3014.40966796875,58124039
2024-07-10,3100.167724609375,3100.167724609375,3146.912841796875,3036.9560546875,3062.6748046875,79008807
2024-07-11,3100.1484375,3100.1484375,3205.0947265625,3069.049560546875,3101.088623046875,52079317
2024-07-12,3132.364990234375,3132.364990234375,3151.11474609375,3049.3828125,3100.1650390625,35353608
2024-07-13,3183.324462890625,3183.324462890625,3199.986328125,3113.876220703125,3132.4189453125,26861533
2024-07-14,3252.042236328125,3252.042236328125,3269.598876953125,3167.68017578125,3183.85205078125,36281534
2024-07-15,3492.802001953125,3492.802001953125,3495.4638671875,3245.466064453125,3252.051025390625,74457921
2024-07-16,3446.138916015625,3446.138916015625,3499.290283203125,3357.209228515625,3493.387451171875,76265527
2024-07-17,3393.941162109375,3393.941162109375,3517.36865234375,3384.3974609375,3446.06396484375,81229169
2024-07-18,3428.085693359375,3428.085693359375,3483.959716796875,3378.787353515625,3393.942626953125,51900595
2024-07-19,3505.323486328125,3505.323486328125,3537.470947265625,3382.098388671875,3428.04736328125,52862369
2024-07-20,3520.5390625,3520.5390625,3537.077392578125,3482.881103515625,3505.3125,37070907
2024-07-21,3533.072509765625,3533.072509765625,3543.197021484375,3421.6787109375,3520.32568359375,37235123
2024-07-22,3438.1708984375,3438.1708984375,3556.27978515625,3431.36328125,3533.085205078125,47218833
2024-07-23,3482.505859375,3482.505859375,3526.72265625,3402.478271484375,3438.679443359375,81166932
2024-07-24,3336.015380859375,3336.015380859375,3486.63671875,3319.071044921875,3482.050537109375,54278747
2024-07-25,3170.303955078125,3170.303955078125,3339.53271484375,3090.528076171875,3336.015380859375,175143234
2024-07-26,3277.38720703125,3277.38720703125,3281.760009765625,3169.91357421875,3170.303955078125,63735984
2024-07-27,3249.004638671875,3249.004638671875,3318.72021484375,3215.5,3277.1494140625,39886263
2024-07-28,3271.4072265625,3271.4072265625,3277.821533203125,3206.24609375,3247.41748046875,19193298
2024-07-29,3323.61376953125,3323.61376953125,3393.7412109375,3268.410400390625,3271.4072265625,46134488
2024-07-30,3276.561767578125,3276.561767578125,3358.0947265625,3257.478759765625,3323.61376953125,43548130
2024-07-31,3229.974365234375,3229.974365234375,3345.49267578125,3219.770263671875,3276.561767578125,76111694
2024-08-01,3201.034423828125,3201.034423828125,3239.918701171875,3082.432861328125,3229.962890625,88879615
2024-08-02,2983.100341796875,2983.100341796875,3204.496337890625,2978.251953125,3201.12646484375,236869328
2024-08-03,2902.112548828125,2902.112548828125,3011.132568359375,2865.4091796875,2983.100341796875,64013496
2024-08-04,2679.63916015625,2679.63916015625,2922.889892578125,2660.931640625,2902.04345703125,150964592
2024-08-05,2425.7490234375,2425.7490234375,2688.880126953125,2157.159423828125,2679.63916015625,959436900
2024-08-06,2454.460205078125,2454.460205078125,2540.297119140625,2416.868896484375,2416.892333984375,111332013
2024-08-07,2334.709716796875,2334.709716796875,2544.296875,2316.296875,2454.460205078125,113834483
2024-08-08,2682.73974609375,2682.73974609375,2771.824462890625,2326.72509765625,2334.712158203125,92736153
2024-08-09,2600.7333984375,2600.7333984375,2702.76904296875,2562.353515625,2683.17236328125,83646373
2024-08-10,2606.00244140625,2606.00244140625,2638.236572265625,2583.9482421875,2600.55224609375,44637070
2024-08-11,2557.009521484375,2557.009521484375,2704.010498046875,2551.93701171875,2606.00244140625,58924228
2024-08-12,2725.312744140625,2725.312744140625,2743.5869140625,2520.05419921875,2557.009521484375,64578205
2024-08-13,2703.009765625,2703.009765625,2732.576904296875,2614.909423828125,2725.312744140625,49348137
2024-08-14,2665.67724609375,2665.67724609375,2764.519287109375,2638.6767578125,2703.063720703125,29096193
2024-08-15,2571.32958984375,2571.32958984375,2673.572265625,2529.478271484375,2665.674560546875,61278028
2024-08-16,2592.437744140625,2592.437744140625,2626.502197265625,2560.1787109375,2570.193603515625,51369393
2024-08-17,2611.4423828125,2611.4423828125,2622.695068359375,2590.12646484375,2592.283203125,25524898
2024-08-18,2621.03759765625,2621.03759765625,2679.98095703125,2597.354248046875,2611.297607421875,28984959
2024-08-19,2628.58154296875,2628.58154296875,2646.71728515625,2571.249755859375,2620.3662109375,31878128
2024-08-20,2584.79052734375,2584.79052734375,2693.771728515625,2563.116943359375,2628.58154296875,95765094
2024-08-21,2629.51904296875,2629.51904296875,2655.893798828125,2543.7060546875,2572.132080078125,61104175
2024-08-22,2622.9169921875,2622.9169921875,2643.318115234375,2592.962890625,2629.51904296875,40075181
2024-08-23,2763.932861328125,2763.932861328125,2792.952880859375,2622.380859375,2622.9169921875,49233125
2024-08-24,2770.493896484375,2770.493896484375,2812.19091796875,2743.927978515625,2763.932861328125,54528938
2024-08-25,2747.8857421875,2747.8857421875,2786.01708984375,2737.5302734375,2770.408935546875,29024085
2024-08-26,2681.51513671875,2681.51513671875,2760.203857421875,2670.380859375,2747.8857421875,36557815
2024-08-27,2458.487548828125,2458.487548828125,2698.233154296875,2437.913330078125,2681.51513671875,71122564
2024-08-28,2529.869384765625,2529.869384765625,2551.20458984375,2423.208251953125,2458.48046875,64505641
2024-08-29,2527.11474609375,2527.11474609375,2592.217529296875,2511.141845703125,2529.869384765625,32533103
2024-08-30,2525.11669921875,2525.11669921875,2537.77197265625,2440.05078125,2527.11474609375,54335661
2024-08-31,2512.817138671875,2512.817138671875,2529.9697265625,2494.560302734375,2525.034912109375,16640863
2024-09-01,2426.720947265625,2426.720947265625,2514.609130859375,2402.095947265625,2512.817138671875,37829220
2024-09-02,2537.60986328125,2537.60986328125,2552.28955078125,2423.817138671875,2426.720947265625,41724754
2024-09-03,2422.89697265625,2422.89697265625,2548.04931640625,2422.89697265625,2537.60986328125,40193431
2024-09-04,2447.94384765625,2447.94384765625,2486.59619140625,2276.092041015625,2422.846435546875,104862430
2024-09-05,2367.51806640625,2367.51806640625,2464.94580078125,2351.04443359375,2447.94384765625,83007202
2024-09-06,2220.77685546875,2220.77685546875,2401.987548828125,2163.74658203125,2367.51806640625,233287152
2024-09-07,2270.203857421875,2270.203857421875,2301.727294921875,2221.083251953125,2221.083251953125,44771362
2024-09-08,2294.930419921875,2294.930419921875,2327.767578125,2243.324951171875,2270.206787109375,89507866
2024-09-09,2358.85302734375,2358.85302734375,2372.2529296875,2275.4560546875,2294.930419921875,44981937
2024-09-10,2382.64892578125,2382.64892578125,2389.687255859375,2326.752197265625,2358.85302734375,42236134
2024-09-11,2341.5263671875,2341.5263671875,2389.027587890625,2282.958984375,2382.64892578125,35206877
2024-09-12,2360.172119140625,2360.172119140625,2385.1689453125,2319.44384765625,2341.5263671875,39203889
2024-09-13,2442.921142578125,2442.921142578125,2455.46044921875,2337.3193359375,2360.172119140625,36609482
2024-09-14,2417.14990234375,2417.14990234375,2443.00732421875,2401.00341796875,2442.99853515625,19688398
2024-09-15,2319.1748046875,2319.1748046875,2426.920654296875,2302.790283203125,2417.14990234375,21159077
2024-09-16,2291.129150390625,2291.129150390625,2326.330078125,2259.10302734375,2319.4560546875,58735225
2024-09-17,2336.424072265625,2336.424072265625,2383.322021484375,2263.42578125,2291.127197265625,60259365
2024-09-18,2360.9130859375,2360.9130859375,2360.946044921875,2281.865234375,2336.424072265625,59971337
2024-09-19,2464.095458984375,2464.095458984375,2483.138916015625,2361.03076171875,2361.03076171875,63233659
2024-09-20,2556.097412109375,2556.097412109375,2569.00048828125,2443.4267578125,2464.095458984375,34345975
2024-09-21,2617.14404296875,2617.14404296875,2618.87353515625,2530.97900390625,2556.097412109375,18043705
2024-09-22,2580.934326171875,2580.934326171875,2622.246337890625,2536.17724609375,2617.0908203125,24650880
2024-09-23,2648.2705078125,2648.2705078125,2692.05126953125,2549.658935546875,2580.94384765625,39768779
2024-09-24,2656.958984375,2656.958984375,2668.883056640625,2603.618896484375,2648.272705078125,31309287
2024-09-25,2577.81591796875,2577.81591796875,2667.010986328125,2563.077392578125,2656.958984375,30841741
2024-09-26,2632.217041015625,2632.217041015625,2661.557861328125,2571.395263671875,2577.81591796875,29778099
2024-09-27,2695.804443359375,2695.804443359375,2721.340087890625,2617.356689453125,2632.217041015625,30880227
2024-09-28,2672.630615234375,2672.630615234375,2701.18505859375,2656.283935546875,2695.804443359375,31232821
2024-09-29,2656.68603515625,2656.68603515625,2677.45947265625,2636.260986328125,2672.630615234375,31034199
2024-09-30,2602.727783203125,2602.727783203125,2658.520751953125,2586.17919921875,2656.68603515625,45580321
2024-10-01,2449.16259765625,2449.16259765625,2649.552978515625,2421.083984375,2602.727783203125,59843617
2024-10-02,2366.608642578125,2366.608642578125,2493.946044921875,2355.02001953125,2449.16259765625,75781582
2024-10-03,2348.483154296875,2348.483154296875,2399.053955078125,2311.83056640625,2366.608642578125,50296168
2024-10-04,2414.410888671875,2414.410888671875,2436.698486328125,2340.86865234375,2348.483154296875,37957459
2024-10-05,2414.23291015625,2414.23291015625,2426.044677734375,2390.677734375,2414.410888671875,17079794
2024-10-06,2437.518798828125,2437.518798828125,2452.093017578125,2407.00634765625,2414.23291015625,12625137
2024-10-07,2424.6142578125,2424.6142578125,2513.892333984375,2424.6142578125,2437.518798828125,55055755
2024-10-08,2443.497314453125,2443.497314453125,2451.45166015625,2409.560546875,2424.72216796875,65761882
2024-10-09,2366.693359375,2366.693359375,2464.137451171875,2353.87744140625,2438.235595703125,50069310
2024-10-10,2378.941650390625,2378.941650390625,2411.90185546875,2333.331298828125,2366.693359375,35581419
2024-10-11,2435.90869140625,2435.90869140625,2465.314453125,2378.06494140625,2378.941650390625,30333079
2024-10-12,2476.458251953125,2476.458251953125,2482.541015625,2435.083251953125,2435.90869140625,35373314
2024-10-13,2465.364501953125,2465.364501953125,2481.322021484375,2437.315673828125,2476.458251953125,15030539
2024-10-14,2628.402099609375,2628.402099609375,2648.9384765625,2449.83203125,2465.364501953125,81583930
2024-10-15,2602.862548828125,2602.862548828125,2673.2265625,2553.38134765625,2628.384033203125,41588509
2024-10-16,2610.056640625,2610.056640625,2641.886962890625,2590.0419921875,2602.862548828125,42007348
2024-10-17,2601.403564453125,2601.403564453125,2644.359619140625,2586.325439453125,2610.054931640625,33440198
2024-10-18,2640.741455078125,2640.741455078125,2670.8291015625,2595.63134765625,2601.490478515625,30319246
2024-10-19,2649.075439453125,2649.075439453125,2657.5849609375,2630.8720703125,2640.741455078125,19797771
2024-10-20,2743.870361328125,2743.870361328125,2750.1376953125,2636.8525390625,2649.075439453125,34148732
2024-10-21,2666.285888671875,2666.285888671875,2763.236328125,2656.8349609375,2743.875244140625,56831181
2024-10-22,2618.4248046875,2618.4248046875,2667.9892578125,2608.051025390625,2666.285888671875,37301465
2024-10-23,2508.86181640625,2508.86181640625,2622.825439453125,2461.450439453125,2618.4248046875,51396892
2024-10-24,2532.318603515625,2532.318603515625,2555.554931640625,2509.395751953125,2522.212646484375,76613384
2024-10-25,2428.26025390625,2428.26025390625,2556.9228515625,2383.41015625,2532.311279296875,52761841
2024-10-26,2479.621826171875,2479.621826171875,2495.654541015625,2427.85009765625,2428.572021484375,24616618
2024-10-27,2507.42041015625,2507.42041015625,2517.851318359375,2463.611083984375,2479.621826171875,21274473
2024-10-28,2565.07568359375,2565.07568359375,2577.914306640625,2472.921630859375,2507.42041015625,38670705
2024-10-29,2634.832763671875,2634.832763671875,2673.1416015625,2560.19970703125,2565.07568359375,57052777
2024-10-30,2656.135009765625,2656.135009765625,2714.115478515625,2606.00537109375,2634.872314453125,45560184
2024-10-31,2514.955078125,2514.955078125,2667.01416015625,2503.8359375,2655.91015625,32254871
2024-11-01,2512.095947265625,2512.095947265625,2579.647705078125,2476.052978515625,2514.955078125,59238262
2024-11-02,2489.240234375,2489.240234375,2521.41064453125,2476.73828125,2512.105712890625,21976222
2024-11-03,2455.124755859375,2455.124755859375,2493.995361328125,2416.595947265625,2489.240234375,28927991
2024-11-04,2395.390625,2395.390625,2485.30029296875,2361.214111328125,2455.124755859375,30172909
2024-11-05,2423.901611328125,2423.901611328125,2476.02099609375,2382.16943359375,2395.390625,42404686
2024-11-06,2721.416015625,2721.416015625,2737.391357421875,2421.93115234375,2423.908935546875,63975521
2024-11-07,2895.16845703125,2895.16845703125,2914.557861328125,2703.448486328125,2721.226806640625,58667902
2024-11-08,2959.96875,2959.96875,2967.88818359375,2892.763671875,2895.16845703125,205408969
2024-11-09,3131.31201171875,3131.31201171875,3151.7685546875,2958.588623046875,2959.96875,30348238
2024-11-10,3189.29833984375,3189.29833984375,3240.742919921875,3107.378173828125,3131.31201171875,70438048
2024-11-11,3374.678466796875,3374.678466796875,3396.35107421875,3113.459228515625,3189.29833984375,92749255
2024-11-12,3249.96923828125,3249.96923828125,3432.049560546875,3215.801513671875,3374.079345703125,93332926
2024-11-13,3187.377685546875,3187.377685546875,3331.088623046875,3120.476806640625,3249.96923828125,60859224
2024-11-14,3052.011962890625,3052.011962890625,3235.58154296875,3035.677001953125,3187.402099609375,109007477
2024-11-15,3096.156005859375,3096.156005859375,3124.0751953125,3015.025634765625,3052.15771484375,102396047
2024-11-16,3131.72216796875,3131.72216796875,3211.104248046875,3071.615966796875,3086.28369140625,86216124
2024-11-17,3075.1669921875,3075.1669921875,3155.057861328125,3042.4013671875,3131.724853515625,103864245
2024-11-18,3205.973876953125,3205.973876953125,3218.788330078125,3052.37744140625,3075.1669921875,97764327
2024-11-19,3110.5634765625,3110.5634765625,3217.906982421875,3072.46728515625,3206.19384765625,75278013
2024-11-20,3069.798828125,3069.798828125,3155.08154296875,3034.72509765625,3110.5634765625,94694457
2024-11-21,3360.171630859375,3360.171630859375,3383.6943359375,3036.9189453125,3069.857421875,147668725
2024-11-22,3327.943115234375,3327.943115234375,3423.550048828125,3275.142333984375,3360.199951171875,94501239
2024-11-23,3396.6806640625,3396.6806640625,3496.110107421875,3320.635498046875,3327.943115234375,82113232
2024-11-24,3360.260009765625,3360.260009765625,3447.460205078125,3292.025390625,3396.67919921875,68298610
2024-11-25,3418.664794921875,3418.664794921875,3538.935302734375,3313.926513671875,3360.260009765625,113725486
2024-11-26,3325.904052734375,3325.904052734375,3456.632568359375,3261.406982421875,3418.575927734375,119760086
2024-11-27,3660.118896484375,3660.118896484375,3681.106201171875,3307.55810546875,3325.904052734375,150785991
2024-11-28,3580.141357421875,3580.141357421875,3661.010498046875,3534.957275390625,3660.004638671875,112624140
2024-11-29,3592.688720703125,3592.688720703125,3644.4111328125,3542.186279296875,3580.085205078125,59876409
2024-11-30,3708.5712890625,3708.5712890625,3735.488037109375,3576.359619140625,3592.688720703125,106150034
2024-12-01,3710.36279296875,3710.36279296875,3740.03857421875,3663.389892578125,3708.5712890625,85572824
2024-12-02,3637.074951171875,3637.074951171875,3759.201171875,3569.669677734375,3710.363525390625,164826153
2024-12-03,3623.75830078125,3623.75830078125,3662.427734375,3534.202880859375,3637.07666015625,102809023
2024-12-04,3837.695068359375,3837.695068359375,3887.34033203125,3621.780029296875,3623.68798828125,125142058
2024-12-05,3810.383544921875,3810.383544921875,3952.57275390625,3767.654052734375,3837.647705078125,183996509
2024-12-06,4006.650146484375,4006.650146484375,4087.057373046875,3787.807861328125,3791.926025390625,137598130
2024-12-07,4002.0009765625,4002.0009765625,4023.06396484375,3975.1328125,4006.564208984375,99989163
2024-12-08,4005.913330078125,4005.913330078125,4008.57470703125,3931.943603515625,4003.154052734375,84262596
2024-12-09,3719.809814453125,3719.809814453125,4010.82177734375,3598.134033203125,4010.754150390625,205946053
2024-12-10,3630.8173828125,3630.8173828125,3815.067138671875,3521.658447265625,3719.809326171875,291237175
2024-12-11,3828.718017578125,3828.718017578125,3840.779052734375,3571.25390625,3630.8173828125,117551921
2024-12-12,3881.640625,3881.640625,3980.474853515625,3799.556396484375,3828.763671875,264219475
2024-12-13,3904.510986328125,3904.510986328125,3958.411376953125,3853.587158203125,3881.609130859375,141814576
2024-12-14,3861.752685546875,3861.752685546875,3934.758544921875,3825.08251953125,3904.4931640625,358187252
2024-12-15,3955.45703125,3955.45703125,3961.637451171875,3830.012939453125,3861.752685546875,171887428
2024-12-16,3982.91943359375,3982.91943359375,4092.33837890625,3882.753662109375,3955.55224609375,168913959
2024-12-17,3878.924560546875,3878.924560546875,4031.036865234375,3852.64404296875,3982.869140625,159247723
2024-12-18,3620.027099609375,3620.027099609375,3895.99365234375,3620.027099609375,3878.955078125,142085864
2024-12-19,3419.622314453125,3419.622314453125,3701.989990234375,3337.768310546875,3619.95166015625,168352318
2024-12-20,3466.17138671875,3466.17138671875,3488.6591796875,3097.55224609375,3419.409912109375,182020753
2024-12-21,3333.267822265625,3333.267822265625,3547.120361328125,3292.212158203125,3466.197998046875,98523095
2024-12-22,3271.845703125,3271.845703125,3391.78271484375,3221.918212890625,3333.26708984375,154490922
2024-12-23,3409.89794921875,3409.89794921875,3451.926025390625,3219.96044921875,3271.8974609375,134715672
2024-12-24,3490.38916015625,3490.38916015625,3523.905517578125,3355.057373046875,3409.8974609375,122352277
2024-12-25,3492.960693359375,3492.960693359375,3534.294677734375,3440.21826171875,3490.380615234375,142076560
2024-12-26,3326.8505859375,3326.8505859375,3506.085693359375,3304.2080078125,3492.958740234375,161485563
2024-12-27,3326.5234375,3326.5234375,3427.322998046875,3301.24169921875,3326.8935546875,85623551
2024-12-28,3397.0390625,3397.0390625,3412.1123046875,3316.76904296875,3326.5234375,52211098
2024-12-29,3353.07275390625,3353.07275390625,3403.9677734375,3322.67578125,3397.049560546875,50538116
2024-12-30,3355.43212890625,3355.43212890625,3422.4775390625,3300.7470703125,3353.069580078125,78125196
2024-12-31,3333.155029296875,3333.155029296875,3438.08447265625,3310.4345703125,3355.431640625,65550819
2025-01-01,3351.809814453125,3351.809814453125,3362.885498046875,3313.7373046875,3333.155029296875,27647565
2025-01-02,3445.5224609375,3445.5224609375,3486.46923828125,3347.60791015625,3351.809814453125,45965565
2025-01-03,3602.4833984375,3602.4833984375,3620.508544921875,3420.228271484375,3445.507080078125,40790963
2025-01-04,3656.95361328125,3656.95361328125,3666.3173828125,3573.7021484375,3602.484375,38002280
2025-01-05,3634.293212890625,3634.293212890625,3664.632080078125,3593.816650390625,3656.95361328125,34903971
2025-01-06,3684.18798828125,3684.18798828125,3736.6123046875,3619.269287109375,3634.29736328125,60327889
2025-01-07,3376.739501953125,3376.739501953125,3694.551513671875,3357.198486328125,3684.173095703125,65793191
2025-01-08,3323.943359375,3323.943359375,3409.304443359375,3217.554931640625,3376.739501953125,47226075
2025-01-09,3216.9306640625,3216.9306640625,3352.531494140625,3165.626953125,3323.943359375,59358866
2025-01-10,3267.850830078125,3267.850830078125,3317.4462890625,3196.08544921875,3216.9306640625,52875135
2025-01-11,3279.61083984375,3279.61083984375,3315.18115234375,3220.38330078125,3267.850830078125,24175730
2025-01-12,3264.9599609375,3264.9599609375,3294.926513671875,3223.8369140625,3279.61083984375,21774866
2025-01-13,3133.35546875,3133.35546875,3328.687744140625,2983.989990234375,3265.02685546875,113626669
2025-01-14,3221.764892578125,3221.764892578125,3247.015380859375,3125.524169921875,3133.35546875,52410176
2025-01-15,3446.8603515625,3446.8603515625,3462.0771484375,3184.735595703125,3221.764404296875,31907220
2025-01-16,3300.98095703125,3300.98095703125,3449.53955078125,3277.3447265625,3446.87255859375,48398870
2025-01-17,3474.118408203125,3474.118408203125,3517.01171875,3299.96875,3300.98095703125,49306793
2025-01-18,3303.01123046875,3303.01123046875,3486.845703125,3229.814453125,3474.118408203125,135534418
2025-01-19,3207.24853515625,3207.24853515625,3434.054931640625,3120.897705078125,3302.900634765625,232190353
2025-01-20,3269.318115234375,3269.318115234375,3412.73388671875,3152.664306640625,3207.061767578125,142039964
2025-01-21,3316.991943359375,3316.991943359375,3352.30224609375,3209.333740234375,3269.564453125,117806821
2025-01-22,3236.255615234375,3236.255615234375,3354.351806640625,3223.96923828125,3316.9921875,110454754
2025-01-23,3333.453125,3333.453125,3334.39599609375,3186.621826171875,3236.233154296875,46060123
2025-01-24,3304.290771484375,3304.290771484375,3413.585205078125,3280.90869140625,3332.552734375,54594340
2025-01-25,3311.79541015625,3311.79541015625,3344.03857421875,3269.99755859375,3304.290771484375,56190703
2025-01-26,3232.58837890625,3232.58837890625,3347.927734375,3232.58837890625,3311.818359375,32960360
2025-01-27,3169.81201171875,3169.81201171875,3245.95947265625,3022.734130859375,3232.58837890625,78559222
2025-01-28,3072.75634765625,3072.75634765625,3214.470458984375,3044.682861328125,3169.81201171875,106827232
2025-01-29,3110.53955078125,3110.53955078125,3170.462890625,3072.2109375,3072.75634765625,53893526
2025-01-30,3245.31591796875,3245.31591796875,3276.44677734375,3094.126220703125,3110.588623046875,57317207
2025-01-31,3293.47900390625,3293.47900390625,3423.0517578125,3213.929931640625,3245.3037109375,60605725
2025-02-01,3114.39794921875,3114.39794921875,3323.064453125,3103.7099609375,3293.453857421875,42700513
2025-02-02,2848.858154296875,2848.858154296875,3158.030029296875,2800.217529296875,3114.39794921875,91140506
2025-02-03,2871.386474609375,2871.386474609375,2883.980224609375,2206.75244140625,2848.858154296875,861793282
2025-02-04,2725.470947265625,2725.470947265625,2875.5849609375,2633.5146484375,2871.523193359375,156558805
2025-02-05,2783.543701171875,2783.543701171875,2816.415283203125,2707.403564453125,2725.301513671875,96380822
2025-02-06,2681.824462890625,2681.824462890625,2856.2822265625,2667.460693359375,2783.540771484375,58182071
2025-02-07,2618.87451171875,2618.87451171875,2792.555419921875,2565.251953125,2681.824462890625,129506094
2025-02-08,2631.135986328125,2631.135986328125,2658.44189453125,2591.5205078125,2618.9814453125,97152236
2025-02-09,2628.791259765625,2628.791259765625,2679.035888671875,2537.005615234375,2631.129150390625,106052882
2025-02-10,2657.64697265625,2657.64697265625,2688.0439453125,2569.72021484375,2628.791259765625,46961424
2025-02-11,2600.19384765625,2600.19384765625,2721.3076171875,2586.390869140625,2657.684326171875,88802368
2025-02-12,2737.08203125,2737.08203125,2777.180419921875,2566.071044921875,2600.193115234375,153698752
2025-02-13,2673.83154296875,2673.83154296875,2751.43896484375,2618.341552734375,2737.099609375,43191656
2025-02-14,2722.614501953125,2722.614501953125,2785.9765625,2667.8173828125,2673.83154296875,54329963
2025-02-15,2692.255859375,2692.255859375,2735.107666015625,2679.810791015625,2722.613525390625,18861954
2025-02-16,2661.474365234375,2661.474365234375,2718.95458984375,2659.743408203125,2692.255859375,23417572
2025-02-17,2741.674560546875,2741.674560546875,2842.3330078125,2651.438720703125,2661.885986328125,52589150
2025-02-18,2666.78662109375,2666.78662109375,2750.118896484375,2612.500732421875,2741.674560546875,46544515
2025-02-19,2716.363037109375,2716.363037109375,2732.181884765625,2656.02783203125,2666.787841796875,13625362
2025-02-20,2739.568359375,2739.568359375,2764.727783203125,2711.372314453125,2716.360595703125,31823404
2025-02-21,2653.437744140625,2653.437744140625,2839.3037109375,2613.471923828125,2739.55322265625,538316212
2025-02-22,2757.7275390625,2757.7275390625,2780.87841796875,2651.749755859375,2653.437744140625,101252848
2025-02-23,2816.877197265625,2816.877197265625,2824.875244140625,2741.865478515625,2756.227294921875,24187702
2025-02-24,2508.526611328125,2508.526611328125,2824.82470703125,2502.33935546875,2816.877197265625,105267887
2025-02-25,2498.60791015625,2498.60791015625,2520.57421875,2340.501220703125,2508.74560546875,164368911
2025-02-26,2327.31396484375,2327.31396484375,2499.265625,2266.44189453125,2498.6083984375,56413097
2025-02-27,2302.248779296875,2302.248779296875,2372.012939453125,2234.115478515625,2327.31396484375,39899891
2025-02-28,2232.108154296875,2232.108154296875,2306.102294921875,2077.733642578125,2302.2060546875,240912801
2025-03-01,2210.436279296875,2210.436279296875,2273.723388671875,2144.7490234375,2232.34326171875,85535164
2025-03-02,2515.016845703125,2515.016845703125,2536.28271484375,2181.03466796875,2210.51904296875,64092970
2025-03-03,2146.775390625,2146.775390625,2515.233154296875,2100.936767578125,2515.016845703125,97497537
2025-03-04,2173.548583984375,2173.548583984375,2203.428466796875,2011.42333984375,2147.152099609375,79695939
2025-03-05,2241.775634765625,2241.775634765625,2259.27783203125,2157.235595703125,2173.562255859375,63907557
2025-03-06,2205.930419921875,2205.930419921875,2317.43408203125,2182.142578125,2241.8505859375,75361443
2025-03-07,2137.61669921875,2137.61669921875,2238.96435546875,2111.993896484375,2205.930419921875,74546737
2025-03-08,2200.38037109375,2200.38037109375,2226.95361328125,2113.982177734375,2137.604248046875,37483459
2025-03-09,2015.912109375,2015.912109375,2208.30615234375,1999.628173828125,2200.369140625,52725224
2025-03-10,1870.114501953125,1870.114501953125,2138.693359375,1828.2633056640625,2015.8314208984373,133202221
2025-03-11,1916.96337890625,1916.96337890625,1953.6339111328125,1777.262939453125,1869.4918212890625,87870323
2025-03-12,1905.024658203125,1905.024658203125,1946.630615234375,1837.96435546875,1916.94873046875,135719640
2025-03-13,1860.6876220703125,1860.6876220703125,1911.9486083984373,1824.5399169921875,1905.0328369140625,70630952
2025-03-14,1909.9981689453125,1909.9981689453125,1936.412109375,1859.3642578125,1860.6947021484373,17856636
2025-03-15,1936.833740234375,1936.833740234375,1949.7445068359373,1905.12744140625,1909.8072509765625,20162525
2025-03-16,1886.0252685546875,1886.0252685546875,1938.09423828125,1869.82666015625,1936.810791015625,16602787
2025-03-17,1926.2998046875,1926.2998046875,1945.9781494140625,1882.6795654296875,1886.00390625,25811474
2025-03-18,1929.3558349609373,1929.3558349609373,1930.601318359375,1874.6209716796875,1926.3006591796875,51453127
2025-03-19,2056.089111328125,2056.089111328125,2063.0078125,1926.9881591796875,1929.33984375,72818376
2025-03-20,1979.5980224609373,1979.5980224609373,2061.57568359375,1951.66796875,2056.193603515625,13073661
2025-03-21,1964.146484375,1964.146484375,1992.638427734375,1938.3179931640625,1979.8544921875,10789267
2025-03-22,1975.3177490234373,1975.3177490234373,2002.9134521484373,1964.2332763671875,1964.240966796875,3467216
2025-03-23,2000.4339599609373,2000.4339599609373,2019.555419921875,1973.6019287109373,1975.901611328125,15259321
2025-03-24,2072.73583984375,2072.73583984375,2098.484130859375,1972.2303466796875,2006.378173828125,15124837
2025-03-25,2064.7666015625,2064.7666015625,2090.11083984375,2040.677490234375,2072.572509765625,8990594
2025-03-26,2000.9498291015625,2000.9498291015625,2077.809814453125,1981.7503662109373,2064.7666015625,7985338
2025-03-27,2000.2838134765625,2000.2838134765625,2032.3831787109373,1984.038330078125,2000.28515625,14528847
2025-03-28,1895.608154296875,1895.608154296875,2008.5496826171875,1867.7757568359373,2000.28564453125,20245988
2025-03-29,1825.3792724609373,1825.3792724609373,1904.3568115234373,1805.4605712890625,1895.6036376953125,10083280
2025-03-30,1803.5870361328125,1803.5870361328125,1843.5255126953125,1781.8575439453125,1825.348876953125,10288122
2025-03-31,1824.0740966796875,1824.0740966796875,1844.246826171875,1779.906494140625,1803.58251953125,15202667
2025-04-01,1904.228759765625,1904.228759765625,1920.07470703125,1820.0162353515625,1824.0704345703125,21070973
2025-04-02,1796.47265625,1796.47265625,1935.3443603515625,1783.6343994140625,1904.2249755859373,14007689
2025-04-03,1812.04736328125,1812.04736328125,1837.5238037109373,1755.582275390625,1796.47265625,17057912
2025-04-04,1812.7354736328125,1812.7354736328125,1828.675537109375,1766.4752197265625,1812.04736328125,15424352
2025-04-05,1803.594482421875,1803.594482421875,1821.722900390625,1778.0482177734375,1812.7354736328125,12991162
2025-04-06,1569.9066162109375,1569.9066162109375,1810.9161376953125,1544.640625,1803.5946044921875,56335896
2025-04-07,1556.980712890625,1556.980712890625,1616.5345458984375,1414.388671875,1571.14208984375,239253431
2025-04-08,1470.4735107421875,1470.4735107421875,1607.74853515625,1449.89306640625,1556.9803466796875,45461408
2025-04-09,1662.4185791015625,1662.4185791015625,1676.1290283203125,1390.948486328125,1470.3046875,80561843
2025-04-10,1522.005126953125,1522.005126953125,1662.633544921875,1476.98291015625,1662.55322265625,45019341
2025-04-11,1565.5843505859375,1565.5843505859375,1584.5823974609375,1512.701171875,1522.0465087890625,33606658
2025-04-12,1643.858154296875,1643.858154296875,1663.26953125,1545.7342529296875,1565.5831298828125,15755304
2025-04-13,1595.583251953125,1595.583251953125,1646.54638671875,1569.31494140625,1643.8663330078125,18246625
2025-04-14,1623.9129638671875,1623.9129638671875,1684.8182373046875,1595.035888671875,1595.563720703125,25412318
2025-04-15,1590.4368896484375,1590.4368896484375,1647.6290283203125,1590.4345703125,1623.934326171875,20513734
2025-04-16,1576.07568359375,1576.07568359375,1602.1419677734375,1547.7742919921875,1590.43359375,25988398
2025-04-17,1581.05322265625,1581.05322265625,1611.9654541015625,1568.947021484375,1576.071533203125,17034408
2025-04-18,1587.81298828125,1587.81298828125,1597.1751708984375,1573.3245849609375,1581.17236328125,10866644
2025-04-19,1615.1849365234375,1615.1849365234375,1619.026611328125,1585.48876953125,1587.818359375,3760057
2025-04-20,1584.5579833984375,1584.5579833984375,1616.7459716796875,1566.7900390625,1615.180908203125,22988978
2025-04-21,1577.408447265625,1577.408447265625,1651.1671142578125,1568.079833984375,1584.5579833984375,24945937
2025-04-22,1756.034423828125,1756.034423828125,1759.3658447265625,1545.58251953125,1577.2611083984375,38658905
2025-04-23,1798.91455078125,1798.91455078125,1816.75048828125,1747.0108642578125,1756.0426025390625,124489959
2025-04-24,1766.567138671875,1766.567138671875,1799.77099609375,1726.37060546875,1798.91455078125,15868969
2025-04-25,1785.7099609375,1785.7099609375,1819.203369140625,1742.6312255859375,1766.35986328125,27387111
2025-04-26,1820.15185546875,1820.15185546875,1828.017822265625,1782.0416259765625,1785.54541015625,17145933
2025-04-27,1791.9866943359375,1791.9866943359375,1851.9156494140625,1789.0245361328125,1820.1524658203125,15952089
2025-04-28,1798.0526123046875,1798.0526123046875,1821.406494140625,1751.8173828125,1791.9771728515625,21422890
2025-04-29,1793.546875,1793.546875,1835.84912109375,1780.298583984375,1798.01123046875,17357093
2025-04-30,1792.4976806640625,1792.4976806640625,1814.4818115234373,1747.09619140625,1793.546875,10901556
2025-05-01,1838.02490234375,1838.02490234375,1866.7513427734373,1792.441650390625,1792.6248779296875,15825046
2025-05-02,1840.4903564453125,1840.4903564453125,1861.56103515625,1815.089111328125,1838.006103515625,17253944
2025-05-03,1833.35595703125,1833.35595703125,1844.106201171875,1816.0482177734373,1840.552734375,5967862
2025-05-04,1807.314453125,1807.314453125,1846.5084228515625,1805.5089111328125,1833.35595703125,8326710
2025-05-05,1818.1815185546875,1818.1815185546875,1828.968505859375,1784.0294189453125,1807.314453125,10620751
2025-05-06,1815.1612548828125,1815.1612548828125,1818.20166015625,1753.9952392578125,1818.193603515625,14736774
2025-05-07,1815.1065673828125,1815.1065673828125,1844.1671142578125,1791.7576904296875,1814.855224609375,14671290
2025-05-08,2204.305908203125,2204.305908203125,2206.27490234375,1809.3956298828125,1815.1114501953125,67611289
2025-05-09,2343.02587890625,2343.02587890625,2459.045166015625,2185.547119140625,2204.35986328125,134849292
2025-05-10,2585.2119140625,2585.2119140625,2590.009033203125,2326.186767578125,2343.350341796875,52659413
2025-05-11,2506.301025390625,2506.301025390625,2587.3095703125,2450.56982421875,2585.201904296875,42111370
2025-05-12,2490.2138671875,2490.2138671875,2616.328125,2419.4365234375,2506.33984375,45413558
2025-05-13,2680.330322265625,2680.330322265625,2701.19677734375,2421.392578125,2490.181640625,49324514
2025-05-14,2607.80029296875,2607.80029296875,2708.378173828125,2554.983642578125,2680.30810546875,20372450
2025-05-15,2538.4365234375,2538.4365234375,2637.781005859375,2482.021484375,2607.76416015625,22800515
2025-05-16,2542.064697265625,2542.064697265625,2637.90576171875,2534.596435546875,2538.44384765625,21436318
2025-05-17,2472.54296875,2472.54296875,2544.088134765625,2451.764404296875,2542.10302734375,12082961
2025-05-18,2489.890869140625,2489.890869140625,2577.69677734375,2357.2958984375,2472.53515625,19931621
2025-05-19,2526.51171875,2526.51171875,2528.4453125,2356.396484375,2489.662353515625,41644440
2025-05-20,2518.09130859375,2518.09130859375,2576.77001953125,2450.126220703125,2526.51171875,12915841
2025-05-21,2551.167236328125,2551.167236328125,2604.596923828125,2461.66650390625,2518.09130859375,38198234
2025-05-22,2657.6962890625,2657.6962890625,2688.621826171875,2551.10546875,2551.14990234375,23783424
2025-05-23,2517.80810546875,2517.80810546875,2723.31884765625,2509.795166015625,2657.71923828125,33060068
2025-05-24,2527.821044921875,2527.821044921875,2572.349609375,2516.2724609375,2517.904541015625,7192140
2025-05-25,2549.341552734375,2549.341552734375,2549.342529296875,2471.16650390625,2527.862060546875,11741602
2025-05-26,2558.304931640625,2558.304931640625,2589.21435546875,2528.991943359375,2549.346435546875,9401709
2025-05-27,2662.620849609375,2662.620849609375,2706.292236328125,2516.996826171875,2558.317138671875,20798024
2025-05-28,2675.78076171875,2675.78076171875,2681.365478515625,2613.3076171875,2662.5517578125,15324565
2025-05-29,2628.461669921875,2628.461669921875,2771.310791015625,2626.487548828125,2675.83642578125,31710104
2025-05-30,2526.2294921875,2526.2294921875,2644.276123046875,2514.48681640625,2628.461669921875,30210329
2025-05-31,2528.205078125,2528.205078125,2546.161865234375,2488.073974609375,2526.248291015625,16517093
2025-06-01,2533.2666015625,2533.2666015625,2544.937744140625,2475.236083984375,2528.205078125,17407154
2025-06-02,2607.92333984375,2607.92333984375,2612.57958984375,2477.4326171875,2533.23388671875,16002876
2025-06-03,2590.1240234375,2590.1240234375,2647.436767578125,2589.1044921875,2608.0546875,18668370
2025-06-04,2608.58837890625,2608.58837890625,2669.84375,2584.2548828125,2590.11474609375,14763736
2025-06-05,2418.300048828125,2418.300048828125,2636.572509765625,2400.6826171875,2608.7041015625,20632653
2025-06-06,2477.1279296875,2477.1279296875,2522.91015625,2401.65283203125,2418.298583984375,10748901
2025-06-07,2521.41845703125,2521.41845703125,2540.004150390625,2462.892822265625,2477.69921875,6760069
2025-06-08,2508.540771484375,2508.540771484375,2543.361083984375,2493.74072265625,2521.387939453125,6195951
2025-06-09,2678.247802734375,2678.247802734375,2687.86328125,2476.981201171875,2508.977783203125,11223969
2025-06-10,2807.717529296875,2807.717529296875,2813.02978515625,2660.377197265625,2678.810546875,35373002
2025-06-11,2775.148193359375,2775.148193359375,2873.615966796875,2754.6171875,2807.703369140625,17492959
2025-06-12,2650.49560546875,2650.49560546875,2781.548095703125,2628.4580078125,2775.0087890625,14053891
2025-06-13,2577.36962890625,2577.36962890625,2650.50244140625,2457.150634765625,2650.50244140625,24225617
2025-06-14,2528.37451171875,2528.37451171875,2577.36962890625,2492.816650390625,2577.36962890625,9124734
2025-06-15,2547.052734375,2547.052734375,2555.26025390625,2498.66357421875,2528.371826171875,9113365
2025-06-16,2547.370361328125,2547.370361328125,2670.49365234375,2517.679931640625,2547.052734375,16364236
2025-06-17,2510.617431640625,2510.617431640625,2612.607666015625,2461.244384765625,2548.143798828125,166161189
2025-06-18,2531.948486328125,2531.948486328125,2541.216796875,2470.4814453125,2510.617431640625,159441618
2025-06-19,2531.0673828125,2531.0673828125,2532.74365234375,2497.356201171875,2531.93115234375,145768039
2025-06-20,2405.782470703125,2405.782470703125,2563.00830078125,2378.18017578125,2531.0673828125,154960927
2025-06-21,2284.400146484375,2284.400146484375,2448.268310546875,2238.24267578125,2405.781494140625,148110642
2025-06-22,2227.04150390625,2227.04150390625,2307.832275390625,2128.918701171875,2284.37939453125,152019155
2025-06-23,2415.7021484375,2415.7021484375,2426.20751953125,2196.865234375,2227.051025390625,100773140
2025-06-24,2445.103515625,2445.103515625,2472.188232421875,2382.869384765625,2415.7021484375,15419161
2025-06-25,2417.139404296875,2417.139404296875,2463.947265625,2402.488525390625,2445.09814453125,13044781
2025-06-26,2426.7578125,2426.7578125,2507.441650390625,2409.29931640625,2417.139404296875,11292920
2025-06-27,2420.670166015625,2420.670166015625,2453.143798828125,2393.51708984375,2426.724609375,8715705
2025-06-28,2435.58642578125,2435.58642578125,2443.42529296875,2409.331298828125,2420.670166015625,8866578
2025-06-29,2504.0712890625,2504.0712890625,2507.710693359375,2426.523681640625,2435.590087890625,52721125
2025-06-30,2485.658935546875,2485.658935546875,2518.714599609375,2440.81103515625,2504.06640625,12017270
2025-07-01,2404.554931640625,2404.554931640625,2497.30908203125,2396.85595703125,2485.67626953125,8578435
2025-07-02,2581.27587890625,2581.27587890625,2601.64892578125,2390.645751953125,2404.55029296875,41312545
2025-07-03,2589.61181640625,2589.61181640625,2626.6484375,2562.671875,2581.261474609375,14604054
2025-07-04,2507.150634765625,2507.150634765625,2597.744384765625,2478.6298828125,2589.610107421875,15958393
2025-07-05,2515.63330078125,2515.63330078125,2528.00634765625,2489.1669921875,2507.143310546875,2768047
2025-07-06,2571.460693359375,2571.460693359375,2596.69775390625,2505.86328125,2515.63134765625,7324299
2025-07-07,2541.82080078125,2541.82080078125,2583.3720703125,2514.665283203125,2571.3203125,8846352
2025-07-08,2614.65087890625,2614.65087890625,2622.007080078125,2525.565673828125,2541.825439453125,28577997
2025-07-09,2770.98095703125,2770.98095703125,2781.99951171875,2596.2431640625,2614.617431640625,39335426
2025-07-10,2952.704345703125,2952.704345703125,2969.560546875,2758.4755859375,2770.98095703125,45294191
2025-07-11,2956.968505859375,2956.968505859375,3025.561279296875,2790.0283203125,2952.704345703125,109667400
2025-07-12,2938.328125,2938.328125,2975.1552734375,2906.467041015625,2956.968994140625,25878824
2025-07-13,2970.403076171875,2970.403076171875,3003.510498046875,2936.2109375,2938.313232421875,28588013
2025-07-14,3011.7685546875,3011.7685546875,3072.944091796875,2966.6826171875,2970.431640625,34043162
2025-07-15,3132.515625,3132.515625,3132.515625,2939.513671875,3011.8544921875,39980268
2025-07-16,3364.077880859375,3364.077880859375,3411.912109375,3101.798828125,3132.515625,118772139
2025-07-17,3470.666259765625,3470.666259765625,3506.58837890625,3318.643310546875,3364.073974609375,180567880
2025-07-18,3538.47607421875,3538.47607421875,3664.1708984375,3464.94287109375,3470.627197265625,205015189
2025-07-19,3581.34521484375,3581.34521484375,3596.782470703125,3509.099853515625,3538.480224609375,69145789
2025-07-20,3752.2939453125,3752.2939453125,3806.11083984375,3577.4892578125,3581.344482421875,134737341
2025-07-21,3751.339599609375,3751.339599609375,3840.43896484375,3709.662109375,3752.27392578125,120922790
2025-07-22,3732.635986328125,3732.635986328125,3782.658203125,3618.22021484375,3751.334228515625,192180783
2025-07-23,3619.972412109375,3619.972412109375,3746.79150390625,3534.1630859375,3732.6513671875,136305415
2025-07-24,3697.724365234375,3697.724365234375,3762.277099609375,3515.89208984375,3619.97509765625,186084653
2025-07-25,3720.097900390625,3720.097900390625,3735.09228515625,3512.00146484375,3697.711669921875,119128837
2025-07-26,3738.17529296875,3738.17529296875,3772.65185546875,3701.444091796875,3720.097900390625,44510297
2025-07-27,3867.650146484375,3867.650146484375,3869.64892578125,3736.8359375,3738.17724609375,58916056
2025-07-28,3784.2353515625,3784.2353515625,3933.041748046875,3755.402587890625,3867.650146484375,80361314
2025-07-29,3785.2529296875,3785.2529296875,3876.170166015625,3725.92822265625,3784.376708984375,83963596
2025-07-30,3797.88720703125,3797.88720703125,3821.56005859375,3688.084716796875,3785.265869140625,94223119
2025-07-31,3693.860595703125,3693.860595703125,3868.504150390625,3684.354736328125,3797.88671875,46640783
2025-08-01,3482.39453125,3482.39453125,3714.25390625,3447.737548828125,3693.860595703125,113306995
2025-08-02,3398.635498046875,3398.635498046875,3525.638671875,3372.090087890625,3482.39599609375,29698937
2025-08-03,3500.981689453125,3500.981689453125,3512.956298828125,3357.188720703125,3398.63427734375,48546426
2025-08-04,3709.052490234375,3709.052490234375,3727.187255859375,3489.2373046875,3500.97509765625,62995689
2025-08-05,3607.171875,3607.171875,3709.522705078125,3555.573486328125,3709.052490234375,43911337
2025-08-06,3674.530517578125,3674.530517578125,3689.12255859375,3568.321533203125,3607.171875,25696931
2025-08-07,3898.08251953125,3898.08251953125,3913.44873046875,3648.54833984375,3674.530517578125,103446583
2025-08-08,4007.378662109375,4007.378662109375,4055.347412109375,3882.07763671875,3898.08251953125,154881593
2025-08-09,4259.17919921875,4259.17919921875,4305.34912109375,4004.179931640625,4007.21630859375,150283571
2025-08-10,4245.0634765625,4245.0634765625,4317.173828125,4159.1904296875,4259.17919921875,60556115
2025-08-11,4223.8857421875,4223.8857421875,4347.52099609375,4165.74267578125,4245.0634765625,139943521
2025-08-12,4581.65283203125,4581.65283203125,4613.6171875,4223.01416015625,4223.8857421875,165355926
2025-08-13,4757.76611328125,4757.76611328125,4764.11083984375,4562.9013671875,4581.642578125,205587720
2025-08-14,4548.44482421875,4548.44482421875,4772.14306640625,4452.75390625,4757.73291015625,170230634
2025-08-15,4425.98583984375,4425.98583984375,4648.72802734375,4370.47509765625,4548.47216796875,68364404
2025-08-16,4416.22705078125,4416.22705078125,4478.044921875,4373.59619140625,4426.138671875,64943455
2025-08-17,4474.13671875,4474.13671875,4560.78564453125,4393.78564453125,4416.22705078125,54624177
2025-08-18,4307.25341796875,4307.25341796875,4477.134765625,4228.9482421875,4474.13720703125,96840868
2025-08-19,4062.89501953125,4062.89501953125,4335.13037109375,4062.75341796875,4307.18798828125,66190572
2025-08-20,4324.05712890625,4324.05712890625,4355.4599609375,4063.0146484375,4063.0146484375,44257609
2025-08-21,4208.23828125,4208.23828125,4325.673828125,4202.23046875,4324.05712890625,30280293
2025-08-22,4815.046875,4815.046875,4861.4833984375,4201.69091796875,4208.244140625,118739613
2025-08-23,4761.59228515625,4761.59228515625,4815.048828125,4662.28173828125,4815.048828125,50673750
2025-08-24,4774.6826171875,4774.6826171875,4939.7021484375,4713.490234375,4761.59033203125,67967114
2025-08-25,4370.85888671875,4370.85888671875,4784.57421875,4337.35546875,4774.76904296875,58313359
2025-08-26,4592.466796875,4592.466796875,4597.28857421875,4324.7685546875,4370.63818359375,110955634
2025-08-27,4499.62646484375,4499.62646484375,4643.46826171875,4494.75146484375,4592.466796875,87000909
2025-08-28,4495.40380859375,4495.40380859375,4615.93310546875,4438.00732421875,4499.71484375,36402817
2025-08-29,4351.3662109375,4351.3662109375,4498.00341796875,4274.50732421875,4495.39892578125,50043168
2025-08-30,4361.48388671875,4361.48388671875,4394.8056640625,4262.8740234375,4351.33935546875,21532163
2025-08-31,4378.0693359375,4378.0693359375,4478.83984375,4361.0166015625,4361.45947265625,33675487
2025-09-01,4298.48095703125,4298.48095703125,4475.52392578125,4233.201171875,4378.0888671875,45211875
2025-09-02,4315.267578125,4315.267578125,4405.60302734375,4255.76025390625,4298.537109375,40604567
2025-09-03,4446.0537109375,4446.0537109375,4473.62109375,4278.1435546875,4315.283203125,39677564
2025-09-04,4300.888671875,4300.888671875,4465.44384765625,4265.77587890625,4446.044921875,70919998
2025-09-05,4297.4619140625,4297.4619140625,4461.9951171875,4259.36083984375,4300.8505859375,70303490
2025-09-06,4273.08349609375,4273.08349609375,4317.48046875,4247.9384765625,4297.482421875,52291046
2025-09-07,4309.98486328125,4309.98486328125,4315.3671875,4270.2470703125,4273.08349609375,28521576
2025-09-08,4300.7138671875,4300.7138671875,4371.66357421875,4280.3291015625,4310.24658203125,52161142
2025-09-09,4304.9423828125,4304.9423828125,4369.64892578125,4275.32568359375,4300.5380859375,73223625
2025-09-10,4339.0927734375,4339.0927734375,4434.44580078125,4280.6357421875,4305.00439453125,72227798
2025-09-11,4455.154296875,4455.154296875,4460.23388671875,4334.56298828125,4339.08642578125,63307556
2025-09-12,4699.18798828125,4699.18798828125,4708.85888671875,4449.39306640625,4455.154296875,48934750
2025-09-13,4654.8447265625,4654.8447265625,4750.05615234375,4605.1787109375,4699.13818359375,57089713
2025-09-14,4615.0908203125,4615.0908203125,4675.76806640625,4575.68798828125,4654.8525390625,25035365
2025-09-15,4520.462890625,4520.462890625,4663.80224609375,4471.29345703125,4615.06103515625,128793214
2025-09-16,4501.6455078125,4501.6455078125,4529.6298828125,4428.6572265625,4520.45703125,23776180
2025-09-17,4587.32958984375,4587.32958984375,4609.48828125,4433.30322265625,4501.6455078125,65671343
2025-09-18,4588.44287109375,4588.44287109375,4625.79248046875,4553.37255859375,4587.32958984375,29217979
2025-09-19,4464.83056640625,4464.83056640625,4612.12841796875,4441.8203125,4588.482421875,29718697
2025-09-20,4477.39990234375,4477.39990234375,4502.05517578125,4455.2646484375,4464.81689453125,25494440
2025-09-21,4448.896484375,4448.896484375,4491.69091796875,4443.45263671875,4477.39990234375,23475443
2025-09-22,4198.494140625,4198.494140625,4449.455078125,4135.94482421875,4448.896484375,64468676
2025-09-23,4164.13134765625,4164.13134765625,4218.03515625,4130.17578125,4198.52685546875,31366130
2025-09-24,4149.2080078125,4149.2080078125,4199.4443359375,4099.43310546875,4164.060546875,52225093
2025-09-25,3862.440673828125,3862.440673828125,4152.587890625,3827.20751953125,4149.23876953125,85306393
2025-09-26,4029.675537109375,4029.675537109375,4059.694580078125,3862.52197265625,3862.52197265625,64935179
2025-09-27,4018.966552734375,4018.966552734375,4029.6630859375,3976.6123046875,4029.6630859375,22253084
2025-09-28,4138.21630859375,4138.21630859375,4139.2705078125,3978.192138671875,4018.966552734375,21767458
2025-09-29,4218.111328125,4218.111328125,4229.68212890625,4094.8955078125,4138.21630859375,31683358
2025-09-30,4141.18896484375,4141.18896484375,4225.38037109375,4095.190185546875,4218.111328125,25028612
2025-10-01,4339.1142578125,4339.1142578125,4339.48046875,4124.59033203125,4141.18896484375,40702890
2025-10-02,4479.77001953125,4479.77001953125,4508.85302734375,4336.62841796875,4339.609375,38549886
2025-10-03,4514.73486328125,4514.73486328125,4574.8984375,4433.63427734375,4479.77001953125,45780760
2025-10-04,4485.75146484375,4485.75146484375,4514.97314453125,4443.94287109375,4514.63623046875,13011705
2025-10-05,4513.1513671875,4513.1513671875,4605.59765625,4470.38330078125,4485.73828125,27652922
2025-10-06,4687.060546875,4687.060546875,4722.33251953125,4497.30224609375,4513.1513671875,42084587
2025-10-07,4448.97705078125,4448.97705078125,4748.31787109375,4448.97705078125,4687.060546875,63340075
2025-10-08,4527.6513671875,4527.6513671875,4538.60205078125,4426.20263671875,4449.21240234375,42568951
2025-10-09,4368.119140625,4368.119140625,4527.6416015625,4284.19140625,4527.62548828125,47765722
2025-10-10,3845.240966796875,3845.240966796875,4392.32470703125,3420.82421875,4368.119140625,129822481
2025-10-11,3746.802001953125,3746.802001953125,3875.2275390625,3659.952392578125,3845.240966796875,60056106
2025-10-12,4156.6572265625,4156.6572265625,4183.32568359375,3702.82275390625,3746.794677734375,101903564
2025-10-13,4244.8115234375,4244.8115234375,4287.31884765625,4071.0390625,4156.6728515625,78190895
2025-10-14,4125.4541015625,4125.4541015625,4261.138671875,3897.808349609375,4244.8115234375,95109075
2025-10-15,3983.189697265625,3983.189697265625,4200.888671875,3941.52685546875,4125.48388671875,68943115
2025-10-16,3887.35009765625,3887.35009765625,4066.888427734375,3835.9580078125,3983.189697265625,78175888
2025-10-17,3829.76513671875,3829.76513671875,3935.073486328125,3684.2822265625,3887.352783203125,85695155
2025-10-18,3886.2001953125,3886.2001953125,3910.03662109375,3822.59765625,3829.77392578125,26347786
2025-10-19,3978.46142578125,3978.46142578125,4024.6630859375,3849.626953125,3886.2001953125,36882661
2025-10-20,3978.491943359375,3978.491943359375,4078.810546875,3911.668701171875,3978.458740234375,52078516
2025-10-21,3881.901611328125,3881.901611328125,4103.41162109375,3847.571533203125,3978.43212890625,93604981
2025-10-22,3798.2734375,3798.2734375,3890.597412109375,3727.81103515625,3882.014404296875,89690523
2025-10-23,3857.279541015625,3857.279541015625,3921.922607421875,3798.15478515625,3798.15478515625,67375103
2025-10-24,3933.2705078125,3933.2705078125,3992.166259765625,3852.10986328125,3857.279541015625,43640266
2025-10-25,3953.91455078125,3953.91455078125,3963.48193359375,3916.46630859375,3933.2705078125,19068562
2025-10-26,4159.734375,4159.734375,4171.7158203125,3925.506103515625,3953.91455078125,28971820
2025-10-27,4121.06689453125,4121.06689453125,4243.39208984375,4105.8662109375,4159.734375,55493132
2025-10-28,3982.14697265625,3982.14697265625,4173.236328125,3951.06640625,4121.06689453125,47687726
2025-10-29,3899.599853515625,3899.599853515625,4033.98974609375,3867.455078125,3982.01513671875,63684778
2025-10-30,3803.04736328125,3803.04736328125,3945.13916015625,3689.4697265625,3899.599853515625,61640415
2025-10-31,3847.112548828125,3847.112548828125,3896.2265625,3799.564697265625,3803.17626953125,39446669
2025-11-01,3871.609130859375,3871.609130859375,3900.28173828125,3834.635009765625,3847.10986328125,13170959
2025-11-02,3911.77880859375,3911.77880859375,3913.42578125,3842.178955078125,3871.609130859375,15677300
2025-11-03,3603.64208984375,3603.64208984375,3913.045654296875,3563.657958984375,3911.77880859375,51666021
2025-11-04,3286.011962890625,3286.011962890625,3647.081298828125,3085.496826171875,3603.64208984375,82562705
2025-11-05,3423.481201171875,3423.481201171875,3472.56298828125,3168.178955078125,3286.009521484375,61325380
2025-11-06,3306.130615234375,3306.130615234375,3449.316162109375,3250.738525390625,3423.481201171875,52452580
2025-11-07,3430.560791015625,3430.560791015625,3466.525146484375,3199.26953125,3306.161865234375,54165682
2025-11-08,3397.333251953125,3397.333251953125,3468.98828125,3358.203125,3430.56689453125,29189496
2025-11-09,3576.8828125,3576.8828125,3608.065185546875,3357.242919921875,3397.333251953125,31707684
2025-11-10,3566.070556640625,3566.070556640625,3645.665771484375,3512.275146484375,3576.8798828125,32212485
2025-11-11,3415.789794921875,3415.789794921875,3629.282470703125,3404.9677734375,3565.736083984375,44215966
2025-11-12,3407.42529296875,3407.42529296875,3580.011474609375,3372.75048828125,3415.789794921875,50618869
2025-11-13,3237.761474609375,3237.761474609375,3554.160888671875,3158.4658203125,3407.427978515625,73569425
2025-11-14,3099.968994140625,3099.968994140625,3246.785888671875,3078.89697265625,3237.7666015625,54359446
2025-11-15,3166.22314453125,3166.22314453125,3224.646484375,3099.881591796875,3100.013916015625,22393551
2025-11-16,3089.556640625,3089.556640625,3241.953125,3029.970458984375,3166.217529296875,29993297
2025-11-17,3020.29150390625,3020.29150390625,3214.93994140625,2961.368408203125,3089.39697265625,45383068
2025-11-18,3118.493408203125,3118.493408203125,3164.3173828125,2961.373046875,3020.18310546875,27972570
2025-11-19,3018.476318359375,3018.476318359375,3119.950439453125,2871.1552734375,3119.031494140625,27640007
2025-11-20,2829.530029296875,2829.530029296875,3055.864013671875,2788.366943359375,3018.557861328125,22979493
2025-11-21,2758.784423828125,2758.784423828125,2876.28271484375,2626.571533203125,2829.530029296875,41178670
2025-11-22,2767.1396484375,2767.1396484375,2787.160888671875,2701.65185546875,2758.627197265625,12931175
2025-11-23,2798.08056640625,2798.08056640625,2846.236083984375,2766.464111328125,2767.04345703125,16033100
2025-11-24,2949.803466796875,2949.803466796875,2975.87890625,2767.302734375,2797.39013671875,21551312
2025-11-25,2953.59765625,2953.59765625,2973.687744140625,2860.22021484375,2949.803466796875,15257356
2025-11-26,3026.144775390625,3026.144775390625,3038.899658203125,2890.18896484375,2953.544677734375,17908478
2025-11-27,3013.03759765625,3013.03759765625,3064.2109375,2986.7314453125,3026.114501953125,14873416
2025-11-28,3027.801025390625,3027.801025390625,3085.81494140625,2995.021728515625,3013.038818359375,15695355
2025-11-29,2989.73583984375,2989.73583984375,3049.030517578125,2970.26123046875,3027.77880859375,11260040
2025-11-30,2993.078857421875,2993.078857421875,3048.326171875,2978.9765625,2989.73583984375,10292773
2025-12-01,2800.96826171875,2800.96826171875,2994.022216796875,2724.229736328125,2993.12451171875,18396666
2025-12-02,2997.638916015625,2997.638916015625,3029.359375,2784.97607421875,2800.970703125,15354825
2025-12-03,3193.9658203125,3193.9658203125,3197.271728515625,2986.23974609375,2996.93701171875,19252405
2025-12-04,3133.61083984375,3133.61083984375,3229.84033203125,3072.59375,3193.697998046875,15830882
2025-12-05,3023.864013671875,3023.864013671875,3188.6875,2994.49609375,3133.45654296875,16001976
2025-12-06,3039.14697265625,3039.14697265625,3059.45556640625,3013.196044921875,3023.8271484375,12469587
2025-12-07,3057.1279296875,3057.1279296875,3142.671875,2930.065185546875,3039.14697265625,26899726
2025-12-08,3122.839111328125,3122.839111328125,3172.9384765625,3045.32568359375,3056.8095703125,25486456
2025-12-09,3320.548583984375,3320.548583984375,3390.309814453125,3091.2333984375,3122.973876953125,26783418
2025-12-10,3325.91943359375,3325.91943359375,3441.31201171875,3289.202880859375,3320.828125,19505927
2025-12-11,3237.957763671875,3237.957763671875,3325.96533203125,3147.8427734375,3325.95166015625,25601487
2025-12-12,3084.021484375,3084.021484375,3261.711181640625,3052.836669921875,3237.8369140625,23619727
2025-12-13,3115.331298828125,3115.331298828125,3135.184814453125,3080.029052734375,3084.021484375,15659269
2025-12-14,3060.94384765625,3060.94384765625,3126.67626953125,3039.89990234375,3115.378662109375,18975478
2025-12-15,2961.675537109375,2961.675537109375,3172.37548828125,2906.29052734375,3061.067138671875,26564920
2025-12-16,2962.223876953125,2962.223876953125,2973.590576171875,2899.4423828125,2961.651123046875,26793567
2025-12-17,2829.016357421875,2829.016357421875,3021.896484375,2793.477294921875,2962.223876953125,22892108
2025-12-18,2827.683349609375,2827.683349609375,2985.009033203125,2778.24951171875,2829.1337890625,23533216
2025-12-19,2976.866943359375,2976.866943359375,3007.058837890625,2813.28466796875,2827.9111328125,25348708
2025-12-20,2974.14697265625,2974.14697265625,2989.952392578125,2969.195068359375,2977.615966796875,9898128
2025-12-21,3002.099609375,3002.099609375,3006.101318359375,2946.535888671875,2974.161865234375,16669803
2025-12-22,3001.93408203125,3001.93408203125,3064.624755859375,2964.100341796875,3001.93408203125,24011489
2025-12-23,2961.668212890625,2961.668212890625,3028.596435546875,2901.436279296875,3001.93408203125,20239606
2025-12-24,2946.218994140625,2946.218994140625,2969.51708984375,2889.88134765625,2962.138427734375,13980493
2025-12-25,2901.168212890625,2901.168212890625,2962.621826171875,2892.55029296875,2946.216796875,12572948
2025-12-26,2924.50732421875,2924.50732421875,2987.624755859375,2896.630615234375,2901.193603515625,16162072
2025-12-27,2947.916748046875,2947.916748046875,2949.8759765625,2916.150390625,2924.4716796875,8203838
2025-12-28,2947.270751953125,2947.270751953125,2955.577880859375,2925.14990234375,2947.94287109375,10289934
2025-12-29,2933.693115234375,2933.693115234375,3049.660400390625,2909.029296875,2947.270751953125,23895637
2025-12-30,2969.219482421875,2969.219482421875,2995.87646484375,2918.562255859375,2933.66650390625,15361666
2025-12-31,2965.775146484375,2965.775146484375,3019.095947265625,2957.953125,2969.219482421875,15637244
