Date,Adj Close,Close,High,Low,Open,Volume
2023-06-01,0.0088529996573925,0.0088529996573925,0.0088560003787279,0.0087810000404715,0.0087980004027485,1281
2023-06-02,0.0087620001286268,0.0087620001286268,0.0088569996878504,0.008755000308156,0.0088520003482699,1805
2023-06-03,0.0087620001286268,0.0087620001286268,0.0087620001286268,0.0087620001286268,0.0087620001286268,0
2023-06-04,0.0086780004203319,0.0086780004203319,0.0087620001286268,0.0086650000885128,0.0087620001286268,1883
2023-06-05,0.0085880002006888,0.0085880002006888,0.0086799999698996,0.0085819996893405,0.0086759999394416,1731
2023-06-06,0.0085619995370507,0.0085619995370507,0.0085929995402693,0.008551999926567,0.0085880002006888,288
2023-06-07,0.0085370000451803,0.0085370000451803,0.0085699995979666,0.0085220001637935,0.0085610002279281,711
2023-06-08,0.0085359998047351,0.0085359998047351,0.0086859995499253,0.0085209999233484,0.0085370000451803,137
2023-06-09,0.0085340002551674,0.0085340002551674,0.0085420003160834,0.0085270004346966,0.0085359998047351,0
2023-06-10,0.0085429996252059,0.0085429996252059,0.008551999926567,0.0085230004042387,0.0085340002551674,10
2023-06-11,0.0084859998896718,0.0084859998896718,0.0085509996861219,0.0084800003096461,0.0085420003160834,826
2023-06-12,0.0084910001605749,0.0084910001605749,0.0084990002214908,0.0084849996492266,0.0084849996492266,0
2023-06-13,0.0079229995608329,0.0079229995608329,0.0154320001602172,0.0079220002517104,0.0084910001605749,11502
2023-06-14,0.0076910001225769,0.0076910001225769,0.007927999831736,0.0076859998516738,0.0079229995608329,6688
2023-06-15,0.0076179997995495,0.0076179997995495,0.0132569996640086,0.0076129999943077,0.0076910001225769,1807
2023-06-16,0.0076390001922845,0.0076390001922845,0.0076600001193583,0.0076150000095367,0.0076179997995495,1072
2023-06-17,0.0076270001009106,0.0076270001009106,0.0076449997723102,0.0076080001890659,0.0076390001922845,418
2023-06-18,0.0076190000399947,0.0076190000399947,0.0076290001161396,0.0076159997843205,0.0076259998604655,147
2023-06-19,0.0075480001978576,0.0075480001978576,0.0076219998300075,0.0075460001826286,0.0076190000399947,1512
2023-06-20,0.0080220000818371,0.0080220000818371,0.0080230003222823,0.0075420001521706,0.0075440001673996,10
2023-06-21,0.0073950001969933,0.0073950001969933,0.0080220000818371,0.0073830001056194,0.008020999841392,3262
2023-06-22,0.0073480000719428,0.0073480000719428,0.0073979999870061,0.0073429998010396,0.0073930001817643,950
2023-06-23,0.0072139999829232,0.0072139999829232,0.0073489998467266,0.0072139999829232,0.0073469998314976,2829
2023-06-24,0.0072099999524652,0.0072099999524652,0.0072200000286102,0.0072030001319944,0.0072169997729361,50
2023-06-25,0.0072409999556839,0.0072409999556839,0.007244000211358,0.0072059999220073,0.0072099999524652,184
2023-06-26,0.0069889998994767,0.0069889998994767,0.007244000211358,0.0069869998842477,0.0072409999556839,4973
2023-06-27,0.0069880001246929,0.0069880001246929,0.0069960001856088,0.0069829998537898,0.0069900001399219,46
2023-06-28,0.0069900001399219,0.0069900001399219,0.0070179998874664,0.0069840000942349,0.0069889998994767,0
2023-06-29,0.0069929999299347,0.0069929999299347,0.0069989999756217,0.0069829998537898,0.0069900001399219,127
2023-06-30,0.006967999972403,0.006967999972403,0.0069929999299347,0.0069530000910162,0.0069929999299347,798
2023-07-01,0.0069559998810291,0.0069559998810291,0.0070989998057484,0.0069530000910162,0.0069690002128481,0
2023-07-02,0.006967999972403,0.006967999972403,0.0069729997776448,0.0069519998505711,0.0069570001214742,185
2023-07-03,0.0070039997808635,0.0070039997808635,0.0070199999026954,0.0069630001671612,0.0069670001976192,1077
2023-07-04,0.0070039997808635,0.0070039997808635,0.0070130000822246,0.0069989999756217,0.0070030000060796,0
2023-07-05,0.0070039997808635,0.0070039997808635,0.0070090000517666,0.0069960001856088,0.0070039997808635,240
2023-07-06,0.0161339994519948,0.0161339994519948,0.0164749994874,0.0069980002008378,0.0070039997808635,0
2023-07-07,0.0069380002096295,0.0069380002096295,0.01634700037539,0.0069360001944005,0.0161419995129108,1772
2023-07-08,0.0163940005004405,0.0163940005004405,0.0163940005004405,0.0069289999082684,0.0069369999691843,0
2023-07-09,0.0069349999539554,0.0069349999539554,0.0163969993591308,0.0069320001639425,0.0163940005004405,17
2023-07-10,0.0071530002169311,0.0071530002169311,0.0071640000678598,0.0069349999539554,0.0069349999539554,11267
2023-07-11,0.0072539998218417,0.0072539998218417,0.0072619998827576,0.0071470001712441,0.0071530002169311,2580
2023-07-12,0.0074909999966621,0.0074909999966621,0.0074930000118911,0.0072490000165998,0.0072530000470578,4819
2023-07-13,0.0075989998877048,0.0075989998877048,0.0076009999029338,0.0074880002066493,0.0074909999966621,2540
2023-07-14,0.0076649999246001,0.0076649999246001,0.0076680001802742,0.007594000082463,0.0075969998724758,1300
2023-07-15,0.0076600001193583,0.0076600001193583,0.007679000031203,0.0076250000856816,0.0076649999246001,1790
2023-07-16,0.0077510001137852,0.0077510001137852,0.0077539999037981,0.0076549998484551,0.0076609998941421,1683
2023-07-17,0.0077689997851848,0.0077689997851848,0.0077740000560879,0.0076899998821318,0.0077499998733401,3305
2023-07-18,0.007763999979943,0.007763999979943,0.0077809998765587,0.0077570001594722,0.0077700000256299,144
2023-07-19,0.0076469997875392,0.0076469997875392,0.0077700000256299,0.0076259998604655,0.0077630002051591,4338
2023-07-20,0.0077229999005794,0.0077229999005794,0.0077240001410245,0.0076310001313686,0.0076500000432133,1928
2023-07-21,0.0076020001433789,0.0076020001433789,0.0077949999831616,0.0075969998724758,0.0077240001410245,7863
2023-07-22,0.0075630000792443,0.0075630000792443,0.0076029999181628,0.0075530000030994,0.0076020001433789,993
2023-08-02,2.359055995941162,2.359055995941162,2.5088229179382324,2.3186330795288086,2.416038990020752,165161410
2023-08-03,2.327152967453003,2.327152967453003,2.3687338829040527,2.2645959854125977,2.3591129779815674,82117842
2023-08-04,2.168919086456299,2.168919086456299,2.3338630199432373,2.1540210247039795,2.3270909786224365,78345358
2023-08-05,2.1300079822540283,2.1300079822540283,2.17838191986084,2.098165988922119,2.1693480014801025,57096570
2023-08-06,2.041331052780152,2.041331052780152,2.1563119888305664,2.0130200386047363,2.130136013031006,67216559
2023-08-07,2.039499044418335,2.039499044418335,2.088449001312256,2.0214099884033203,2.041177034378052,76425225
2023-08-08,1.936297059059143,1.936297059059143,2.04621696472168,1.914868950843811,2.03913688659668,95067817
2023-08-09,1.8321850299835205,1.8321850299835205,1.9600780010223389,1.8134599924087524,1.9366339445114136,70092855
2023-08-10,1.6795170307159424,1.6795170307159424,1.851415991783142,1.6795170307159424,1.8324689865112305,87674173
2023-08-11,1.7399239540100098,1.7399239540100098,1.764464020729065,1.6645300388336182,1.679648995399475,82443802
2023-08-12,1.7600380182266235,1.7600380182266235,1.8162599802017207,1.7257380485534668,1.7404969930648804,120070354
2023-08-13,1.7694419622421265,1.7694419622421265,1.8287999629974363,1.7582370042800903,1.7596789598464966,79482027
2023-08-14,1.7694000005722046,1.7694000005722046,1.8120659589767456,1.7476619482040403,1.7694180011749268,50239411
2023-08-15,1.6174030303955078,1.6174030303955078,1.7889569997787476,1.6002720594406128,1.7692220211029053,63579760
2023-08-16,1.5221929550170898,1.5221929550170898,1.6293669939041138,1.484173059463501,1.6172770261764526,80045499
2023-08-17,1.3663129806518557,1.3663129806518557,1.5411900281906128,1.264155030250549,1.5222530364990234,77403283
2023-08-18,1.5439430475234983,1.5439430475234983,1.5703129768371582,1.3272500038146973,1.3669699430465698,109753417
2023-08-19,1.4803309440612793,1.4803309440612793,1.5439590215682983,1.455070972442627,1.5439590215682983,52682708
2023-08-20,1.468775987625122,1.468775987625122,1.5379739999771118,1.465878963470459,1.4802900552749634,46561968
2023-08-21,1.4769870042800903,1.4769870042800903,1.5228290557861328,1.4323910474777222,1.4687730073928833,51572760
2023-08-22,1.4330500364303589,1.4330500364303589,1.4954849481582642,1.3823699951171875,1.4766279458999634,47449469
2023-08-23,1.4059940576553345,1.4059940576553345,1.4430290460586548,1.3394240140914917,1.4328789710998535,58661476
2023-08-24,1.3965489864349363,1.3965489864349363,1.4699549674987793,1.3788379430770874,1.4060499668121338,45258752
2023-08-25,1.2666679620742798,1.2666679620742798,1.399130940437317,1.2481670379638672,1.396543025970459,47733743
2023-08-26,1.2950559854507446,1.2950559854507446,1.3225359916687012,1.2347429990768433,1.2665040493011477,40934743
2023-08-27,1.3112690448760986,1.3112690448760986,1.3112690448760986,1.2697789669036863,1.294929027557373,33895890
2023-08-28,1.2085340023040771,1.2085340023040771,1.3209129571914673,1.2022219896316528,1.3112930059432983,49261258
2023-08-29,1.296962022781372,1.296962022781372,1.371978998184204,1.1178510189056396,1.208583950996399,131221586
2023-08-30,1.2215219736099243,1.2215219736099243,1.325837016105652,1.2063889503479004,1.2971220016479492,84116845
2023-08-31,1.135066032409668,1.135066032409668,1.2586499452590942,1.1314539909362793,1.2216670513153076,76888118
2023-09-01,1.1239409446716309,1.1239409446716309,1.1426719427108765,1.099704027175903,1.1351549625396729,71097486
2023-09-02,1.1336530447006226,1.1336530447006226,1.2057000398635864,1.1095149517059326,1.1239240169525146,91320014
2023-09-03,1.1293280124664309,1.1293280124664309,1.149683952331543,1.1057950258255005,1.1337720155715942,42670561
2023-09-04,1.0469059944152832,1.0469059944152832,1.1590520143508911,1.0380959510803225,1.1295700073242188,65832339
2023-09-05,1.0720239877700806,1.0720239877700806,1.093400955200195,1.0258749723434448,1.047091007232666,52316434
2023-09-06,1.2852660417556765,1.2852660417556765,1.3233859539031982,1.055241942405701,1.071977972984314,169657556
2023-09-07,1.2284059524536133,1.2284059524536133,1.38155198097229,1.2006280422210691,1.284875988960266,170739703
2023-09-08,1.133985996246338,1.133985996246338,1.249572992324829,1.1186180114746094,1.228060960769653,69317960
2023-09-09,1.164505958557129,1.164505958557129,1.1800609827041626,1.1234910488128662,1.134099006652832,52379027
2023-09-10,1.0910619497299194,1.0910619497299194,1.176900029182434,1.068235993385315,1.1651240587234497,60642513
2023-09-11,1.009122014045715,1.009122014045715,1.107087016105652,1.0029569864273071,1.091212034225464,74606396
2023-09-12,1.012292981147766,1.012292981147766,1.0542999505996704,0.9767069816589355,1.0091700553894043,74511639
2023-09-13,1.0131349563598633,1.0131349563598633,1.038323998451233,0.97578102350235,1.0123809576034546,73424485
2023-09-14,1.0728989839553833,1.0728989839553833,1.112352967262268,0.99965101480484,1.0131169557571411,75788251
2023-09-15,1.325281023979187,1.325281023979187,1.364245057106018,1.0537450313568115,1.0730990171432495,185833668
2023-09-16,1.5093350410461426,1.5093350410461426,1.670672059059143,1.3191640377044678,1.3253300189971924,420328323
2023-09-17,1.269049048423767,1.269049048423767,1.5086740255355835,1.2394980192184448,1.5086740255355835,153009613
2023-09-18,1.3511079549789429,1.3511079549789429,1.4896670579910278,1.2394260168075562,1.2688390016555786,173004779
2023-09-19,1.3739739656448364,1.3739739656448364,1.4186739921569824,1.3216400146484375,1.3512749671936035,97645536
2023-09-20,1.5594120025634766,1.5594120025634766,1.565222978591919,1.362470030784607,1.3739850521087646,161599249
2023-09-21,1.5228149890899658,1.5228149890899658,1.6151330471038818,1.3862440586090088,1.5593489408493042,159420551
2023-09-22,1.604951024055481,1.604951024055481,1.6224360466003418,1.4645880460739136,1.5175479650497437,143819802
2023-09-23,1.510267972946167,1.510267972946167,1.662979006767273,1.4984049797058103,1.6048660278320312,96492957
2023-09-24,1.6231800317764282,1.6231800317764282,1.6609909534454346,1.4979469776153564,1.5100239515304563,86871450
2023-09-25,1.7185180187225342,1.7185180187225342,1.7485649585723877,1.5815509557724,1.622912049293518,140677607
2023-09-26,1.6919859647750854,1.6919859647750854,1.7586610317230225,1.6418720483779907,1.718801975250244,129629050
2023-09-27,1.7999240159988403,1.7999240159988403,1.8078269958496092,1.6798310279846191,1.6919070482254028,135190288
2023-09-28,1.792639970779419,1.792639970779419,1.88789701461792,1.7790989875793457,1.7996540069580078,154449891
2023-09-29,1.7301219701766968,1.7301219701766968,1.8477840423583984,1.692978024482727,1.7925479412078855,109816336
2023-09-30,1.6713210344314575,1.6713210344314575,1.809355974197388,1.667732000350952,1.730051040649414,100102908
2023-10-01,1.7781870365142822,1.7781870365142822,1.7962629795074463,1.6700979471206665,1.6710389852523804,179354897
2023-10-02,1.6416460275650024,1.6416460275650024,1.7969850301742554,1.622588038444519,1.7781009674072266,92151231
2023-10-03,1.5311529636383057,1.5311529636383057,1.6738790273666382,1.5256119966506958,1.6416349411010742,74979947
2023-10-04,1.5432430505752563,1.5432430505752563,1.55866801738739,1.488548994064331,1.5313869714736938,73225886
2023-10-05,1.5080889463424685,1.5080889463424685,1.58605694770813,1.4972009658813477,1.543262004852295,63853046
2023-10-06,1.6558270454406738,1.6558270454406738,1.6808029413223269,1.5071589946746826,1.5080859661102295,79705553
2023-10-07,1.6006059646606443,1.6006059646606443,1.672394037246704,1.589769959449768,1.6557830572128296,60212095
2023-10-08,1.5829850435256958,1.5829850435256958,1.6327099800109863,1.5701689720153809,1.600620985031128,45047762
2023-10-09,1.5517619848251345,1.5517619848251345,1.601032018661499,1.5027899742126465,1.5831120014190674,68926375
2023-10-10,1.5481539964675903,1.5481539964675903,1.5676980018615725,1.5147459506988523,1.5519789457321167,36602228
2023-10-11,1.6302670240402222,1.6302670240402222,1.6463570594787598,1.532503962516785,1.5485520362854004,61477462
2023-10-12,1.463428974151611,1.463428974151611,1.6355420351028442,1.4543919563293457,1.6301449537277222,53767424
2023-10-13,1.4854520559310913,1.4854520559310913,1.5033940076828003,1.4360250234603882,1.4634100198745728,40380738
2023-10-14,1.4970550537109375,1.4970550537109375,1.5129929780960083,1.4639339447021484,1.4854209423065186,24461003
2023-10-15,1.5290089845657349,1.5290089845657349,1.5427860021591189,1.480607032775879,1.4970450401306152,33984856
2023-10-16,1.610582947731018,1.610582947731018,1.6426349878311155,1.512099027633667,1.5290369987487793,70142294
2023-10-17,1.6275789737701416,1.6275789737701416,1.6691550016403198,1.5886290073394775,1.6104769706726074,50766857
2023-10-18,1.45796000957489,1.45796000957489,1.6352260112762451,1.4568400382995603,1.6274590492248535,47727254
2023-10-19,1.452193021774292,1.452193021774292,1.487928032875061,1.41185200214386,1.457901954650879,50021108
2023-10-20,1.5217299461364746,1.5217299461364746,1.567924976348877,1.438830018043518,1.4521640539169312,48100452
2023-10-21,1.6102880239486694,1.6102880239486694,1.6558879613876345,1.5015419721603394,1.5216439962387085,53378143
2023-10-22,1.634682059288025,1.634682059288025,1.7097760438919067,1.577288031578064,1.6102110147476196,68987905
2023-10-23,1.6477220058441162,1.6477220058441162,1.6663620471954346,1.4886900186538696,1.6284600496292114,98305639
2023-10-24,1.6740800142288208,1.6740800142288208,1.7900880575180054,1.601138949394226,1.6479990482330322,125381909
2023-10-25,1.8037129640579224,1.8037129640579224,1.8228460550308228,1.6629359722137451,1.6743639707565308,90079680
2023-10-26,1.8564189672470093,1.8564189672470093,1.9159799814224243,1.7041200399398804,1.803604006767273,101727221
2023-10-27,1.874559044837952,1.874559044837952,1.9446539878845213,1.755828022956848,1.8563690185546875,98023155
2023-10-28,1.8370109796524048,1.8370109796524048,1.9487030506134035,1.8310489654541016,1.874487042427063,74508644
2023-10-29,1.8007800579071045,1.8007800579071045,1.8671350479125977,1.796574950218201,1.8369139432907104,52038887
2023-10-30,1.889225006103516,1.889225006103516,1.9360450506210327,1.800676941871643,1.800676941871643,72936930
2023-10-31,2.039362907409668,2.039362907409668,2.045984029769897,1.874361038208008,1.8890260457992556,123472601
2023-11-01,1.886618971824646,1.886618971824646,2.039557933807373,1.854303002357483,2.0391640663146973,109855874
2023-11-02,1.749945044517517,1.749945044517517,1.9193520545959477,1.7213070392608645,1.8864959478378296,81832082
2023-11-03,1.85234797000885,1.85234797000885,1.8684289455413816,1.7167340517044067,1.7498209476470947,59759695
2023-11-04,1.8671900033950808,1.8671900033950808,1.89833402633667,1.845404028892517,1.8524049520492556,41568658
2023-11-05,1.8270870447158811,1.8270870447158811,1.891679048538208,1.8039729595184328,1.8673889636993408,41549593
2023-11-06,1.8201500177383425,1.8201500177383425,1.8680520057678225,1.7834219932556152,1.8270399570465088,49810279
2023-11-07,1.8419400453567505,1.8419400453567505,1.850829005241394,1.748026967048645,1.8200700283050537,72747967
2023-11-08,1.83479905128479,1.83479905128479,1.8564529418945312,1.794198989868164,1.8419770002365112,47455377
2023-11-09,1.758955955505371,1.758955955505371,1.9071320295333865,1.6747519969940186,1.8346450328826904,100054510
2023-11-10,1.9711979627609253,1.9711979627609253,1.9908870458602903,1.6897530555725098,1.7594120502471924,94045071
2023-11-11,1.9316420555114744,1.9316420555114744,2.0847420692443848,1.9033459424972532,1.971215009689331,163470184
2023-11-12,1.9462089538574217,1.9462089538574217,1.979212999343872,1.868340015411377,1.9320379495620728,77374485
2023-11-13,2.324697971343994,2.324697971343994,2.5678870677948,1.892156004905701,1.946552038192749,428591638
2023-11-14,2.29236388206482,2.29236388206482,2.3254690170288086,2.1315619945526123,2.324120044708252,244329798
2023-11-15,2.366523027420044,2.366523027420044,2.4447689056396484,2.2851979732513428,2.292943954467773,172057215
2023-11-16,2.1877970695495605,2.1877970695495605,2.5157508850097656,2.159308910369873,2.3658640384674072,185518921
2023-11-17,1.9934420585632324,1.9934420585632324,2.251795053482056,1.884305000305176,2.1877129077911377,194276949
2023-11-18,2.060417890548706,2.060417890548706,2.1054909229278564,1.8353500366210935,1.9930399656295776,144986883
2023-11-19,2.4158689975738525,2.4158689975738525,2.557708978652954,2.011122941970825,2.0607149600982666,305170150
2023-11-20,2.2013700008392334,2.2013700008392334,2.6620030403137207,2.1946749687194824,2.415714979171753,320776148
2023-11-21,2.244760036468506,2.244760036468506,2.476651906967163,2.196505069732666,2.20137095451355,236813374
2023-11-22,2.5099151134490967,2.5099151134490967,2.5871829986572266,2.239375114440918,2.2439510822296143,218398975
2023-11-23,2.384198904037476,2.384198904037476,2.5342719554901123,2.320863962173462,2.509680986404419,135293241
2023-11-24,2.475130081176758,2.475130081176758,2.563787937164306,2.354574918746948,2.383585929870605,170824728
2023-11-25,2.734994888305664,2.734994888305664,2.8645870685577397,2.455339908599853,2.47498106956482,219140572
2023-11-26,2.663207054138184,2.663207054138184,2.753398895263672,2.6131069660186768,2.7353200912475586,149995536
2023-11-27,2.5069949626922607,2.5069949626922607,2.7685658931732178,2.4691250324249268,2.663203001022339,179334116
2023-11-28,2.51796293258667,2.51796293258667,2.567826986312866,2.4084689617156982,2.5070369243621826,129711457
2023-11-29,2.34220290184021,2.34220290184021,2.631010055541992,2.332165002822876,2.5180859565734863,143079231
2023-11-30,2.434515953063965,2.434515953063965,2.447732925415039,2.324426889419556,2.3426339626312256,84304965
2023-12-01,2.4009599685668945,2.4009599685668945,2.5177040100097656,2.374722957611084,2.434400081634521,84919458
2023-12-02,2.556123971939087,2.556123971939087,2.584583044052124,2.3989861011505127,2.400815963745117,102144467
2023-12-03,2.465051889419556,2.465051889419556,2.605334043502808,2.428555011749268,2.5561740398406982,104099021
2023-12-04,2.458590030670166,2.458590030670166,2.573607921600342,2.359893083572388,2.4651939868927,145315154
2023-12-05,2.4523160457611084,2.4523160457611084,2.519131898880005,2.375849962234497,2.458775997161865,122219093
2023-12-06,2.4272470474243164,2.4272470474243164,2.5380959510803223,2.411310911178589,2.4521350860595703,142602746
2023-12-07,2.502998113632202,2.502998113632202,2.508974075317383,2.352480888366699,2.42760705947876,98234167
2023-12-08,2.485856056213379,2.485856056213379,2.5452311038970947,2.433603048324585,2.502690076828003,88948142
2023-12-09,2.487266063690185,2.487266063690185,2.5714919567108154,2.4532470703125,2.485898017883301,165115153
2023-12-10,2.684969902038574,2.684969902038574,2.73052191734314,2.4838290214538574,2.4869279861450195,134380210
2023-12-11,2.4472570419311523,2.4472570419311523,2.695723056793213,2.374296903610229,2.6858479976654053,151929281
2023-12-12,2.414417028427124,2.414417028427124,2.4921131134033203,2.359219074249268,2.447130918502808,100081118
2023-12-13,2.521639108657837,2.521639108657837,2.5736401081085205,2.318058967590332,2.4133999347686768,160906752
2023-12-14,2.612786054611206,2.612786054611206,2.6602909564971924,2.506481885910034,2.521502017974853,118043362
2023-12-15,2.472209930419922,2.472209930419922,2.7185089588165283,2.472209930419922,2.613042116165161,127481902
2023-12-16,3.801971912384033,3.801971912384033,4.382544040679932,2.426707983016968,2.4722070693969727,759921398
2023-12-17,4.205852031707764,4.205852031707764,4.701152801513672,3.7512049674987793,3.8020999431610103,738703151
2023-12-18,3.915992021560669,3.915992021560669,4.3221940994262695,3.677834033966065,4.205830097198486,428626540
2023-12-19,3.737348079681397,3.737348079681397,4.297942161560059,3.697421073913574,3.9171719551086426,303103721
2023-12-20,3.478874921798706,3.478874921798706,3.805594921112061,3.4319911003112797,3.736308097839356,233485461
2023-12-21,3.530627012252808,3.530627012252808,3.8587260246276855,3.452052116394043,3.479757070541382,195041051
2023-12-22,3.699615955352783,3.699615955352783,3.759183883666992,3.4734420776367188,3.53063702583313,178454330
2023-12-23,3.47095799446106,3.47095799446106,3.729177951812744,3.35050892829895,3.698991060256958,136225781
2023-12-24,3.3689160346984863,3.3689160346984863,3.5818629264831543,3.311070919036865,3.470252990722656,141909117
2023-12-25,3.754717111587525,3.754717111587525,3.7653329372406006,3.3669090270996094,3.3685719966888428,183118136
2023-12-26,3.684623956680298,3.684623956680298,4.063985824584961,3.488966941833496,3.755522966384888,234134682
2023-12-27,3.631535053253174,3.631535053253174,3.742630958557129,3.436079978942871,3.683813095092773,139539390
2023-12-28,3.520689010620117,3.520689010620117,3.737082004547119,3.4000730514526367,3.631078958511353,125003912
2023-12-29,3.5062949657440186,3.5062949657440186,3.639381885528565,3.4133288860321045,3.519639015197754,116595888
2023-12-30,3.696144104003906,3.696144104003906,3.972944974899292,3.458004951477051,3.5063259601593018,188026490
2023-12-31,3.6392319202423096,3.6392319202423096,3.870206117630005,3.5787160396575928,3.696300983428955,145337612
2024-01-01,3.6208109855651855,3.6208109855651855,3.761662006378174,3.4915521144866943,3.63846492767334,114530775
2024-01-02,3.571000099182129,3.571000099182129,3.898387908935547,3.528287887573242,3.620109081268311,167338770
2024-01-03,3.077553987503052,3.077553987503052,3.843821048736572,2.845590114593506,3.571362018585205,261142103
2024-01-04,3.2098419666290283,3.2098419666290283,3.249558925628662,3.027101993560791,3.0781049728393555,135962568
2024-01-05,2.973433017730713,2.973433017730713,3.239335060119629,2.8782880306243896,3.209419012069702,127276379
2024-01-06,2.7795228958129883,2.7795228958129883,2.979341983795166,2.6724390983581543,2.9745519161224365,120844352
2024-01-07,2.629390001296997,2.629390001296997,2.839240074157715,2.606858015060425,2.7797229290008545,81527552
2024-01-08,2.817768096923828,2.817768096923828,2.873138904571533,2.4259839057922363,2.629293918609619,124622907
2024-01-09,2.498131036758423,2.498131036758423,2.8307180404663086,2.378928899765014,2.817939043045044,119769409
2024-01-10,2.752163887023926,2.752163887023926,2.8211441040039062,2.412061929702759,2.4983279705047607,125324120
2024-01-11,2.781071901321411,2.781071901321411,2.9382619857788086,2.670701026916504,2.753720998764038,134702374
2024-01-12,2.845303058624268,2.845303058624268,3.175020933151245,2.693557024002075,2.779675006866455,180375283
2024-01-13,2.8651199340820312,2.8651199340820312,2.9291958808898926,2.7218010425567627,2.8454389572143555,89690470
2024-01-14,2.6639750003814697,2.6639750003814697,2.9213690757751465,2.662203073501587,2.8651959896087646,73043932
2024-01-15,2.77251410484314,2.77251410484314,2.8258988857269287,2.662777900695801,2.6641271114349365,76114824
2024-01-16,2.7491650581359863,2.7491650581359863,2.849387884140014,2.697606086730957,2.7703750133514404,72412078
2024-01-17,2.715419054031372,2.715419054031372,2.7729620933532715,2.68074107170105,2.748995065689087,61856257
2024-01-18,2.56548810005188,2.56548810005188,2.763978958129883,2.5380730628967285,2.715686082839966,77796750
2024-01-19,2.5106000900268555,2.5106000900268555,2.579061985015869,2.353368043899536,2.56548810005188,83294109
2024-01-20,2.4942169189453125,2.4942169189453125,2.547049045562744,2.44687294960022,2.510596990585327,50965531
2024-01-21,2.4992880821228027,2.4992880821228027,2.6622939109802246,2.473720073699951,2.494554042816162,64906917
2024-01-22,2.2586209774017334,2.2586209774017334,2.5152809619903564,2.2514519691467285,2.4997520446777344,79591313
2024-01-23,2.2429139614105225,2.2429139614105225,2.331928968429565,2.0904459953308105,2.2586240768432617,81697596
2024-01-24,2.291425943374634,2.291425943374634,2.291555881500244,2.2073159217834477,2.242620944976806,59430392
2024-01-25,2.2424569129943848,2.2424569129943848,2.361656904220581,2.2163240909576416,2.291472911834717,74214190
2024-01-26,2.359582901000977,2.359582901000977,2.3857181072235107,2.217834949493408,2.2422850131988525,60653808
2024-01-27,2.418198108673096,2.418198108673096,2.451498031616211,2.353967905044556,2.358691930770874,55055688
2024-01-28,2.2784459590911865,2.2784459590911865,2.450284004211426,2.263695001602173,2.418304920196533,56230679
2024-01-29,2.376323938369751,2.376323938369751,2.397749900817871,2.267590045928955,2.2784340381622314,50623233
2024-01-30,2.469196081161499,2.469196081161499,2.744849920272827,2.348695039749145,2.376323938369751,190880548
2024-01-31,2.2974660396575928,2.2974660396575928,2.521796941757202,2.2728641033172607,2.469575881958008,110043684
2024-02-01,2.2772579193115234,2.2772579193115234,2.3046228885650635,2.2264420986175537,2.297579050064087,60751440
2024-02-02,2.3528599739074707,2.3528599739074707,2.375525951385498,2.277266025543213,2.277266025543213,52068569
2024-02-03,2.310378074645996,2.310378074645996,2.406040906906128,2.285770893096924,2.35305404663086,46532708
2024-02-04,2.179918050765991,2.179918050765991,2.310476064682007,2.179265022277832,2.310476064682007,47982319
2024-02-05,2.219979047775269,2.219979047775269,2.242849111557007,2.160923957824707,2.180438041687012,48609324
2024-02-06,2.2181661128997803,2.2181661128997803,2.2484219074249268,2.1815481185913086,2.219822883605957,44064872
2024-02-07,2.355536937713623,2.355536937713623,2.376015901565552,2.20986008644104,2.2183520793914795,51415988
2024-02-08,2.3842430114746094,2.3842430114746094,2.421448945999145,2.332545042037964,2.3555500507354736,54465876
2024-02-09,2.4887731075286865,2.4887731075286865,2.507730007171631,2.384255886077881,2.384255886077881,67333554
2024-02-10,2.4913721084594727,2.4913721084594727,2.594989061355591,2.4310050010681152,2.488785982131958,68507606
2024-02-11,2.459702014923096,2.459702014923096,2.5909550189971924,2.448641061782837,2.49114990234375,51342596
2024-02-12,2.6238200664520264,2.6238200664520264,2.642275094985962,2.459614992141724,2.459614992141724,85291517
2024-02-13,2.773463010787964,2.773463010787964,2.883047103881836,2.6198298931121826,2.622912883758545,136155790
2024-02-14,3.140626907348633,3.140626907348633,3.227515935897827,2.69979190826416,2.773729085922241,171572088
2024-02-15,3.4888949394226074,3.4888949394226074,3.4888949394226074,3.076970100402832,3.140862941741944,166181840
2024-02-16,4.445077896118164,4.445077896118164,4.556266784667969,3.371711015701294,3.484424114227295,618857612
2024-02-17,4.681437015533447,4.681437015533447,4.922140121459961,4.302820205688477,4.446024894714356,489575703
2024-02-18,5.872903823852539,5.872903823852539,6.356010913848877,4.679696083068848,4.679696083068848,676311273
2024-02-19,7.607151985168457,7.607151985168457,7.965919017791748,5.875686168670654,5.876136779785156,1489727078
2024-02-20,6.704263210296631,6.704263210296631,7.76319408416748,6.24801778793335,7.607164859771728,995569442
2024-02-21,7.091075897216797,7.091075897216797,7.107766151428223,6.076047897338867,6.704267978668213,753565245
2024-02-22,8.163844108581543,8.163844108581543,8.97701644897461,7.069024085998535,7.085296154022217,1317763682
2024-02-23,8.228178977966309,8.228178977966309,9.111104011535645,7.875712871551514,8.160879135131836,944951298
2024-02-24,8.143416404724121,8.143416404724121,8.464866638183594,7.655235767364502,8.226452827453613,585056543
2024-02-25,8.547618865966797,8.547618865966797,9.328678131103516,8.13268756866455,8.143194198608398,825879171
2024-02-26,8.005769729614258,8.005769729614258,9.219773292541504,7.774069786071777,8.5475492477417,971707056
2024-02-27,7.165259838104248,7.165259838104248,8.214308738708496,7.0570478439331055,8.005990982055664,694291439
2024-02-28,7.908123970031738,7.908123970031738,8.676011085510254,7.0361762046813965,7.166483879089356,1137471846
2024-02-29,7.335970878601074,7.335970878601074,8.321120262145996,7.197909832000732,7.909494876861572,566553921
2024-03-01,7.941421031951904,7.941421031951904,8.38352108001709,7.333900928497314,7.333900928497314,758565215
2024-03-02,7.675850868225098,7.675850868225098,8.169114112854004,7.53190803527832,7.936060905456543,487535468
2024-03-03,7.918698787689209,7.918698787689209,8.468506813049316,7.323084831237793,7.67582893371582,885572987
2024-03-04,7.380050182342529,7.380050182342529,8.387838363647461,7.352304935455322,7.916884899139404,688191713
2024-03-05,6.447360038757324,6.447360038757324,7.513039112091064,5.7918782234191895,7.379795074462891,742579473
2024-03-06,7.284943103790283,7.284943103790283,7.349902153015137,6.089038848876953,6.446627140045166,668425045
2024-03-07,7.204996109008789,7.204996109008789,8.050881385803223,7.075471878051758,7.284924983978271,659566749
2024-03-08,7.542867183685303,7.542867183685303,7.791021823883057,6.9250688552856445,7.204885005950928,623599554
2024-03-09,11.692425727844238,11.692425727844238,11.747014045715332,7.5013251304626465,7.542867183685303,2004888053
2024-03-10,9.56268310546875,9.56268310546875,11.81712818145752,9.1889066696167,11.692445755004885,1068179342
2024-03-11,9.841291427612305,9.841291427612305,10.260394096374512,9.1952543258667,9.562705039978027,831925099
2024-03-12,10.172019958496094,10.172019958496094,10.531149864196776,9.346809387207031,9.841291427612305,794979844
2024-03-13,9.550826072692873,9.550826072692873,10.224435806274414,9.342683792114258,10.172019958496094,413432842
2024-03-14,10.785968780517578,10.785968780517578,10.856775283813477,9.301156044006348,9.550826072692873,818396799
2024-03-15,9.733872413635254,9.733872413635254,10.79096221923828,8.710679054260254,10.785943031311035,897075573
2024-03-16,8.44287109375,8.44287109375,9.849031448364258,8.180032730102539,9.733872413635254,501049011
2024-03-17,9.597432136535645,9.597432136535645,9.924120903015137,8.326619148254395,8.44287109375,716267454
2024-03-18,8.733538627624512,8.733538627624512,9.795767784118652,8.605722427368164,9.54730224609375,504326236
2024-03-19,7.5068278312683105,7.5068278312683105,8.873376846313477,7.352856159210205,8.763592720031738,639542175
2024-03-20,8.34369945526123,8.34369945526123,8.440523147583008,7.246088027954102,7.5068278312683105,481685933
2024-03-21,8.045825958251953,8.045825958251953,8.4225492477417,7.825163841247559,8.34369945526123,323442986
2024-03-22,7.968164920806885,7.968164920806885,8.401591300964355,7.691009044647217,8.045845985412598,369681132
2024-03-23,8.464095115661621,8.464095115661621,9.051268577575684,7.942876815795898,7.968164920806885,434831046
2024-03-24,8.453658103942871,8.453658103942871,8.579737663269043,8.145072937011719,8.464095115661621,305631121
2024-03-25,8.662345886230469,8.662345886230469,8.942315101623535,8.347925186157227,8.453658103942871,351638356
2024-03-26,8.74855899810791,8.74855899810791,9.45375919342041,8.595544815063477,8.662345886230469,415209449
2024-03-27,8.435752868652344,8.435752868652344,9.232466697692873,8.373584747314453,8.74855899810791,479333232
2024-03-28,8.418537139892578,8.418537139892578,8.617374420166016,8.201616287231445,8.435763359069824,283204884
2024-03-29,8.38453197479248,8.38453197479248,8.686966896057129,8.068290710449219,8.418482780456543,382830664
2024-03-30,8.119860649108887,8.119860649108887,8.512843132019043,8.064165115356445,8.38453197479248,219379356
2024-03-31,8.22216796875,8.22216796875,8.285284996032715,8.093103408813477,8.119860649108887,170656771
2024-04-01,7.665492057800293,7.665492057800293,8.297879219055176,7.384786128997803,8.222158432006836,340636292
2024-04-02,6.837360858917236,6.837360858917236,7.667656898498535,6.796801090240479,7.665462970733643,363682952
2024-04-03,6.756473064422607,6.756473064422607,7.185538768768311,6.520664215087891,6.837360858917236,292143784
2024-04-04,6.872182846069336,6.872182846069336,7.165346145629883,6.615594863891602,6.756339073181152,244815959
2024-04-05,6.8650221824646,6.8650221824646,6.987363815307617,6.485408782958984,6.872794151306152,231880016
2024-04-06,6.983986854553223,6.983986854553223,7.255484104156494,6.805828094482422,6.864964008331299,234980476
2024-04-07,7.207620143890381,7.207620143890381,7.376638889312744,6.9670491218566895,6.983986854553223,244478742
2024-04-08,7.307769775390625,7.307769775390625,7.461410999298096,7.0511860847473145,7.207620143890381,214115611
2024-04-09,6.660251140594482,6.660251140594482,7.3474202156066895,6.618389129638672,7.307769775390625,236510944
2024-04-10,6.568912982940674,6.568912982940674,6.739376068115234,6.317846775054932,6.660251140594482,220683673
2024-04-11,6.383842945098877,6.383842945098877,6.884461879730225,6.326752185821533,6.568912982940674,240405173
2024-04-12,5.484766006469727,5.484766006469727,6.701389789581299,4.885459899902344,6.383842945098877,489877628
2024-04-13,4.436724185943604,4.436724185943604,5.489058971405029,3.832426071166992,5.484766006469727,558014267
2024-04-14,5.167869091033936,5.167869091033936,5.180919170379639,4.293679237365723,4.436724185943604,440490802
2024-04-15,4.785194873809815,4.785194873809815,5.229937076568604,4.475196838378906,5.145273208618164,357969708
2024-04-16,5.123356819152832,5.123356819152832,5.179811000823975,4.554660797119141,4.785194873809815,364944058
2024-04-17,4.730824947357178,4.730824947357178,5.1510539054870605,4.6830902099609375,5.0886430740356445,367015823
2024-04-18,4.993790149688721,4.993790149688721,5.142928123474121,4.587759017944336,4.730824947357178,254443504
2024-04-19,4.945609092712402,4.945609092712402,5.25383186340332,4.489878177642822,4.993790149688721,370100890
2024-04-20,5.534173965454102,5.534173965454102,5.6575927734375,4.834788799285889,4.945615768432617,270125663
2024-04-21,5.5360918045043945,5.5360918045043945,5.853011131286621,5.390574932098389,5.625649929046631,273390563
2024-04-22,5.601196765899658,5.601196765899658,5.689054012298584,5.444142818450928,5.536043167114258,240234246
2024-04-23,5.407853126525879,5.407853126525879,6.133534908294678,5.348546028137207,5.601196765899658,357165858
2024-04-24,4.931588172912598,4.931588172912598,5.583078861236572,4.870524883270264,5.4046478271484375,303699368
2024-04-25,4.875393867492676,4.875393867492676,5.04645586013794,4.673178195953369,4.931353092193604,310555967
2024-04-26,4.700135231018066,4.700135231018066,4.890627861022949,4.606912136077881,4.875393867492676,220718078
2024-04-27,4.866139888763428,4.866139888763428,4.920424938201904,4.4347028732299805,4.700135231018066,247856423
2024-04-28,4.707146167755127,4.707146167755127,5.005949020385742,4.6848320960998535,4.866139888763428,171531710
2024-04-29,4.73641300201416,4.73641300201416,4.788485050201416,4.530782222747803,4.707146167755127,197962866
2024-04-30,4.541973114013672,4.541973114013672,4.842843055725098,4.294209957122803,4.736439228057861,262583066
2024-05-01,4.652275085449219,4.652275085449219,4.6755900382995605,4.2140889167785645,4.541959762573242,267531433
2024-05-02,4.64052677154541,4.64052677154541,4.7465901374816895,4.42310094833374,4.652275085449219,210924981
2024-05-03,5.131039142608643,5.131039142608643,5.222976207733154,4.568026065826416,4.605894088745117,312664831
2024-05-04,5.0863871574401855,5.0863871574401855,5.272504806518555,5.043353080749512,5.1310248374938965,213114236
2024-05-05,5.745995998382568,5.745995998382568,5.839725017547607,4.936243057250977,5.0863871574401855,398531576
2024-05-06,6.002015113830566,6.002015113830566,6.499392032623291,5.728298187255859,5.745993137359619,628854201
2024-05-07,5.906628131866455,5.906628131866455,6.295281887054443,5.836174964904785,6.002015113830566,445841338
2024-05-08,5.363592147827148,5.363592147827148,5.9571051597595215,5.224606037139893,5.906651973724365,390733647
2024-05-09,5.633020877838135,5.633020877838135,5.754962921142578,5.363309860229492,5.363592147827148,339128965
2024-05-10,5.460981845855713,5.460981845855713,6.084133148193359,5.36513090133667,5.633020877838135,402166124
2024-05-11,5.773499965667725,5.773499965667725,6.046517848968506,5.457862854003906,5.460981845855713,345502801
2024-05-12,5.925252914428711,5.925252914428711,6.037569046020508,5.754893779754639,5.773492813110352,226996250
2024-05-13,5.636285781860352,5.636285781860352,6.282210826873779,5.4219651222229,5.9525580406188965,630420366
2024-05-14,4.763368129730225,4.763368129730225,5.666015148162842,4.625152111053467,5.636284828186035,739644481
2024-05-15,5.080111980438232,5.080111980438232,5.162106990814209,4.683255195617676,4.763368129730225,575143640
2024-05-16,4.841116905212402,4.841116905212402,5.117057800292969,4.663978099822998,5.080251216888428,351680233
2024-05-17,4.904916763305664,4.904916763305664,5.073476791381836,4.817737102508545,4.841117858886719,270728765
2024-05-18,4.981313228607178,4.981313228607178,5.080007076263428,4.830165863037109,4.904916763305664,213154830
2024-05-19,4.71830415725708,4.71830415725708,5.01334285736084,4.674510955810547,4.98131799697876,182411705
2024-05-20,5.071791172027588,5.071791172027588,5.095769882202148,4.656599044799805,4.7009358406066895,314261947
2024-05-21,5.092681884765625,5.092681884765625,5.221206188201904,4.942318916320801,5.0717082023620605,437925957
2024-05-22,4.9730730056762695,4.9730730056762695,5.207076072692871,4.917881011962891,5.092681884765625,411586581
2024-05-23,4.693563938140869,4.693563938140869,5.003993034362793,4.508942127227783,4.9730730056762695,496309604
2024-05-24,4.589282989501953,4.589282989501953,4.757607936859131,4.481779098510742,4.693563938140869,253125511
2024-05-25,4.707670211791992,4.707670211791992,4.807860851287842,4.577908992767334,4.58928918838501,198773461
2024-05-26,4.559780120849609,4.559780120849609,4.738071918487549,4.498226165771484,4.708926200866699,179073708
2024-05-27,4.806207180023193,4.806207180023193,4.864353179931641,4.515801906585693,4.535849094390869,259875984
2024-05-28,4.661622047424316,4.661622047424316,4.806207180023193,4.547239780426025,4.806207180023193,283685354
2024-05-29,4.889363765716553,4.889363765716553,4.972355842590332,4.651303768157959,4.661622047424316,485522697
2024-05-30,4.933077812194824,4.933077812194824,5.179238796234131,4.7056989669799805,4.932758808135986,483318368
2024-05-31,4.83622407913208,4.83622407913208,4.954660892486572,4.718453884124756,4.936110973358154,268708760
2024-06-01,4.8119330406188965,4.8119330406188965,4.92988395690918,4.764017105102539,4.83622407913208,160158656
2024-06-02,4.681023120880127,4.681023120880127,4.852076053619385,4.6241607666015625,4.78680419921875,196602470
2024-06-03,4.821908950805664,4.821908950805664,4.872809886932373,4.628170013427734,4.681023120880127,223611131
2024-06-04,4.825081825256348,4.825081825256348,4.892804145812988,4.690155029296875,4.81156587600708,221351788
2024-06-05,4.894783020019531,4.894783020019531,5.1025471687316895,4.786985874176025,4.825081825256348,320247603
2024-06-06,4.8062591552734375,4.8062591552734375,5.058893203735352,4.753096103668213,4.929122924804688,304269910
2024-06-07,4.417300224304199,4.417300224304199,4.954679012298584,4.087078094482422,4.811009883880615,461706301
2024-06-08,4.2532057762146,4.2532057762146,4.5005621910095215,4.172565937042236,4.416179180145264,240822507
2024-06-09,4.240034103393555,4.240034103393555,4.3126749992370605,4.19922399520874,4.25215482711792,171064106
2024-06-10,4.061295986175537,4.061295986175537,4.401517868041992,4.0040059089660645,4.2396440505981445,370311099
2024-06-11,3.801723957061768,3.801723957061768,4.104022026062012,3.721414089202881,4.061375141143799,274153200
2024-06-12,3.861752986907959,3.861752986907959,4.0821709632873535,3.647165060043335,3.801769971847534,230069345
2024-06-13,3.639405012130737,3.639405012130737,3.890239953994751,3.612639904022217,3.862030029296875,164581048
2024-06-14,3.432147026062012,3.432147026062012,3.725164890289306,3.3358709812164307,3.6391139030456543,190502583
2024-06-15,3.384238004684448,3.384238004684448,3.503773927688598,3.364711046218872,3.4319589138031006,105102014
2024-06-16,3.4519829750061035,3.4519829750061035,3.4925200939178467,3.2896358966827397,3.384783983230591,114224138
2024-06-17,3.0311620235443115,3.0311620235443115,3.4844679832458496,3.021723985671997,3.4522430896759038,211638656
2024-06-18,2.832505941390991,2.832505941390991,3.03083610534668,2.5996038913726807,3.03083610534668,292052874
2024-06-19,2.7937519550323486,2.7937519550323486,2.9052538871765137,2.752401113510132,2.8316609859466557,165778074
2024-06-20,3.0335569381713867,3.0335569381713867,3.18546199798584,2.7682340145111084,2.7937519550323486,272210028
2024-06-21,2.979240894317627,2.979240894317627,3.1314539909362797,2.9667670726776123,3.033036947250366,197352833
2024-06-22,2.9368929862976074,2.9368929862976074,3.0691440105438232,2.908626079559326,2.9791040420532227,138790567
2024-06-23,2.817352056503296,2.817352056503296,3.0267679691314697,2.8071250915527344,2.936372995376587,119712269
2024-06-24,2.906491994857788,2.906491994857788,2.9143879413604736,2.7117960453033447,2.8172929286956787,191802034
2024-06-25,2.85234808921814,2.85234808921814,2.9918529987335205,2.8340320587158203,2.9061989784240723,152110951
2024-06-26,2.779059886932373,2.779059886932373,2.9273600578308105,2.731800079345703,2.852415084838867,144470232
2024-06-27,2.781735897064209,2.781735897064209,2.8327770233154297,2.696000099182129,2.778036117553711,123511020
2024-06-28,2.667427062988281,2.667427062988281,2.858159065246582,2.6531639099121094,2.782058000564575,153443775
2024-06-29,2.559156894683838,2.559156894683838,2.76684308052063,2.55351996421814,2.667917966842652,104657984
2024-06-30,2.4628660678863525,2.4628660678863525,2.5744450092315674,2.336891889572144,2.557936906814575,191287866
2024-07-01,2.2789230346679688,2.2789230346679688,2.498655080795288,2.236215114593506,2.4622490406036377,214733982
2024-07-02,2.27380108833313,2.27380108833313,2.417280912399292,2.2449750900268555,2.2786130905151367,167945614
2024-07-03,2.292048931121826,2.292048931121826,2.548557043075561,2.1637699604034424,2.273808002471924,301727613
2024-07-04,2.092205047607422,2.092205047607422,2.390191078186035,2.080893993377685,2.2915759086608887,314427645
2024-07-05,1.8212339878082275,1.8212339878082275,2.090907096862793,1.7786120176315308,2.090907096862793,339834336
2024-07-06,2.010226011276245,2.010226011276245,2.032093048095703,1.7645059823989868,1.8241679668426516,209994430
2024-07-07,1.8764599561691284,1.8764599561691284,2.009618043899536,1.8454140424728396,2.009618043899536,160151324
2024-07-08,1.820266962051392,1.820266962051392,1.9544329643249512,1.787240982055664,1.8765710592269895,189549562
2024-07-09,1.9244649410247805,1.9244649410247805,1.929451942443848,1.8023890256881716,1.8200069665908811,168993069
2024-07-10,1.9525090456008911,1.9525090456008911,2.052865028381348,1.84818696975708,1.9242169857025144,213565013
2024-07-11,1.7948689460754397,1.7948689460754397,1.9980989694595337,1.7723850011825562,1.9521470069885252,144319857
2024-07-12,1.7827140092849731,1.7827140092849731,1.8293039798736568,1.734212040901184,1.7948650121688845,123859693
2024-07-13,1.822152018547058,1.822152018547058,1.8601700067520144,1.774927020072937,1.7826449871063232,97019614
2024-07-14,1.8555220365524288,1.8555220365524288,1.874506950378418,1.8028349876403809,1.822589993476868,103534994
2024-07-15,2.333173990249634,2.333173990249634,2.366837978363037,1.8560110330581665,1.8560110330581665,270434643
2024-07-16,2.8232460021972656,2.8232460021972656,2.86210298538208,2.117475986480713,2.3357059955596924,701460893
2024-07-17,2.941688060760498,2.941688060760498,3.232703924179077,2.7456679344177246,2.8234400749206543,753131854
2024-07-18,2.650700092315674,2.650700092315674,2.982052087783813,2.5796420574188232,2.9439809322357178,380761875
2024-07-19,2.76782488822937,2.76782488822937,2.9139230251312256,2.535382032394409,2.6507670879364014,388404626
2024-07-20,2.640974998474121,2.640974998474121,2.804013967514038,2.554493904113769,2.7678139209747314,239475175
2024-07-21,2.57112193107605,2.57112193107605,2.662187099456787,2.394397020339966,2.640974998474121,230102989
2024-07-22,2.268573045730591,2.268573045730591,2.624624013900757,2.2636659145355225,2.57112193107605,210657735
2024-07-23,2.184654951095581,2.184654951095581,2.368385076522827,2.161283016204834,2.268573045730591,204261494
2024-07-24,2.2118020057678223,2.2118020057678223,2.3516170978546143,2.1624269485473637,2.1849570274353027,188537692
2024-07-25,2.117072105407715,2.117072105407715,2.2311840057373047,2.0127758979797363,2.2118020057678223,203423813
2024-07-26,2.359493970870972,2.359493970870972,2.455610036849976,2.1131820678710938,2.117072105407715,254316824
2024-07-27,2.3348870277404785,2.3348870277404785,2.4665958881378174,2.310753107070923,2.359493970870972,216960925
2024-07-28,2.347774028778076,2.347774028778076,2.39038610458374,2.2468578815460205,2.3348870277404785,146416173
2024-07-29,2.281732082366944,2.281732082366944,2.4278290271759038,2.266084909439087,2.347774028778076,164788863
2024-07-30,2.1956679821014404,2.1956679821014404,2.3150739669799805,2.1420838832855225,2.281732082366944,112623649
2024-07-31,2.1062099933624268,2.1062099933624268,2.2362210750579834,2.09946608543396,2.1956679821014404,109088173
2024-08-01,2.0815908908843994,2.0815908908843994,2.142819881439209,1.9170830249786377,2.1062099933624268,148290141
2024-08-02,1.895084023475647,1.895084023475647,2.103625059127808,1.8779070377349851,2.0815908908843994,142170274
2024-08-03,1.7449419498443604,1.7449419498443604,1.9145740270614624,1.7031699419021606,1.895084023475647,138086916
2024-08-04,1.639294981956482,1.639294981956482,1.774158000946045,1.5631710290908811,1.7449419498443604,138600632
2024-08-05,1.579177975654602,1.579177975654602,1.677772045135498,1.3622570037841797,1.639294981956482,357541720
2024-08-06,1.6463960409164429,1.6463960409164429,1.75445294380188,1.577322006225586,1.579177975654602,160776225
2024-08-07,1.547412991523743,1.547412991523743,1.7174160480499268,1.5338879823684692,1.6463960409164429,130835431
2024-08-08,1.8554420471191408,1.8554420471191408,1.8645910024642944,1.5263580083847046,1.547412991523743,129661979
2024-08-09,1.7480159997940063,1.7480159997940063,1.8872560262680051,1.695112943649292,1.8554420471191408,133269194
2024-08-10,1.7555099725723269,1.7555099725723269,1.7910079956054688,1.7127629518508911,1.7480159997940063,83665168
2024-08-11,1.6016780138015747,1.6016780138015747,1.8365709781646729,1.5944210290908811,1.755511999130249,109915952
2024-08-12,1.7029540538787842,1.7029540538787842,1.7434149980545044,1.598338007926941,1.6016780138015747,119984574
2024-08-13,1.671697020530701,1.671697020530701,1.7034109830856323,1.633970022201538,1.7029540538787842,86039380
2024-08-14,1.591771960258484,1.591771960258484,1.6962579488754272,1.5692640542984009,1.671697020530701,93717934
2024-08-15,1.4962890148162842,1.4962890148162842,1.6080549955368042,1.4633320569992063,1.591771960258484,93528272
2024-08-16,1.4743579626083374,1.4743579626083374,1.5292760133743286,1.4363980293273926,1.4962890148162842,88700884
2024-08-17,1.4946470260620115,1.4946470260620115,1.513524055480957,1.4596519470214844,1.4743579626083374,67776040
2024-08-18,1.5144020318984983,1.5144020318984983,1.576557993888855,1.4849909543991089,1.505262017250061,79882279
2024-08-19,1.5154340267181396,1.5154340267181396,1.5489790439605713,1.4218920469284058,1.5144020318984983,108803533
2024-08-20,1.5395959615707395,1.5395959615707395,1.597465991973877,1.51344096660614,1.5334899425506592,121329275
2024-08-21,1.570976972579956,1.570976972579956,1.592337965965271,1.4822759628295898,1.5245749950408936,112993578
2024-08-22,1.6328010559082031,1.6328010559082031,1.6629769802093506,1.5557949542999268,1.570976972579956,117800263
2024-08-23,1.843919038772583,1.843919038772583,1.879753947257996,1.6327879428863523,1.6328010559082031,177227974
2024-08-24,1.9164170026779173,1.9164170026779173,1.9733320474624636,1.8291610479354856,1.8439249992370603,167773058
2024-08-25,1.8477489948272705,1.8477489948272705,1.9164530038833616,1.7890690565109253,1.9164170026779173,150536248
2024-08-26,1.668789982795715,1.668789982795715,1.874680995941162,1.6505080461502075,1.8477489948272705,140093035
2024-08-27,1.5037339925765991,1.5037339925765991,1.729280948638916,1.4844859838485718,1.668789982795715,138988201
2024-08-28,1.5164389610290527,1.5164389610290527,1.571141004562378,1.4455310106277466,1.5037339925765991,154056946
2024-08-29,1.4927029609680176,1.4927029609680176,1.5745099782943726,1.47542405128479,1.5164389610290527,105959079
2024-08-30,1.52469003200531,1.52469003200531,1.5445849895477295,1.4294949769973757,1.4927029609680176,108062301
2024-08-31,1.490949034690857,1.490949034690857,1.5407840013504028,1.4693549871444702,1.52469003200531,62292319
2024-09-01,1.4041869640350342,1.4041869640350342,1.5099430084228516,1.3957370519638062,1.490949034690857,90813322
2024-09-02,1.4769970178604126,1.4769970178604126,1.4916080236434937,1.3904720544815063,1.4041869640350342,98331957
2024-09-03,1.4053280353546145,1.4053280353546145,1.513753056526184,1.4053280353546145,1.4769970178604126,86575617
2024-09-04,1.4246480464935305,1.4246480464935305,1.4706629514694214,1.3319710493087769,1.4053150415420532,116999053
2024-09-05,1.388592004776001,1.388592004776001,1.439851999282837,1.3672820329666138,1.4246480464935305,84931498
2024-09-06,1.337123990058899,1.337123990058899,1.4341319799423218,1.292523980140686,1.388592004776001,109997640
2024-09-07,1.3460240364074707,1.3460240364074707,1.373934984207153,1.3207260370254517,1.337123990058899,65589973
2024-09-08,1.3948750495910645,1.3948750495910645,1.4115500450134275,1.3432559967041016,1.3460240364074707,67488409
2024-09-09,1.460165023803711,1.460165023803711,1.4835339784622192,1.3837560415267944,1.3948750495910645,93646993
2024-09-10,1.4712409973144531,1.4712409973144531,1.4842170476913452,1.425639033317566,1.460165023803711,73991763
2024-09-11,1.3766709566116333,1.3766709566116333,1.4728970527648926,1.364179015159607,1.4712409973144531,98778774
2024-09-12,1.5397570133209229,1.5397570133209229,1.6142569780349731,1.3742810487747192,1.3766709566116333,175055083
2024-09-13,1.518846035003662,1.518846035003662,1.54243803024292,1.4622039794921875,1.5397570133209229,136297636
2024-09-14,1.511868953704834,1.511868953704834,1.554394006729126,1.4930369853973389,1.518846035003662,86597384
2024-09-15,1.475345015525818,1.475345015525818,1.565055012702942,1.4656729698181152,1.511868953704834,101426551
2024-09-16,1.4145549535751345,1.4145549535751345,1.4754819869995115,1.386937975883484,1.475345015525818,88033044
2024-09-17,1.4774580001831057,1.4774580001831057,1.5071779489517212,1.3983190059661863,1.4145549535751345,88109090
2024-09-18,1.512773036956787,1.512773036956787,1.5253340005874634,1.4323339462280271,1.4774580001831057,106038360
2024-09-19,1.5976059436798096,1.5976059436798096,1.647210955619812,1.5424089431762695,1.557023048400879,155879561
2024-09-20,1.6255650520324707,1.6255650520324707,1.6862820386886597,1.5682480335235596,1.5976059436798096,139119598
2024-09-21,1.643867015838623,1.643867015838623,1.6527680158615112,1.5709079504013062,1.6179100275039673,86198962
2024-09-22,1.5656640529632568,1.5656640529632568,1.6592659950256348,1.516584038734436,1.643867015838623,101435045
2024-09-23,1.711184024810791,1.711184024810791,1.782325029373169,1.532384991645813,1.5656640529632568,232754705
2024-09-24,1.8107399940490725,1.8107399940490725,1.8402340412139893,1.6600559949874878,1.711184024810791,202228102
2024-09-25,2.1046929359436035,2.1046929359436035,2.142535924911499,1.794646978378296,1.8107399940490725,384872859
2024-09-26,2.038050889968872,2.038050889968872,2.1727850437164307,2.013906955718994,2.1046929359436035,365692380
2024-09-27,2.1149439811706543,2.1149439811706543,2.1710751056671143,2.0029900074005127,2.038050889968872,282209087
2024-09-28,2.0140740871429443,2.0140740871429443,2.15572190284729,1.9827619791030884,2.1149439811706543,171320885
2024-09-29,2.060115098953247,2.060115098953247,2.106307029724121,1.933864951133728,2.0140740871429443,194053619
2024-09-30,1.8612699508666992,1.8612699508666992,2.069108009338379,1.8332090377807615,2.0491299629211426,202612060
2024-10-01,1.6613199710845947,1.6613199710845947,1.962020993232727,1.6018409729003906,1.8612699508666992,247100112
2024-10-02,1.602686047554016,1.602686047554016,1.743939995765686,1.5520119667053225,1.6613199710845947,170356150
2024-10-03,1.6098190546035769,1.6098190546035769,1.6496829986572266,1.53997004032135,1.602686047554016,131119766
2024-10-04,1.6975350379943848,1.6975350379943848,1.7224260568618774,1.588204026222229,1.6045340299606323,134718979
2024-10-05,1.815747022628784,1.815747022628784,1.9061609506607056,1.6817320585250854,1.6975350379943848,185251605
2024-10-06,1.9383339881896973,1.9383339881896973,2.044847011566162,1.8029509782791135,1.815747022628784,225600867
2024-10-07,1.9338940382003784,1.9338940382003784,2.060054063796997,1.9092860221862795,1.9383339881896973,305430178
2024-10-08,1.8566579818725584,1.8566579818725584,2.008162021636963,1.8509730100631716,1.9338940382003784,213524077
2024-10-09,1.7340179681777954,1.7340179681777954,1.8823399543762207,1.7217259407043457,1.849835991859436,179861718
2024-10-10,1.700984001159668,1.700984001159668,1.766816020011902,1.642989993095398,1.7367229461669922,164144092
2024-10-11,1.928380012512207,1.928380012512207,1.9578720331192017,1.6867270469665527,1.700984001159668,224158326
2024-10-12,2.0833098888397217,2.0833098888397217,2.117053985595703,1.882735013961792,1.928380012512207,247314601
2024-10-13,2.07788610458374,2.07788610458374,2.0894110202789307,1.9365259408950808,2.0833098888397217,216821511
2024-10-14,2.414433002471924,2.414433002471924,2.422738075256348,2.074826002120972,2.07788610458374,505019267
2024-10-15,2.3438260555267334,2.3438260555267334,2.64526891708374,2.2942769527435303,2.414433002471924,664468073
2024-10-16,2.240401029586792,2.240401029586792,2.413990020751953,2.1814661026000977,2.388014078140259,341968088
2024-10-17,2.1204490661621094,2.1204490661621094,2.315922975540161,2.0888381004333496,2.240401029586792,334116344
2024-10-18,2.3691940307617188,2.3691940307617188,2.4587819576263428,2.110909938812256,2.1204490661621094,372066539
2024-10-19,2.4578499794006348,2.4578499794006348,2.51682710647583,2.342614889144897,2.3691940307617188,334988355
2024-10-20,2.435235977172852,2.435235977172852,2.4732089042663574,2.3486030101776123,2.4578499794006348,246480714
2024-10-21,2.2724719047546387,2.2724719047546387,2.476847887039185,2.2675271034240723,2.422790050506592,245602564
2024-10-22,2.301594018936157,2.301594018936157,2.31994891166687,2.193290948867798,2.2724719047546387,207725329
2024-10-23,2.2071259021759038,2.2071259021759038,2.315403938293457,2.159230947494507,2.301676988601685,199682715
2024-10-24,2.1928749084472656,2.1928749084472656,2.3117148876190186,2.177825927734375,2.246483087539673,210463178
2024-10-25,1.920469045639038,1.920469045639038,2.2159318923950195,1.839771032333374,2.201344966888428,290585409
2024-10-26,2.01004695892334,2.01004695892334,2.041377067565918,1.897701978683472,1.920469045639038,189728964
2024-10-27,2.0411601066589355,2.0411601066589355,2.072442054748535,1.971094012260437,2.01004695892334,121852744
2024-10-28,2.051527976989746,2.051527976989746,2.0911569595336914,1.8992669582366943,2.0411601066589355,234184399
2024-10-29,2.082015991210937,2.082015991210937,2.1353759765625,2.034977912902832,2.051527976989746,236129190
2024-10-30,2.0043840408325195,2.0043840408325195,2.100529909133911,1.985834002494812,2.096324920654297,175420852
2024-10-31,1.9205180406570437,1.9205180406570437,2.0109028816223145,1.8875540494918823,2.004378080368042,153341082
2024-11-01,1.8802490234375,1.8802490234375,1.9852449893951416,1.8327319622039795,1.9205180406570437,182475604
2024-11-02,1.8071190118789675,1.8071190118789675,1.8978890180587769,1.7831699848175049,1.8802490234375,121659039
2024-11-03,1.733834981918335,1.733834981918335,1.8132749795913696,1.631060004234314,1.8071190118789675,185328226
2024-11-04,1.6535780429840088,1.6535780429840088,1.7572400569915771,1.593109965324402,1.729964017868042,153395672
2024-11-05,1.7713429927825928,1.7713429927825928,1.8349850177764893,1.653560996055603,1.6535780429840088,195421491
2024-11-06,2.00846791267395,2.00846791267395,2.0117080211639404,1.7712969779968262,1.7713429927825928,401367573
2024-11-07,1.9798120260238647,1.9798120260238647,2.056637048721313,1.926555037498474,1.9747209548950195,258779560
2024-11-08,1.9293450117111208,1.9293450117111208,2.0186009407043457,1.8530080318450928,1.9928549528121948,235264067
2024-11-09,2.067702054977417,2.067702054977417,2.119069099426269,1.8851920366287231,1.923810958862305,300278449
2024-11-10,2.117464065551758,2.117464065551758,2.260267972946167,2.0102319717407227,2.067702054977417,614680079
2024-11-11,2.359920024871826,2.359920024871826,2.3894639015197754,2.100925922393799,2.117464065551758,939449422
2024-11-12,2.5360240936279297,2.5360240936279297,2.831559896469116,2.3156559467315674,2.4901280403137207,1640909187
2024-11-13,2.2995519638061523,2.2995519638061523,2.483556032180786,2.1405351161956787,2.4713358879089355,1025444386
2024-11-14,2.178507089614868,2.178507089614868,2.478415012359619,2.14672589302063,2.2995519638061523,781102812
2024-11-15,2.3261590003967285,2.3261590003967285,2.3274168968200684,2.126702070236206,2.178507089614868,513304786
2024-11-16,2.364989995956421,2.364989995956421,2.414788007736206,2.2574191093444824,2.3028531074523926,524957836
2024-11-17,2.23205304145813,2.23205304145813,2.404871940612793,2.186739921569824,2.364989995956421,513261459
2024-11-18,2.396230936050415,2.396230936050415,2.41831111907959,2.220432996749878,2.23205304145813,489964338
2024-11-19,2.29224705696106,2.29224705696106,2.3982338905334477,2.2349770069122314,2.396230936050415,392229055
2024-11-20,2.113430976867676,2.113430976867676,2.2923829555511475,2.068067073822021,2.29224705696106,453751802
2024-11-21,2.243705987930298,2.243705987930298,2.325095891952514,2.032445907592773,2.113429069519043,517521887
2024-11-22,2.25298810005188,2.25298810005188,2.2952349185943604,2.122148036956787,2.243705987930298,476465622
2024-11-23,2.438957929611206,2.438957929611206,2.494762897491455,2.2410330772399902,2.25298810005188,812281973
2024-11-24,2.546947956085205,2.546947956085205,2.681363105773926,2.3302040100097656,2.438957929611206,956801231
2024-11-25,2.4371259212493896,2.4371259212493896,2.7788679599761963,2.373944997787476,2.546947956085205,1056927907
2024-11-26,2.3550820350646973,2.3550820350646973,2.547111988067627,2.252263069152832,2.437134027481079,577998494
2024-11-27,2.547924041748047,2.547924041748047,2.582202911376953,2.301778078079224,2.3550820350646973,480563183
2024-11-28,2.934844970703125,2.934844970703125,3.0527539253234863,2.4720048904418945,2.54810094833374,1298333976
2024-11-29,2.922451972961426,2.922451972961426,2.953418016433716,2.796331882476806,2.934844970703125,821750722
2024-11-30,3.649084091186523,3.649084091186523,3.7148399353027344,2.87379002571106,2.922451972961426,1542691991
2024-12-01,3.4356849193573,3.4356849193573,3.649101972579956,3.2658369541168213,3.649084091186523,985194089
2024-12-02,3.288153886795044,3.288153886795044,3.404010057449341,3.093864917755127,3.3872170448303223,871488521
2024-12-03,3.315013885498047,3.315013885498047,3.474123001098633,3.023981094360352,3.288203001022339,1221532075
2024-12-04,3.2948760986328125,3.2948760986328125,3.4732890129089355,3.2014830112457275,3.315013885498047,932842420
2024-12-05,3.749084949493408,3.749084949493408,4.075869083404541,3.1389529705047607,3.2948760986328125,1739982969
2024-12-06,3.9238009452819824,3.9238009452819824,4.170076847076416,3.653073072433472,3.7225499153137207,1300278623
2024-12-07,3.773256063461304,3.773256063461304,3.934623956680298,3.752557039260864,3.9238009452819824,498677052
2024-12-08,3.765631914138794,3.765631914138794,3.8213489055633545,3.6590869426727295,3.8045709133148193,378930040
2024-12-09,2.939694881439209,2.939694881439209,3.8157880306243896,2.6370959281921387,3.815347909927368,1192168194
2024-12-10,2.840363025665283,2.840363025665283,3.036623001098633,2.591590881347656,2.939694881439209,1049457307
2024-12-11,3.1348860263824463,3.1348860263824463,3.153769016265869,2.719383001327514,2.840363025665283,654271459
2024-12-12,3.075956106185913,3.075956106185913,3.3443150520324707,3.0167460441589355,3.1348860263824463,631258436
2024-12-13,3.02832293510437,3.02832293510437,3.124195098876953,2.9976511001586914,3.075956106185913,444063555
2024-12-14,2.921928882598877,2.921928882598877,3.108103036880493,2.84457802772522,3.0900909900665283,344438979
2024-12-15,3.0469729900360107,3.0469729900360107,3.090991973876953,2.872386932373047,2.921928882598877,376322395
2024-12-16,2.8625950813293457,2.8625950813293457,3.149808883666992,2.849666118621826,3.0469729900360107,457117607
2024-12-17,2.70707106590271,2.70707106590271,2.906294107437134,2.693514108657837,2.8625950813293457,402953303
2024-12-18,2.4193129539489746,2.4193129539489746,2.7261979579925537,2.4164319038391118,2.707041025161743,556464458
2024-12-19,2.1947340965271,2.1947340965271,2.462625026702881,2.1247079372406006,2.4193129539489746,668018419
2024-12-20,2.3659090995788574,2.3659090995788574,2.395076036453247,1.9538719654083248,2.1947340965271,669678949
2024-12-21,2.1833760738372803,2.1833760738372803,2.502074956893921,2.151840925216675,2.3659090995788574,406262715
2024-12-22,2.2139220237731934,2.2139220237731934,2.2999000549316406,2.1450390815734863,2.1833760738372803,306722750
2024-12-23,2.3175339698791504,2.3175339698791504,2.357120990753174,2.119234085083008,2.2139220237731934,364536108
2024-12-24,2.35879898071289,2.35879898071289,2.4134180545806885,2.2510929107666016,2.3175339698791504,306503876
2024-12-25,2.3003408908843994,2.3003408908843994,2.3842899799346924,2.26949405670166,2.35879898071289,237937991
2024-12-26,2.183134078979492,2.183134078979492,2.3203229904174805,2.1513829231262207,2.3003408908843994,225955097
2024-12-27,2.180061101913452,2.180061101913452,2.305119037628174,2.164516925811768,2.183123111724853,291899550
2024-12-28,2.2274301052093506,2.2274301052093506,2.243566036224365,2.133265972137451,2.180061101913452,180830458
2024-12-29,2.1055729389190674,2.1055729389190674,2.2310099601745605,2.087790012359619,2.2274301052093506,163467659
2024-12-30,2.075378894805908,2.075378894805908,2.189605951309204,2.0191171169281006,2.105463981628418,281602125
2024-12-31,2.087348937988281,2.087348937988281,2.1698930263519287,2.020781993865967,2.075378894805908,199850796
2025-01-01,2.2235219478607178,2.2235219478607178,2.224342107772827,2.080333948135376,2.087348937988281,201840602
2025-01-02,2.290796995162964,2.290796995162964,2.352022886276245,2.209721088409424,2.2235219478607178,290899495
2025-01-03,2.4054579734802246,2.4054579734802246,2.4188549518585205,2.2100861072540283,2.2906429767608643,317217430
2025-01-04,2.379784107208252,2.379784107208252,2.437074899673462,2.344434976577759,2.4054579734802246,234862565
2025-01-05,2.412462949752808,2.412462949752808,2.423737049102783,2.312509059906006,2.379784107208252,201909827
2025-01-06,2.622323036193848,2.622323036193848,2.7930190563201904,2.347551107406616,2.412462949752808,714124425
2025-01-07,2.330544948577881,2.330544948577881,2.665090084075928,2.313910007476806,2.622328996658325,653076892
2025-01-08,2.200093984603882,2.200093984603882,2.361243963241577,2.0852479934692383,2.330544948577881,482638141
2025-01-09,2.119680881500244,2.119680881500244,2.2349300384521484,2.081334114074707,2.200093984603882,339969014
2025-01-10,2.164560079574585,2.164560079574585,2.199105024337769,2.0621941089630127,2.119680881500244,348052526
2025-01-11,2.189918041229248,2.189918041229248,2.2301299571990967,2.124845027923584,2.1645290851593018,222651253
2025-01-12,2.1426219940185547,2.1426219940185547,2.202332019805908,2.1014130115509038,2.189918041229248,171694270
2025-01-13,1.961037039756775,1.961037039756775,2.199979066848755,1.8499259948730469,2.1426219940185547,478971724
2025-01-14,2.037091016769409,2.037091016769409,2.055933952331543,1.9473869800567627,1.961037039756775,243403358
2025-01-15,2.2111639976501465,2.2111639976501465,2.2160720825195312,1.9656360149383545,2.037091016769409,283770169
2025-01-16,2.149501085281372,2.149501085281372,2.243993043899536,2.1241140365600586,2.2112090587615967,255927707
2025-01-17,2.29817795753479,2.29817795753479,2.320262908935547,2.1489241123199463,2.149501085281372,293482720
2025-01-18,2.1438651084899902,2.1438651084899902,2.375941038131714,2.0969901084899902,2.29817795753479,315280923
2025-01-19,1.8997700214385984,1.8997700214385984,2.231271982192993,1.8803720474243164,2.1438651084899902,518749963
2025-01-20,1.8934110403060915,1.8934110403060915,2.148121118545532,1.8411309719085691,1.8997700214385984,608007427
2025-01-21,2.128336906433105,2.128336906433105,2.2950339317321777,1.7998640537261963,1.8934110403060915,636610920
2025-01-22,2.312918901443481,2.312918901443481,2.434952974319458,2.055757999420166,2.128336906433105,819404881
2025-01-23,2.2660820484161377,2.2660820484161377,2.3361220359802246,2.1060280799865723,2.3128979206085205,645117666
2025-01-24,2.1298370361328125,2.1298370361328125,2.322715997695923,2.1259870529174805,2.266045093536377,353965657
2025-01-25,2.099204063415528,2.099204063415528,2.1770570278167725,2.080293893814087,2.1298398971557617,222926648
2025-01-26,1.9948920011520384,1.9948920011520384,2.1165030002593994,1.9935710430145264,2.0992720127105717,192244588
2025-01-27,1.903398036956787,1.903398036956787,1.9961750507354736,1.818204998970032,1.9948920011520384,388399738
2025-01-28,1.637415051460266,1.637415051460266,1.9294019937515257,1.6254080533981323,1.903398036956787,325822700
2025-01-29,1.7217249870300293,1.7217249870300293,1.8208129405975344,1.6161919832229614,1.637415051460266,343047042
2025-01-30,1.767354965209961,1.767354965209961,1.8523099422454836,1.710584044456482,1.7218029499053955,280756305
2025-01-31,1.7700610160827637,1.7700610160827637,1.8693430423736568,1.7397010326385498,1.767354965209961,261240380
2025-02-01,1.616757035255432,1.616757035255432,1.8073769807815552,1.6004929542541504,1.7700339555740356,196538474
2025-02-02,1.3902349472045898,1.3902349472045898,1.6371699571609497,1.319316029548645,1.616757035255432,437102133
2025-02-03,1.420114040374756,1.420114040374756,1.445855975151062,1.043213963508606,1.3902349472045898,861216487
2025-02-04,1.3176389932632446,1.3176389932632446,1.430467963218689,1.250728964805603,1.420114040374756,317962599
2025-02-05,1.2898269891738892,1.2898269891738892,1.3653160333633425,1.2653069496154783,1.3176389932632446,195692792
2025-02-06,1.2015589475631714,1.2015589475631714,1.3298920392990112,1.1904549598693848,1.2898269891738892,191000644
2025-02-07,1.2049800157546997,1.2049800157546997,1.3100229501724243,1.155143976211548,1.2015589475631714,234208424
2025-02-08,1.248533010482788,1.248533010482788,1.262179970741272,1.200435996055603,1.2049800157546997,155702022
2025-02-09,1.224118947982788,1.224118947982788,1.283594012260437,1.1526039838790894,1.248533010482788,158750471
2025-02-10,1.2555450201034546,1.2555450201034546,1.3228490352630615,1.1747289896011353,1.224118947982788,300523954
2025-02-11,1.2437080144882202,1.2437080144882202,1.344352960586548,1.2260359525680542,1.2555450201034546,209548884
2025-02-12,1.2834810018539429,1.2834810018539429,1.3010599613189695,1.1839410066604614,1.2437050342559814,225230706
2025-02-13,1.2256150245666504,1.2256150245666504,1.2915910482406616,1.2105740308761597,1.2834810018539429,160453839
2025-02-14,1.296278953552246,1.296278953552246,1.3350679874420166,1.2154120206832886,1.2256150245666504,192561760
2025-02-15,1.2338529825210571,1.2338529825210571,1.3046549558639526,1.2203949689865112,1.2963080406188965,119313587
2025-02-16,1.2208280563354492,1.2208280563354492,1.254997968673706,1.201920986175537,1.2338260412216189,113674682
2025-02-17,1.2032710313796997,1.2032710313796997,1.2749379873275757,1.1758389472961426,1.2208280563354492,172647928
2025-02-18,1.1354730129241943,1.1354730129241943,1.2120720148086548,1.0794470310211182,1.2032710313796997,221193038
2025-02-19,1.130715012550354,1.130715012550354,1.1586509943008425,1.1112979650497437,1.1354730129241943,141415044
2025-02-20,1.203351974487305,1.203351974487305,1.210178017616272,1.1280629634857178,1.130741000175476,144680469
2025-02-21,1.1794040203094482,1.1794040203094482,1.3165149688720703,1.1661770343780518,1.203351974487305,343268480
2025-02-22,1.2569769620895386,1.2569769620895386,1.2842479944229126,1.1746540069580078,1.1795270442962646,175152614
2025-02-23,1.240470051765442,1.240470051765442,1.2733780145645142,1.2119970321655271,1.256947040557861,129790094
2025-02-24,1.0531519651412964,1.0531519651412964,1.2568999528884888,1.039355993270874,1.240470051765442,248967812
2025-02-25,1.0891050100326538,1.0891050100326538,1.1102570295333862,0.9842749834060668,1.053192973136902,363810785
2025-02-26,1.1065880060195925,1.1065880060195925,1.13053297996521,1.0478999614715576,1.0890790224075315,212879115
2025-02-27,1.151548981666565,1.151548981666565,1.179993987083435,1.100998044013977,1.1065880060195925,239982983
2025-02-28,1.1097090244293213,1.1097090244293213,1.1545259952545166,1.0111119747161863,1.151574969291687,298486188
2025-03-01,1.10561203956604,1.10561203956604,1.1208209991455078,1.0719749927520752,1.109706997871399,139051563
2025-03-02,1.2125890254974363,1.2125890254974363,1.2197459936141968,1.0700730085372925,1.10561203956604,244731652
2025-03-03,1.048048973083496,1.048048973083496,1.2516859769821167,1.031661033630371,1.2125320434570312,326456398
2025-03-04,0.9438080191612244,0.9438080191612244,1.0562490224838257,0.8812940120697021,1.0480719804763794,374872224
2025-03-05,0.9751219749450684,0.9751219749450684,1.013337016105652,0.9340670108795166,0.9438080191612244,215655954
2025-03-06,0.9612169861793518,0.9612169861793518,1.008463978767395,0.9503700137138368,0.9750739932060242,169003766
2025-03-07,0.9352329969406128,0.9352329969406128,0.985687017440796,0.9074509739875792,0.9612169861793518,169509828
2025-03-08,0.8881400227546692,0.8881400227546692,0.9526919722557068,0.8761829733848572,0.9352329969406128,126613702
2025-03-09,0.7954440116882324,0.7954440116882324,0.8997200131416321,0.7819820046424866,0.8881400227546692,180836712
2025-03-10,0.7559940218925476,0.7559940218925476,0.873058021068573,0.726095974445343,0.7954440116882324,209972063
2025-03-11,0.7967910170555115,0.7967910170555115,0.8270260095596313,0.7058010101318359,0.7560669779777527,221671286
2025-03-12,0.8411080241203308,0.8411080241203308,0.8416860103607178,0.7739700078964233,0.7967910170555115,149211818
2025-03-13,0.8388620018959045,0.8388620018959045,0.860381007194519,0.8056010007858276,0.8411080241203308,131914933
2025-03-14,0.870864987373352,0.870864987373352,0.8923550248146057,0.8350859880447388,0.8388620018959045,110468413
2025-03-15,0.8781520128250122,0.8781520128250122,0.8872129917144775,0.8624929785728455,0.8707979917526245,70562111
2025-03-16,0.8332279920578003,0.8332279920578003,0.9059849977493286,0.820635974407196,0.8781470060348511,126550934
2025-03-17,0.8722919821739197,0.8722919821739197,0.8937609791755676,0.8328570127487183,0.8331699967384338,138660466
2025-03-18,0.8374159932136536,0.8374159932136536,0.8723189830780029,0.8128029704093933,0.8723189830780029,97459403
2025-03-19,0.8965700268745422,0.8965700268745422,0.8966479897499084,0.8363019824028015,0.8374159932136536,110976761
2025-03-20,0.8559380173683167,0.8559380173683167,0.9165279865264891,0.850944995880127,0.8965650200843811,116634154
2025-03-21,0.8143110275268555,0.8143110275268555,0.8709930181503296,0.8136469721794128,0.8559409976005554,87834401
2025-03-22,0.825469970703125,0.825469970703125,0.8441699743270874,0.8143110275268555,0.8143110275268555,78423683
2025-03-23,0.8276990056037903,0.8276990056037903,0.8423759937286377,0.8121489882469177,0.825469970703125,78317828
2025-03-24,0.9042490124702454,0.9042490124702454,0.94132000207901,0.8167650103569031,0.8277270197868347,226444567
2025-03-25,0.9342809915542604,0.9342809915542604,0.9430000185966492,0.901535987854004,0.9043599963188172,128524678
2025-03-26,0.9298840165138244,0.9298840165138244,0.976598024368286,0.9247840046882628,0.9342809915542604,135062148
2025-03-27,0.9485369920730592,0.9485369920730592,0.9828699827194214,0.9281399846076964,0.9298840165138244,128811093
2025-03-28,0.8405029773712158,0.8405029773712158,0.9544789791107178,0.8315479755401611,0.9485369920730592,154361105
2025-03-29,0.7789959907531738,0.7789959907531738,0.8481339812278748,0.7675840258598328,0.8405029773712158,109971088
2025-03-30,0.7783439755439758,0.7783439755439758,0.8028749823570251,0.7654269933700562,0.7789859771728516,86011182
2025-03-31,0.7699900269508362,0.7699900269508362,0.7881720066070557,0.7468140125274658,0.7784140110015869,115845448
2025-04-01,0.8020190000534058,0.8020190000534058,0.8422300219535828,0.7685880064964294,0.7699900269508362,121581867
2025-04-02,0.7272049784660339,0.7272049784660339,0.8051750063896179,0.7135549783706665,0.8019919991493225,178294256
2025-04-03,0.7512710094451904,0.7512710094451904,0.7644680142402649,0.7061190009117126,0.7272049784660339,135074701
2025-04-04,0.7592740058898926,0.7592740058898926,0.7706220149993896,0.7280960083007812,0.7512459754943848,118059040
2025-04-05,0.744642972946167,0.744642972946167,0.7611950039863586,0.7297880053520203,0.7592740058898926,57979756
2025-04-06,0.6315410137176514,0.6315410137176514,0.7447869777679443,0.6199529767036438,0.7446380257606506,150273979
2025-04-07,0.6495400071144104,0.6495400071144104,0.6778500080108643,0.581716001033783,0.6315159797668457,264504543
2025-04-08,0.616972029209137,0.616972029209137,0.6657969951629639,0.6129680275917053,0.6495400071144104,115467134
2025-04-09,0.710211992263794,0.710211992263794,0.7103999853134155,0.5941389799118042,0.616972029209137,195016415
2025-04-10,0.6949750185012817,0.6949750185012817,0.721917986869812,0.6773989796638489,0.7102029919624329,143201280
2025-04-11,0.7400060296058655,0.7400060296058655,0.7482979893684387,0.6937649846076965,0.6949750185012817,105352790
2025-04-12,0.7811530232429504,0.7811530232429504,0.78752601146698,0.7289400100708008,0.7400060296058655,100361901
2025-04-13,0.743399977684021,0.743399977684021,0.790440022945404,0.7296000123023987,0.7811830043792725,106751705
2025-04-14,0.7397509813308716,0.7397509813308716,0.7751380205154419,0.7350379824638367,0.7434020042419434,102128934
2025-04-15,0.7082700133323669,0.7082700133323669,0.7527449727058411,0.7070170044898987,0.7397509813308716,92766638
2025-04-16,0.6912469863891602,0.6912469863891602,0.720067024230957,0.6808379888534546,0.7082840204238892,95941090
2025-04-17,0.6994680166244507,0.6994680166244507,0.716277003288269,0.6824449896812439,0.6912469863891602,79204400
2025-04-18,0.70933598279953,0.70933598279953,0.7242550253868103,0.693871021270752,0.6994680166244507,68998697
2025-04-19,0.7684440016746521,0.7684440016746521,0.7725110054016113,0.7061989903450012,0.70933598279953,85333385
2025-04-20,0.7769629955291748,0.7769629955291748,0.7867950201034546,0.7402539849281311,0.7684440016746521,84507890
2025-04-21,0.766294002532959,0.766294002532959,0.8000230193138123,0.7619330286979675,0.7769629955291748,97329735
2025-04-22,0.8393589854240417,0.8393589854240417,0.839451014995575,0.7520859837532043,0.7662889957427979,127189027
2025-04-23,0.8634219765663147,0.8634219765663147,0.8811290264129639,0.8382499814033508,0.8393589854240417,156564092
2025-04-24,0.9176980257034302,0.9176980257034302,0.9237679839134216,0.8363469839096069,0.8634470105171204,189502564
2025-04-25,1.0470900535583496,1.0470900535583496,1.0722500085830688,0.8950830101966858,0.9177340269088744,304098288
2025-04-26,1.2183949947357178,1.2183949947357178,1.2533730268478394,1.0471470355987549,1.0471559762954712,505132186
2025-04-27,1.1268810033798218,1.1268810033798218,1.231814980506897,1.1125149726867676,1.2182849645614624,288382399
2025-04-28,1.1369839906692505,1.1369839906692505,1.1789560317993164,1.0757620334625244,1.126886010169983,346673371
2025-04-29,1.0884770154953003,1.0884770154953003,1.1825569868087769,1.0710209608078003,1.1369839906692505,283817762
2025-04-30,1.1324549913406372,1.1324549913406372,1.167667031288147,1.0091769695281982,1.088441014289856,337918662
2025-05-01,1.049836039543152,1.049836039543152,1.1648080348968506,1.0172840356826782,1.1324310302734375,400576705
2025-05-02,1.0331510305404663,1.0331510305404663,1.0649830102920532,1.0157690048217771,1.0498319864273071,188793458
2025-05-03,0.9557039737701416,0.9557039737701416,1.0331510305404663,0.9541029930114746,1.0331510305404663,137939461
2025-05-04,0.923018991947174,0.923018991947174,0.963595986366272,0.9175440073013306,0.9557039737701416,113843030
2025-05-05,0.8706619739532471,0.8706619739532471,0.962680995464325,0.8545309901237488,0.9230419993400574,174205881
2025-05-06,0.9281749725341796,0.9281749725341796,0.9356589913368224,0.8628910183906555,0.8707039952278137,161416795
2025-05-07,0.9278249740600586,0.9278249740600586,0.9715530276298524,0.9066979885101318,0.9282630085945128,171323742
2025-05-08,1.060520052909851,1.060520052909851,1.0743759870529177,0.926256000995636,0.927819013595581,258543830
2025-05-09,1.1394070386886597,1.1394070386886597,1.1751140356063845,1.0542490482330322,1.0605419874191284,326881987
2025-05-10,1.2496949434280396,1.2496949434280396,1.2501460313796997,1.1374770402908323,1.1394309997558594,275031585
2025-05-11,1.2612329721450806,1.2612329721450806,1.3571239709854126,1.2167099714279177,1.2497429847717283,394541305
2025-05-12,1.2820730209350586,1.2820730209350586,1.3475250005722046,1.2113640308380127,1.2612680196762085,396378636
2025-05-13,1.301239013671875,1.301239013671875,1.334326982498169,1.178961992263794,1.282014012336731,275337565
2025-05-14,1.2414230108261108,1.2414230108261108,1.3167550563812256,1.2222850322723389,1.301239013671875,209549344
2025-05-15,1.1439720392227173,1.1439720392227173,1.2677979469299316,1.1182719469070437,1.2413400411605835,221254786
2025-05-16,1.1097500324249268,1.1097500324249268,1.185683012008667,1.1006640195846558,1.1439290046691897,157924021
2025-05-17,1.0737890005111694,1.0737890005111694,1.1118309497833252,1.0591020584106443,1.1097500324249268,149020072
2025-05-18,1.1805989742279053,1.1805989742279053,1.1872199773788452,1.0677520036697388,1.0737890005111694,191332091
2025-05-19,1.1288889646530151,1.1288889646530151,1.186715006828308,1.0699310302734375,1.1805989742279053,195835945
2025-05-20,1.1134870052337646,1.1134870052337646,1.1592580080032349,1.0642869472503662,1.1288889646530151,220298847
2025-05-21,1.1949419975280762,1.1949419975280762,1.255547046661377,1.0947519540786743,1.1134870052337646,374399082
2025-05-22,1.521101951599121,1.521101951599121,1.6417529582977295,1.1939070224761963,1.194944977760315,998314988
2025-05-23,1.3547099828720093,1.3547099828720093,1.5916210412979126,1.3420289754867554,1.521101951599121,800913938
2025-05-24,1.4069709777832031,1.4069709777832031,1.5177799463272097,1.3538049459457395,1.3546619415283203,399208828
2025-05-25,1.42023503780365,1.42023503780365,1.4290510416030884,1.3165689706802368,1.4069709777832031,269413562
2025-05-26,1.3649519681930542,1.3649519681930542,1.4682060480117798,1.3422850370407104,1.4203389883041382,315164196
2025-05-27,1.4021459817886353,1.4021459817886353,1.4421240091323853,1.3330270051956177,1.3649519681930542,338320806
2025-05-28,1.3585859537124634,1.3585859537124634,1.4195560216903689,1.3064110279083252,1.4021459817886353,263668623
2025-05-29,1.30794095993042,1.30794095993042,1.3975800275802612,1.3074719905853271,1.3585859537124634,199007010
2025-05-30,1.125846028327942,1.125846028327942,1.3223530054092407,1.120609998703003,1.308066964149475,341672623
2025-05-31,1.1376579999923706,1.1376579999923706,1.1706130504608154,1.0783809423446655,1.125846028327942,237909883
2025-06-01,1.1653300523757937,1.1653300523757937,1.1739059686660769,1.1017550230026243,1.1376579999923706,130283449
2025-06-02,1.1894680261611938,1.1894680261611938,1.1913659572601318,1.1089290380477903,1.1653289794921875,149397725
2025-06-03,1.1885279417037964,1.1885279417037964,1.2482049465179443,1.17956805229187,1.1894400119781494,197970366
2025-06-04,1.1361310482025146,1.1361310482025146,1.2101670503616333,1.135944962501526,1.1884900331497192,152731205
2025-06-05,1.036391019821167,1.036391019821167,1.1461910009384155,1.0168490409851074,1.1361349821090698,192456027
2025-06-06,1.063647985458374,1.063647985458374,1.092527985572815,1.0333980321884155,1.036391019821167,166066737
2025-06-07,1.121852993965149,1.121852993965149,1.139372944831848,1.0604770183563232,1.063647985458374,116794464
2025-06-08,1.105563044548035,1.105563044548035,1.1420940160751345,1.092244029045105,1.121852993965149,97224027
2025-06-09,1.1643619537353516,1.1643619537353516,1.1675529479980469,1.0711669921875,1.105563044548035,191746862
2025-06-10,1.1793179512023926,1.1793179512023926,1.1923149824142456,1.11900794506073,1.1643619537353516,214747337
2025-06-11,1.1212430000305176,1.1212430000305176,1.215345025062561,1.0995759963989258,1.1793049573898315,248549895
2025-06-12,1.0311260223388672,1.0311260223388672,1.1215330362319946,1.019760012626648,1.1212719678878784,199045791
2025-06-13,1.0029269456863403,1.0029269456863403,1.0311260223388672,0.940625011920929,1.0311260223388672,282277095
2025-06-14,0.976626992225647,0.976626992225647,1.0053720474243164,0.9558910131454468,1.0029269456863403,92093902
2025-06-15,0.9802650213241576,0.9802650213241576,0.9951300024986268,0.9563860297203064,0.976626992225647,89696755
2025-06-16,0.960536003112793,0.960536003112793,1.0259469747543335,0.960345983505249,0.9802650213241576,160272930
2025-06-17,0.912771999835968,0.912771999835968,0.9663839936256408,0.8935959935188293,0.9605370163917542,233749917
2025-06-18,0.9567310214042664,0.9567310214042664,0.9573720097541808,0.8700799942016602,0.912771999835968,184809773
2025-06-19,0.9314460158348083,0.9314460158348083,0.968658983707428,0.9212909936904908,0.9567310214042664,127381896
2025-06-20,0.8854749798774719,0.8854749798774719,0.9517109990119934,0.8734250068664551,0.9314500093460084,224532855
2025-06-21,0.8618249893188477,0.8618249893188477,0.8955439925193787,0.8140760064125061,0.8854749798774719,157653327
2025-06-22,0.8274210095405579,0.8274210095405579,0.879023015499115,0.7772179841995239,0.8618249893188477,265352435
2025-06-23,0.9278979897499084,0.9278979897499084,0.9321510195732116,0.8025689721107483,0.8274210095405579,255801293
2025-06-24,0.9309340119361876,0.9309340119361876,0.9576320052146912,0.9077190160751344,0.9278979897499084,197640138
2025-06-25,0.8849980235099792,0.8849980235099792,0.9380139708518982,0.8780660033226013,0.9309340119361876,141261444
2025-06-26,0.8628339767456055,0.8628339767456055,0.9120180010795592,0.8547109961509705,0.8849980235099792,131219194
2025-06-27,0.8730570077896118,0.8730570077896118,0.8841339945793152,0.8530449867248535,0.8628339767456055,116690279
2025-06-28,0.895779013633728,0.895779013633728,0.9043660163879396,0.8682659864425659,0.8730570077896118,105156823
2025-06-29,0.9433720111846924,0.9433720111846924,0.9572129845619202,0.8869649767875671,0.895779013633728,115263214
2025-06-30,0.898822009563446,0.898822009563446,0.9448400139808656,0.885899007320404,0.9434030055999756,151221308
2025-07-01,0.8553789854049683,0.8553789854049683,0.901722013950348,0.8458790183067322,0.898822009563446,112811152
2025-07-02,0.9435660243034364,0.9435660243034364,0.9655569791793824,0.848343014717102,0.8551729917526245,207443422
2025-07-03,0.9434149861335754,0.9434149861335754,0.9822620153427124,0.92399799823761,0.943585991859436,184965391
2025-07-04,0.8738170266151428,0.8738170266151428,0.9499070048332214,0.8626909852027893,0.9434149861335754,129607285
2025-07-05,0.8691520094871521,0.8691520094871521,0.886709988117218,0.8573970198631287,0.8738170266151428,79100307
2025-07-06,0.8936300277709961,0.8936300277709961,0.909650981426239,0.8603450059890747,0.8691520094871521,95443091
2025-07-07,0.8718529939651489,0.8718529939651489,0.9082430005073548,0.8602060079574585,0.8936300277709961,100107954
2025-07-08,0.8753269910812378,0.8753269910812378,0.8866509795188904,0.8548060059547424,0.8718529939651489,100610751
2025-07-09,0.9130290150642396,0.9130290150642396,0.9181169867515564,0.860916018486023,0.8753269910812378,160476777
2025-07-10,1.0675350427627563,1.0675350427627563,1.0681250095367432,0.9003689885139465,0.9130290150642396,302322056
2025-07-11,1.041301965713501,1.041301965713501,1.1364840269088743,1.021517038345337,1.0675350427627563,437096600
2025-07-12,1.0279289484024048,1.0279289484024048,1.0554980039596558,0.9953269958496094,1.041301965713501,215828342
2025-07-13,1.045933961868286,1.045933961868286,1.0773639678955078,1.0250760316848757,1.0279289484024048,194503082
2025-07-14,1.0517230033874512,1.0517230033874512,1.1182570457458496,1.0242539644241333,1.045933961868286,301775593
2025-07-15,1.0843100547790527,1.0843100547790527,1.0851629972457886,0.9974290132522584,1.0517230033874512,286619677
2025-07-16,1.1083159446716309,1.1083159446716309,1.1481889486312866,1.0512629747390747,1.0843100547790527,295274064
2025-07-17,1.1069890260696411,1.1069890260696411,1.1302160024642944,1.060305953025818,1.1083159446716309,312865514
2025-07-18,1.1389909982681274,1.1389909982681274,1.2080800533294678,1.1030999422073364,1.1069029569625854,428455590
2025-07-19,1.150799036026001,1.150799036026001,1.182023048400879,1.100242018699646,1.139001965522766,205619322
2025-07-20,1.2255959510803225,1.2255959510803225,1.279373049736023,1.138214945793152,1.150799036026001,368266137
2025-07-21,1.239300012588501,1.239300012588501,1.2873300313949585,1.1977430582046509,1.2255959510803225,336299194
2025-07-22,1.3984869718551636,1.3984869718551636,1.3988579511642456,1.1654740571975708,1.239300012588501,619994325
2025-07-23,1.1753180027008057,1.1753180027008057,1.3985580205917358,1.1299229860305786,1.3984869718551636,559099344
2025-07-24,1.1381779909133911,1.1381779909133911,1.1997220516204834,1.080551028251648,1.1753499507904053,342265116
2025-07-25,1.1655709743499756,1.1655709743499756,1.16723895072937,1.0941109657287598,1.1381779909133911,247273163
2025-07-26,1.1590189933776855,1.1590189933776855,1.180361032485962,1.1535890102386477,1.1655709743499756,149390141
2025-07-27,1.2168309688568115,1.2168309688568115,1.2223520278930664,1.1570669412612915,1.158992052078247,171843456
2025-07-28,1.113327980041504,1.113327980041504,1.236155986785889,1.1124320030212402,1.2168309688568115,259452866
2025-07-29,1.0814199447631836,1.0814199447631836,1.1364010572433472,1.0552510023117063,1.1133860349655151,213656363
2025-07-30,1.0631799697875977,1.0631799697875977,1.083600997924805,1.0206539630889893,1.0814199447631836,204926355
2025-07-31,1.0070500373840332,1.0070500373840332,1.0929089784622192,1.00137197971344,1.0631799697875977,169221645
2025-08-01,0.9663230180740356,0.9663230180740356,1.0070500373840332,0.9405949711799622,1.0070500373840332,241659922
2025-08-02,0.9355499744415284,0.9355499744415284,0.9767919778823853,0.9137750267982484,0.9663230180740356,139767678
2025-08-03,0.974577009677887,0.974577009677887,0.9792690277099608,0.9333149790763856,0.9355499744415284,121116673
2025-08-04,0.9992480278015136,0.9992480278015136,1.0139429569244385,0.9736350178718568,0.974573016166687,161301245
2025-08-05,0.944685995578766,0.944685995578766,0.9995620250701904,0.9251930117607116,0.9992480278015136,199129968
2025-08-06,0.9668009877204896,0.9668009877204896,0.9709429740905762,0.9204670190811156,0.944685995578766,146751459
2025-08-07,1.0246930122375488,1.0246930122375488,1.0258569717407229,0.958050012588501,0.9668009877204896,182895236
2025-08-08,1.0343209505081177,1.0343209505081177,1.0427069664001465,1.0018310546875,1.0246930122375488,168829581
2025-08-09,1.0777820348739624,1.0777820348739624,1.096743941307068,1.0322450399398804,1.0343209505081177,205340598
2025-08-10,1.0811580419540403,1.0811580419540403,1.1037269830703735,1.033310055732727,1.0777859687805176,198465767
2025-08-11,0.9929019808769226,0.9929019808769226,1.108739972114563,0.9807090163230896,1.0811580419540403,243879324
2025-08-12,1.0574380159378052,1.0574380159378052,1.073922038078308,0.9679369926452636,0.9929019808769226,232468158
2025-08-13,1.1187390089035034,1.1187390089035034,1.1387510299682615,1.042227029800415,1.0574380159378052,310218588
2025-08-14,0.998933970928192,0.998933970928192,1.134526014328003,0.9858139753341676,1.1187390089035034,391246673
2025-08-15,0.985929012298584,0.985929012298584,1.0216150283813477,0.9563649892807008,0.998933970928192,208390511
2025-08-16,1.004362940788269,1.004362940788269,1.0089149475097656,0.9731699824333192,0.985929012298584,117695925
2025-08-17,1.0004589557647705,1.0004589557647705,1.0351719856262207,0.994612991809845,1.004362940788269,148772668
2025-08-18,0.9526690244674684,0.9526690244674684,1.0018930435180664,0.9446330070495604,1.0004589557647705,190201745
2025-08-19,0.8995069861412048,0.8995069861412048,0.9652950167655944,0.8991870284080505,0.9526690244674684,186951975
2025-08-20,0.959654986858368,0.959654986858368,0.9644960165023804,0.8967589735984802,0.8995760083198547,190627775
2025-08-21,0.9330130219459534,0.9330130219459534,0.9642869830131532,0.9224560260772704,0.959654986858368,119499122
2025-08-22,1.0257270336151123,1.0257270336151123,1.0276110172271729,0.8964959979057312,0.9330130219459534,243023121
2025-08-23,1.008815050125122,1.008815050125122,1.027359962463379,0.98750102519989,1.0257270336151123,159203282
2025-08-24,0.9708279967308044,0.9708279967308044,1.0261939764022827,0.9553340077400208,1.008787989616394,240256241
2025-08-25,0.8826149702072144,0.8826149702072144,0.9829909801483154,0.8683289885520935,0.9708279967308044,265595719
2025-08-26,0.95244300365448,0.95244300365448,0.9541000127792358,0.8825110197067261,0.8826149702072144,215339575
2025-08-27,0.9319109916687012,0.9319109916687012,0.9655730128288268,0.9317389726638794,0.95244300365448,173854239
2025-08-28,0.959621012210846,0.959621012210846,0.9629290103912354,0.92610102891922,0.9319109916687012,147593576
2025-08-29,0.9054419994354248,0.9054419994354248,0.9617999792099,0.8932600021362305,0.9596019983291626,162425497
2025-08-30,0.9034780263900756,0.9034780263900756,0.9199320077896118,0.889913022518158,0.9054639935493468,81548525
2025-08-31,0.8829270005226135,0.8829270005226135,0.9169710278511048,0.8824300169944763,0.9034780263900756,93020102
2025-09-01,0.8543480038642883,0.8543480038642883,0.9055190086364746,0.8359240293502808,0.8829270005226135,164952546
2025-09-02,0.8881530165672302,0.8881530165672302,0.8903220295906067,0.8526009917259216,0.8543480038642883,123729946
2025-09-03,0.8979880213737488,0.8979880213737488,0.9078919887542723,0.8769869804382324,0.8881530165672302,111383225
2025-09-04,0.8666160106658936,0.8666160106658936,0.9021639823913574,0.8621640205383301,0.8979880213737488,121310345
2025-09-05,0.9164739847183228,0.9164739847183228,0.923205018043518,0.8661689758300781,0.8666399717330933,177949132
2025-09-06,0.9673979878425598,0.9673979878425598,0.9682679772377014,0.9008349776268004,0.9164739847183228,182019667
2025-09-07,1.0329970121383667,1.0329970121383667,1.0727909803390503,0.9548659920692444,0.9673979878425598,482482346
2025-09-08,1.568755030632019,1.568755030632019,1.5730520486831665,1.03172504901886,1.033018946647644,2640030703
2025-09-09,1.929411053657532,1.929411053657532,2.139702081680298,1.5681920051574707,1.5687559843063354,4369508746
2025-09-10,1.8701430559158323,1.8701430559158323,2.0549230575561523,1.7698309421539309,1.9292620420455933,1700613940
2025-09-11,1.654953956604004,1.654953956604004,1.8784209489822388,1.594208002090454,1.87022602558136,915599594
2025-09-12,1.6660699844360352,1.6660699844360352,1.7514920234680176,1.5544999837875366,1.6549290418624878,768640441
2025-09-13,1.6540809869766235,1.6540809869766235,1.7256239652633667,1.5923789739608765,1.6660699844360352,577607842
2025-09-14,1.577327013015747,1.577327013015747,1.733922004699707,1.5683640241622925,1.6540809869766235,765919560
2025-09-15,1.5117870569229126,1.5117870569229126,1.6094130277633667,1.4695680141448977,1.577327013015747,487225164
2025-09-16,1.5131889581680298,1.5131889581680298,1.5998940467834473,1.4925739765167236,1.5117870569229126,430920782
2025-09-17,1.598404049873352,1.598404049873352,1.610376000404358,1.4794540405273438,1.5131640434265137,469787905
2025-09-18,1.605159044265747,1.605159044265747,1.6887929439544678,1.5612330436706543,1.598404049873352,511624641
2025-09-19,1.5114459991455078,1.5114459991455078,1.615203022956848,1.4993250370025637,1.605159044265747,298743814
2025-09-20,1.5044410228729248,1.5044410228729248,1.5351500511169434,1.485537052154541,1.5114459991455078,214265385
2025-09-21,1.469099044799805,1.469099044799805,1.525264024734497,1.4538589715957642,1.5044410228729248,231470686
2025-09-22,1.394155979156494,1.394155979156494,1.4732190370559692,1.3054909706115725,1.4691259860992432,613976722
2025-09-23,1.3052120208740234,1.3052120208740234,1.3956120014190674,1.298563003540039,1.394155979156494,362375500
2025-09-24,1.3543360233306885,1.3543360233306885,1.3612849712371826,1.2612450122833252,1.3052120208740234,261939366
2025-09-25,1.2605119943618774,1.2605119943618774,1.355131983757019,1.234876036643982,1.3543599843978882,359702468
2025-09-26,1.2865339517593384,1.2865339517593384,1.2902859449386597,1.2217819690704346,1.2605140209197998,203091099
2025-09-27,1.2757420539855957,1.2757420539855957,1.3812459707260132,1.2673059701919556,1.2865339517593384,247740881
2025-09-28,1.3301639556884766,1.3301639556884766,1.3444889783859253,1.2407649755477903,1.275833010673523,161425086
2025-09-29,1.2817610502243042,1.2817610502243042,1.3410190343856812,1.2562270164489746,1.3301399946212769,220269683
2025-09-30,1.2444939613342283,1.2444939613342283,1.2856470346450806,1.2032289505004885,1.2817610502243042,184947979
2025-10-01,1.3159140348434448,1.3159140348434448,1.3295270204544067,1.233780026435852,1.2444939613342283,235028150
2025-10-02,1.3527690172195437,1.3527690172195437,1.3653990030288696,1.299517035484314,1.3159140348434448,283154298
2025-10-03,1.3401559591293335,1.3401559591293335,1.400791049003601,1.3171249628067017,1.3527690172195437,337877170
2025-10-04,1.2709050178527832,1.2709050178527832,1.340914964675903,1.2533570528030396,1.3401559591293335,185312414
2025-10-05,1.2558629512786863,1.2558629512786863,1.3226909637451172,1.252964973449707,1.2709029912948608,231918049
2025-10-06,1.3067359924316406,1.3067359924316406,1.3237860202789309,1.246690034866333,1.2557990550994873,237548985
2025-10-07,1.1939899921417236,1.1939899921417236,1.3293349742889404,1.1889690160751345,1.3067359924316406,323270433
2025-10-08,1.2795599699020386,1.2795599699020386,1.2857999801635742,1.1750110387802124,1.1940120458602903,250274144
2025-10-09,1.1999980211257937,1.1999980211257937,1.2795690298080444,1.1796540021896362,1.2795599699020386,222331064
2025-10-10,0.8732600212097168,0.8732600212097168,1.303843975067139,0.3646189868450165,1.199995040893555,872772458
2025-10-11,0.916401982307434,0.916401982307434,0.9924309849739076,0.8631370067596436,0.8732600212097168,502085969
2025-10-12,1.0047930479049685,1.0047930479049685,1.0426959991455078,0.8939459919929504,0.9164549708366394,328665395
2025-10-13,1.0107090473175049,1.0107090473175049,1.0183000564575195,0.9754279851913452,1.0047990083694458,348687315
2025-10-14,0.9584280252456664,0.9584280252456664,1.0144280195236206,0.9119889736175536,1.0107090473175049,259762284
2025-10-15,0.9328020215034484,0.9328020215034484,0.981357991695404,0.9209280014038086,0.9584280252456664,200349133
2025-10-16,0.8972520232200623,0.8972520232200623,0.9585139751434326,0.8893709778785706,0.9328020215034484,231020658
2025-10-17,0.8721519708633423,0.8721519708633423,0.9075000286102296,0.8259320259094238,0.8972520232200623,234535201
2025-10-18,0.8868610262870789,0.8868610262870789,0.8997550010681152,0.8709310293197632,0.8721519708633423,99689845
2025-10-19,0.9123929738998412,0.9123929738998412,0.93094801902771,0.8714789748191833,0.8868610262870789,142121970
2025-10-20,0.9179009795188904,0.9179009795188904,0.9415259957313538,0.8926770091056824,0.9123929738998412,150244082
2025-10-21,0.8887199759483337,0.8887199759483337,0.9638370275497437,0.8799390196800232,0.9179409742355348,219089694
2025-10-22,0.8446850180625916,0.8446850180625916,0.8965619802474976,0.8205050230026245,0.8887199759483337,190595536
2025-10-23,0.8637980222702026,0.8637980222702026,0.8694409728050232,0.84101802110672,0.8446850180625916,169427913
2025-10-24,0.896045982837677,0.896045982837677,0.906708002090454,0.8576040267944336,0.8637980222702026,170458768
2025-10-25,0.8953920006752014,0.8953920006752014,0.900426983833313,0.872573971748352,0.896045982837677,104646385
2025-10-26,0.9487299919128418,0.9487299919128418,0.9571239948272704,0.8796899914741516,0.8953930139541626,213823806
2025-10-27,0.9046369791030884,0.9046369791030884,0.9567810297012328,0.9010319709777832,0.9487299919128418,164608084
2025-10-28,0.8704839944839478,0.8704839944839478,0.9235410094261168,0.858817994594574,0.9046369791030884,151098423
2025-10-29,0.8613010048866272,0.8613010048866272,0.8949499726295471,0.8428980112075806,0.8705490231513977,158700594
2025-10-30,0.7982839941978455,0.7982839941978455,0.8705710172653198,0.7690389752388,0.8612920045852661,189765494
2025-10-31,0.7993540167808533,0.7993540167808533,0.8166170120239258,0.7847340106964111,0.7982839941978455,124002126
2025-11-01,0.8703219890594482,0.8703219890594482,0.8941490054130554,0.7935649752616882,0.7993540167808533,268803473
2025-11-02,0.8438119888305664,0.8438119888305664,0.8724510073661804,0.8226770162582397,0.8704130053520203,127163502
2025-11-03,0.7284700274467468,0.7284700274467468,0.8437849879264832,0.7145320177078247,0.8437849879264832,242903355
2025-11-04,0.7047590017318726,0.7047590017318726,0.737663984298706,0.6612510085105896,0.7285040020942688,265313507
2025-11-05,0.7402129769325256,0.7402129769325256,0.7441359758377075,0.672793984413147,0.7047590017318726,150072707
2025-11-06,0.7039999961853027,0.7039999961853027,0.7402679920196533,0.6921529769897461,0.7402390241622925,122118089
2025-11-07,0.8328700065612793,0.8328700065612793,0.8688780069351196,0.7039420008659363,0.7039999961853027,322690364
2025-11-08,0.816195011138916,0.816195011138916,0.8505679965019226,0.7949140071868896,0.8328700065612793,177093222
2025-11-09,0.8169450163841248,0.8169450163841248,0.8263409733772278,0.7826169729232788,0.816195011138916,145880020
2025-11-10,0.8290150165557861,0.8290150165557861,0.8467919826507568,0.8111940026283264,0.8169450163841248,164175337
2025-11-11,0.7711949944496155,0.7711949944496155,0.8432390093803406,0.7706040143966675,0.8290849924087524,161100835
2025-11-12,0.7610380053520203,0.7610380053520203,0.8143529891967773,0.746724009513855,0.7710919976234436,143933064
2025-11-13,0.7480109930038452,0.7480109930038452,0.8065980076789856,0.7203289866447449,0.7610380053520203,166418233
2025-11-14,0.7037479877471924,0.7037479877471924,0.7480239868164062,0.6943309903144836,0.7480109930038452,175907432
2025-11-15,0.6992869973182678,0.6992869973182678,0.7252219915390015,0.6917939782142639,0.7037479877471924,112602808
2025-11-16,0.6735979914665222,0.6735979914665222,0.7045580148696899,0.655875027179718,0.6992869973182678,143696053
2025-11-17,0.6509580016136169,0.6509580016136169,0.6881719827651978,0.6373410224914551,0.6735979914665222,144532929
2025-11-18,0.686028003692627,0.686028003692627,0.6940749883651733,0.6438140273094177,0.6510760188102722,145336880
2025-11-19,0.6666709780693054,0.6666709780693054,0.6883119940757751,0.6342549920082092,0.686028003692627,126518961
2025-11-20,0.6535120010375977,0.6535120010375977,0.7110880017280579,0.6366689801216125,0.6666709780693054,182241694
2025-11-21,0.5922620296478271,0.5922620296478271,0.6640310287475586,0.5728560090065002,0.6534630060195923,250566580
2025-11-22,0.6049889922142029,0.6049889922142029,0.6110389828681946,0.5853869915008545,0.5922620296478271,124844755
2025-11-23,0.6087120175361633,0.6087120175361633,0.6256440281867981,0.6015560030937195,0.6049889922142029,112079441
2025-11-24,0.6365270018577576,0.6365270018577576,0.6441249847412109,0.5978490114212036,0.6087049841880798,137127797
2025-11-25,0.640887975692749,0.640887975692749,0.6440659761428833,0.61592698097229,0.6365270018577576,100548276
2025-11-26,0.6555799841880798,0.6555799841880798,0.6587899923324585,0.6189020276069641,0.6409279704093933,94562052
2025-11-27,0.6534429788589478,0.6534429788589478,0.668819010257721,0.6449739933013916,0.6555920243263245,95866530
2025-11-28,0.6496610045433044,0.6496610045433044,0.6657090187072754,0.6350749731063843,0.6534439921379089,110453636
2025-11-29,0.6317179799079895,0.6317179799079895,0.6574000120162964,0.6295660138130188,0.6496610045433044,79048728
2025-11-30,0.6248040199279785,0.6248040199279785,0.6436079740524292,0.6241769790649414,0.6317179799079895,79031122
2025-12-01,0.5746510028839111,0.5746510028839111,0.6236280202865601,0.5579559803009033,0.6236280202865601,132471726
2025-12-02,0.6282960176467896,0.6282960176467896,0.661719024181366,0.5682039856910706,0.574658989906311,141829166
2025-12-03,0.6353099942207336,0.6353099942207336,0.6409990191459656,0.6209070086479187,0.6282960176467896,123142864
2025-12-04,0.6196979880332947,0.6196979880332947,0.6429399847984314,0.6176769733428955,0.6353020071983337,85607254
2025-12-05,0.5746430158615112,0.5746430158615112,0.6225510239601135,0.5651699900627136,0.6196950078010559,111363516
2025-12-06,0.577567994594574,0.577567994594574,0.5835490226745605,0.5717369914054871,0.5746350288391113,66105028
2025-12-07,0.5653709769248962,0.5653709769248962,0.5938190221786499,0.5587159991264343,0.577567994594574,90543289
2025-12-08,0.6145079731941223,0.6145079731941223,0.6145079731941223,0.5640900135040283,0.5653790235519409,103771383
2025-12-09,0.6437559723854065,0.6437559723854065,0.6464999914169312,0.5885429978370667,0.6145079731941223,137238532
2025-12-10,0.6172580122947693,0.6172580122947693,0.6514340043067932,0.6164569854736328,0.6437540054321289,106494695
2025-12-11,0.5958939790725708,0.5958939790725708,0.6172580122947693,0.5811169743537903,0.6172580122947693,98700892
2025-12-12,0.5800399780273438,0.5800399780273438,0.6090940237045288,0.5656440258026123,0.5958939790725708,97210104
2025-12-13,0.5941029787063599,0.5941029787063599,0.5998849868774414,0.579122006893158,0.5800399780273438,60265111
2025-12-14,0.5626829862594604,0.5626829862594604,0.594452977180481,0.5591920018196106,0.5941029787063599,76325791
2025-12-15,0.5392410159111023,0.5392410159111023,0.5835729837417603,0.5259259939193726,0.5626869797706604,118076959
2025-12-16,0.5273910164833069,0.5273910164833069,0.5400570034980774,0.5200480222702026,0.5392469763755798,96859447
2025-12-17,0.4963130056858063,0.4963130056858063,0.5432569980621338,0.493937999010086,0.5273910164833069,119241615
2025-12-18,0.4789609909057617,0.4789609909057617,0.5227410197257996,0.4739679992198944,0.4963209927082062,101266738
2025-12-19,0.5223379731178284,0.5223379731178284,0.5277050137519836,0.4761300086975097,0.4789640009403229,85069425
2025-12-20,0.5232250094413757,0.5232250094413757,0.524491012096405,0.5144540071487427,0.522350013256073,54204882
2025-12-21,0.5113109946250916,0.5113109946250916,0.5234749913215637,0.4971039891242981,0.5232250094413757,68293791
2025-12-22,0.5037950277328491,0.5037950277328491,0.5204190015792847,0.4973410069942474,0.5113109946250916,67435335
2025-12-23,0.492680013179779,0.492680013179779,0.5100839734077454,0.486301988363266,0.5037950277328491,71863397
2025-12-24,0.4886910021305084,0.4886910021305084,0.4947330057621002,0.4792569875717163,0.492680013179779,54943228
2025-12-25,0.4790689945220947,0.4790689945220947,0.5030249953269958,0.478408008813858,0.4886650145053863,67645196
2025-12-26,0.491813987493515,0.491813987493515,0.5027139782905579,0.4788500070571899,0.4790689945220947,64806420
2025-12-27,0.5133699774742126,0.5133699774742126,0.5133749842643738,0.4896790087223053,0.4917939901351928,53266558
2025-12-28,0.5045369863510132,0.5045369863510132,0.5139489769935608,0.4996789991855621,0.5134069919586182,61308657
2025-12-29,0.4927850067615509,0.4927850067615509,0.5198330283164978,0.4908539950847626,0.5045369863510132,90850835
2025-12-30,0.4910260140895843,0.4910260140895843,0.5000200271606445,0.4883849918842315,0.4927850067615509,63795666
2025-12-31,0.4807429909706116,0.4807429909706116,0.4942719936370849,0.4703789949417114,0.4910080134868622,71005673
