Date,Adj Close,Close,High,Low,Open,Volume
2023-06-01,31.54210662841797,31.54210662841797,32.32891845703125,31.50100898742676,32.21225357055664,14794348
2023-06-02,32.144683837890625,32.144683837890625,32.23930358886719,31.31542205810547,31.542648315429688,12243209
2023-06-03,32.23459243774414,32.23459243774414,32.33327102661133,31.892333984375,32.14835739135742,11091271
2023-06-04,31.92385673522949,31.92385673522949,32.32061767578125,31.92385673522949,32.234920501708984,12777151
2023-06-05,29.35653114318848,29.35653114318848,31.93641662597656,28.719640731811523,31.92507743835449,25436593
2023-06-06,30.13105010986328,30.13105010986328,30.349571228027344,29.120540618896484,29.35378646850586,22405399
2023-06-07,28.7539005279541,28.7539005279541,30.13346099853516,28.60826110839844,30.13346099853516,18129969
2023-06-08,28.981698989868164,28.981698989868164,29.33840751647949,28.350242614746094,28.75495147705078,14439207
2023-06-09,28.98250770568848,28.98250770568848,29.187009811401367,28.719579696655277,28.98446655273437,13469004
2023-06-10,24.03947639465332,24.03947639465332,29.030452728271484,23.197906494140625,28.98167991638184,53953168
2023-06-11,24.76334381103516,24.76334381103516,25.33856201171875,23.63469696044922,24.04083251953125,20560040
2023-06-12,25.156843185424805,25.156843185424805,25.171424865722656,24.151430130004883,24.760034561157227,20129525
2023-06-13,25.40156936645508,25.40156936645508,25.75275421142578,24.96473693847656,25.159055709838867,21578223
2023-06-14,24.43159866333008,24.43159866333008,25.55875015258789,24.108135223388672,25.40157127380371,20775655
2023-06-15,24.791423797607425,24.791423797607425,25.08180809020996,24.20137405395508,24.4360294342041,14962304
2023-06-16,25.21750259399414,25.21750259399414,25.221254348754883,23.97937393188477,24.78902244567871,17150017
2023-06-17,25.514799118041992,25.514799118041992,26.208778381347656,25.116056442260746,25.21758079528809,16156528
2023-06-18,25.769058227539062,25.769058227539062,26.47826766967773,25.41783905029297,25.515085220336918,15837257
2023-06-19,26.232994079589844,26.232994079589844,26.633201599121094,25.64604759216309,25.77051544189453,17545232
2023-06-20,26.43791389465332,26.43791389465332,26.709033966064453,25.80606460571289,26.23351287841797,24728128
2023-06-21,27.352758407592773,27.352758407592773,27.65993309020996,26.371131896972656,26.435083389282227,25657021
2023-06-22,26.20953941345215,26.20953941345215,28.004756927490234,26.19595718383789,27.348613739013672,22838003
2023-06-23,28.736364364624023,28.736364364624023,29.904464721679688,26.19824981689453,26.20905876159668,32084192
2023-06-24,29.444541931152344,29.444541931152344,29.581077575683597,28.414838790893555,28.736873626708984,22881204
2023-06-25,30.506731033325195,30.506731033325195,31.22296714782715,29.37049102783203,29.43882179260254,26347127
2023-06-26,30.33229255676269,30.33229255676269,31.9770565032959,29.746713638305664,30.50812530517578,28368104
2023-06-27,30.269569396972656,30.269569396972656,30.7910099029541,29.889419555664062,30.33159637451172,20003298
2023-06-28,28.898483276367188,28.898483276367188,30.273561477661133,28.43251609802246,30.27124786376953,23057591
2023-06-29,29.617084503173828,29.617084503173828,30.57438468933105,28.87601852416992,28.89718437194824,22903917
2023-06-30,33.8129997253418,33.8129997253418,34.58565902709961,29.617414474487305,29.618553161621094,66425402
2023-07-01,34.04972076416016,34.04972076416016,34.584129333496094,33.184173583984375,33.81080627441406,37471379
2023-07-02,32.784122467041016,32.784122467041016,34.080528259277344,32.43843078613281,34.04749298095703,22488024
2023-07-03,33.204620361328125,33.204620361328125,34.01518249511719,32.69749069213867,32.78313064575195,28260394
2023-07-04,33.132850646972656,33.132850646972656,33.8138313293457,32.53508758544922,33.20914077758789,22682447
2023-07-05,31.81899642944336,31.81899642944336,34.22603225708008,31.42081642150879,33.13629913330078,38424702
2023-07-06,30.52333068847656,30.52333068847656,33.26893997192383,30.52333068847656,31.812423706054688,27371710
2023-07-07,29.54361343383789,29.54361343383789,31.420026779174805,29.31535148620605,30.522825241088867,28651835
2023-07-08,28.80098533630371,28.80098533630371,29.7147274017334,27.93218421936035,29.544822692871094,26459473
2023-07-09,28.535463333129883,28.535463333129883,29.040266036987305,28.4815731048584,28.80111122131348,16234622
2023-07-10,28.9534854888916,28.9534854888916,29.479394912719727,27.87410926818848,28.53642463684082,22511334
2023-07-11,28.95441246032715,28.95441246032715,29.22001266479492,28.503324508666992,28.94613075256348,16476927
2023-07-12,29.124536514282227,29.124536514282227,29.58797645568848,28.503103256225582,28.954469680786133,18569560
2023-07-13,32.97026824951172,32.97026824951172,32.9931755065918,28.97742080688477,29.137895584106445,36684723
2023-07-14,31.838682174682617,31.838682174682617,33.48122787475586,30.82041931152344,32.96111297607422,32323642
2023-07-15,31.23698616027832,31.23698616027832,32.1987419128418,31.04427719116211,31.836376190185547,18752892
2023-07-16,30.83817481994629,30.83817481994629,31.558778762817383,30.703155517578125,31.241474151611328,17741338
2023-07-17,32.438690185546875,32.438690185546875,32.47048568725586,30.79464340209961,30.840688705444336,25615849
2023-07-18,31.214082717895508,31.214082717895508,32.86834716796875,30.89564514160156,32.43766784667969,20287390
2023-07-19,31.357322692871094,31.357322692871094,31.79351234436035,30.999977111816406,31.215768814086918,15716654
2023-07-20,31.162466049194336,31.162466049194336,31.64835357666016,30.6391716003418,31.35602569580078,20224685
2023-07-21,31.48962783813477,31.48962783813477,31.92304039001465,31.00770568847656,31.16218376159668,25965601
2023-07-22,31.305004119873047,31.305004119873047,32.04850387573242,31.1391716003418,31.487459182739254,15459696
2023-07-23,31.801721572875977,31.801721572875977,32.397647857666016,31.105674743652344,31.30888557434082,17582600
2023-07-24,29.944503784179688,29.944503784179688,31.800153732299805,29.92859268188477,31.800153732299805,22697804
2023-07-25,29.84122085571289,29.84122085571289,30.19841766357422,29.58257293701172,29.93718719482422,14179141
2023-07-26,29.99905586242676,29.99905586242676,30.52078056335449,29.48551368713379,29.841785430908203,16985091
2023-07-27,30.109603881835938,30.109603881835938,30.50906753540039,29.713224411010746,30.00316429138184,12767179
2023-07-28,30.68212509155273,30.68212509155273,30.813329696655277,30.055971145629883,30.11062240600586,14891491
2023-07-29,30.40932846069336,30.40932846069336,30.73369789123535,30.30892944335937,30.68532943725586,13275511
2023-07-30,29.936664581298828,29.936664581298828,30.420093536376957,29.08243560791016,30.409780502319336,16077207
2023-07-31,30.29071617126465,30.29071617126465,30.359901428222656,29.70078468322754,29.930858612060547,19437034
2023-08-01,30.49873161315918,30.49873161315918,30.49873161315918,29.48573875427246,30.290447235107425,23747294
2023-08-02,29.64228630065918,29.64228630065918,30.701879501342773,29.52213859558105,30.496870040893555,27762338
2023-08-03,29.69560813903809,29.69560813903809,29.92877578735352,29.42080307006836,29.64314079284668,28313281
2023-08-04,29.112138748168945,29.112138748168945,29.76744270324707,28.933504104614254,29.69230079650879,21339882
2023-08-05,29.26189994812012,29.26189994812012,29.26249122619629,28.75143814086914,29.10985565185547,21632999
2023-08-06,29.3181095123291,29.3181095123291,29.687610626220703,29.216955184936523,29.261796951293945,26341572
2023-08-07,29.16411399841309,29.16411399841309,29.562170028686523,28.91121482849121,29.317951202392575,31721880
2023-08-08,29.56637382507324,29.56637382507324,29.88747978210449,29.112520217895508,29.16564178466797,27487511
2023-08-09,29.51512908935547,29.51512908935547,29.69615936279297,29.320068359375,29.570457458496094,55887781
2023-08-10,29.444774627685547,29.444774627685547,29.822412490844727,29.39858055114746,29.515687942504883,52130944
2023-08-11,29.58594512939453,29.58594512939453,29.74573135375977,29.33382797241211,29.44473648071289,34865896
2023-08-12,29.20819091796875,29.20819091796875,29.732385635375977,29.123065948486328,29.58574867248535,29842673
2023-08-13,29.971851348876957,29.971851348876957,30.575082778930664,29.142736434936523,29.20661735534668,51278420
2023-08-14,29.63036155700684,29.63036155700684,30.032442092895508,29.48833274841309,29.96800422668457,52314171
2023-08-15,28.094158172607425,28.094158172607425,29.628028869628903,27.37344741821289,29.628028869628903,54886685
2023-08-16,26.648998260498047,26.648998260498047,28.1088924407959,26.18317031860352,28.09526634216309,29652097
2023-08-17,24.37257957458496,24.37257957458496,27.05255508422852,22.643266677856445,26.64838981628418,40563784
2023-08-18,24.42069625854492,24.42069625854492,24.990949630737305,24.24586677551269,24.37724494934082,36004473
2023-08-19,24.8686466217041,24.8686466217041,25.0855655670166,24.35524177551269,24.421724319458008,38700507
2023-08-20,25.129297256469727,25.129297256469727,25.44341278076172,24.716161727905277,24.86881828308105,47039582
2023-08-21,24.84163475036621,24.84163475036621,25.209508895874023,24.33182716369629,25.129230499267575,42073948
2023-08-22,24.97478485107422,24.97478485107422,25.49443244934082,24.398006439208984,24.84682846069336,47402142
2023-08-23,25.47207260131836,25.47207260131836,25.83465385437012,24.66319465637207,24.9759521484375,48132699
2023-08-24,24.72349166870117,24.72349166870117,25.552188873291016,24.15678977966309,25.47317123413086,41249972
2023-08-25,25.0200252532959,25.0200252532959,25.30951499938965,24.34190559387207,24.72586441040039,43281383
2023-08-26,24.86269760131836,24.86269760131836,25.05635070800781,24.729415893554688,25.02093315124512,38775557
2023-08-27,25.049291610717773,25.049291610717773,25.14601707458496,24.60523223876953,24.86463928222656,39909094
2023-08-28,25.333763122558597,25.333763122558597,25.356779098510746,24.807344436645508,25.04960250854492,39255141
2023-08-29,26.397388458251957,26.397388458251957,26.8815975189209,24.75214195251465,25.334333419799805,49721559
2023-08-30,26.212188720703125,26.212188720703125,26.413902282714844,25.549680709838867,26.41001319885254,45270215
2023-08-31,24.73604965209961,24.73604965209961,26.22454261779785,24.52842330932617,26.212291717529297,41626021
2023-09-01,24.2434196472168,24.2434196472168,24.916051864624023,23.68354034423828,24.7354679107666,39940746
2023-09-02,24.70232582092285,24.70232582092285,24.70232582092285,24.0771541595459,24.24438095092773,38584324
2023-09-03,24.774253845214844,24.774253845214844,25.00286293029785,24.63118934631348,24.702823638916016,39051163
2023-09-04,24.51080322265625,24.51080322265625,25.1689567565918,24.210813522338867,24.77272224426269,36339883
2023-09-05,24.63271713256836,24.63271713256836,24.82432746887207,24.35218620300293,24.510066986083984,34415283
2023-09-06,25.091516494750977,25.091516494750977,25.11016082763672,24.57839012145996,24.634552001953125,35918701
2023-09-07,25.280799865722656,25.280799865722656,25.37510681152344,24.71855735778809,25.09059333801269,35987975
2023-09-08,25.006162643432617,25.006162643432617,25.61421585083008,24.82064247131348,25.283361434936523,36503708
2023-09-09,25.34212875366211,25.34212875366211,25.417421340942383,24.955814361572266,25.006383895874023,31707579
2023-09-10,24.79541778564453,24.79541778564453,25.35445785522461,24.34553337097168,25.344545364379883,36639043
2023-09-11,24.543012619018555,24.543012619018555,25.109437942504883,24.03776359558105,24.7947940826416,37522647
2023-09-12,24.785480499267575,24.785480499267575,25.55520439147949,24.5446891784668,24.5446891784668,40730278
2023-09-13,25.358619689941406,25.358619689941406,25.65288543701172,24.77004814147949,24.785430908203125,36411251
2023-09-14,25.329343795776367,25.329343795776367,25.74409294128418,25.18297004699707,25.35660171508789,38773522
2023-09-15,26.078224182128903,26.078224182128903,26.217863082885746,25.240917205810547,25.328067779541016,39339183
2023-09-16,26.045921325683597,26.045921325683597,26.463159561157227,25.89426612854004,26.078020095825195,34107238
2023-09-17,25.454906463623047,25.454906463623047,26.05311584472656,25.260229110717773,26.04542732238769,32498028
2023-09-18,25.433198928833008,25.433198928833008,26.208419799804688,25.302934646606445,25.45468521118164,35709136
2023-09-19,25.82457160949707,25.82457160949707,26.138221740722656,25.314287185668945,25.4329776763916,32932087
2023-09-20,26.12259292602539,26.12259292602539,26.20744514465332,25.736452102661133,25.82454872131348,34550020
2023-09-21,26.085493087768555,26.085493087768555,26.29682731628418,25.670223236083984,26.12166786193848,32736699
2023-09-22,26.68772315979004,26.68772315979004,26.730445861816406,25.95784568786621,26.08418083190918,34447892
2023-09-23,26.614585876464844,26.614585876464844,26.87461471557617,26.490402221679688,26.687145233154297,32789173
2023-09-24,25.867725372314453,25.867725372314453,26.762508392333984,25.85011482238769,26.61605262756348,30931171
2023-09-25,26.132976531982425,26.132976531982425,26.4908447265625,25.7579288482666,25.867610931396484,32748737
2023-09-26,26.213960647583008,26.213960647583008,26.343584060668945,25.841720581054688,26.130634307861328,33059159
2023-09-27,26.031543731689453,26.031543731689453,26.462446212768555,25.881227493286133,26.21271705627441,35126099
2023-09-28,26.42594337463379,26.42594337463379,26.437463760375977,25.94427490234375,26.03110122680664,34466525
2023-09-29,26.714012145996094,26.714012145996094,27.002389907836918,26.4179801940918,26.42692375183105,35962182
2023-09-30,26.93185234069824,26.93185234069824,27.2046012878418,26.573230743408203,26.714256286621094,34796852
2023-10-01,28.06331825256348,28.06331825256348,28.184398651123047,26.90847396850586,26.92985725402832,33661926
2023-10-02,27.304393768310547,27.304393768310547,28.254568099975582,27.08063316345215,28.06103134155273,39477929
2023-10-03,26.915658950805664,26.915658950805664,27.754573822021484,26.74405288696289,27.30154609680176,39276194
2023-10-04,27.146259307861328,27.146259307861328,27.24486351013184,26.17664909362793,26.913633346557617,40237126
2023-10-05,27.15538024902344,27.15538024902344,27.313135147094727,26.846309661865234,27.152971267700195,39176880
2023-10-06,26.741430282592773,26.741430282592773,27.50420379638672,26.72027587890625,27.151838302612305,40797786
2023-10-07,26.987083435058597,26.987083435058597,27.223487854003903,26.633041381835938,26.740522384643555,36002104
2023-10-08,26.20435905456543,26.20435905456543,27.113550186157227,26.09866142272949,26.98821449279785,36018186
2023-10-09,25.596229553222656,25.596229553222656,26.422876358032227,25.031232833862305,26.203920364379883,39613347
2023-10-10,25.48418235778809,25.48418235778809,25.817251205444336,25.240501403808597,25.59344291687012,33929446
2023-10-11,25.12065696716309,25.12065696716309,25.575698852539062,24.72348022460937,25.483787536621094,37053733
2023-10-12,24.55356788635254,24.55356788635254,25.26015853881836,24.55356788635254,25.12006950378418,35687432
2023-10-13,24.96258354187012,24.96258354187012,25.21722984313965,24.45624351501465,24.55357551574707,32774682
2023-10-14,24.96763610839844,24.96763610839844,25.246761322021484,24.951778411865234,24.962787628173828,30561574
2023-10-15,25.15352439880371,25.15352439880371,25.29044532775879,24.927684783935547,24.96717834472656,32527647
2023-10-16,25.65209007263184,25.65209007263184,26.053709030151367,25.153600692749023,25.153600692749023,40440134
2023-10-17,24.6104679107666,24.6104679107666,25.668989181518555,24.502992630004883,25.651098251342773,35838743
2023-10-18,24.77970123291016,24.77970123291016,25.01415061950684,24.542749404907227,24.61090469360352,38712036
2023-10-19,25.004150390625,25.004150390625,25.099666595458984,24.590789794921875,24.776927947998047,38328655
2023-10-20,25.30877685546875,25.30877685546875,25.77574348449707,24.988588333129883,25.005027770996094,40589607
2023-10-21,25.636857986450195,25.636857986450195,25.91557884216309,25.26066780090332,25.30943489074707,38987789
2023-10-22,25.8798942565918,25.8798942565918,25.96743392944336,25.24934196472168,25.63937759399414,38418983
2023-10-23,27.268693923950195,27.268693923950195,27.47199440002441,25.90839958190918,25.9500789642334,51379592
2023-10-24,27.4902458190918,27.4902458190918,28.132396697998047,26.903573989868164,27.26643180847168,54825774
2023-10-25,27.362342834472656,27.362342834472656,27.90530586242676,27.033376693725582,27.497478485107425,44869234
2023-10-26,27.85190773010254,27.85190773010254,28.780855178833008,27.14530372619629,27.362966537475582,51322632
2023-10-27,27.35280036926269,27.35280036926269,27.869747161865234,26.646068572998047,27.84657859802246,42155331
2023-10-28,27.889299392700195,27.889299392700195,28.05221176147461,27.29976272583008,27.35111427307129,39096594
2023-10-29,28.199647903442383,28.199647903442383,28.343446731567383,27.655506134033203,27.88470458984375,44243791
2023-10-30,28.504112243652344,28.504112243652344,28.65277671813965,27.968900680541992,28.20053100585937,43686964
2023-10-31,28.29879379272461,28.29879379272461,28.89761734008789,27.72860336303711,28.505664825439453,56867615
2023-11-01,28.583288192749023,28.583288192749023,28.95347023010254,27.456165313720703,28.29811668395996,54352079
2023-11-02,27.52699089050293,27.52699089050293,29.2554988861084,27.328516006469727,28.592077255249023,54441345
2023-11-03,27.637582778930664,27.637582778930664,27.64302444458008,26.789419174194336,27.52646827697754,51769157
2023-11-04,28.21051597595215,28.21051597595215,28.25192642211914,27.61327362060547,27.637863159179688,48513237
2023-11-05,28.681140899658203,28.681140899658203,28.850252151489254,28.054668426513672,28.208080291748047,49868947
2023-11-06,29.7880859375,29.7880859375,29.838451385498047,28.34520530700684,28.682077407836918,51569383
2023-11-07,29.2700138092041,29.2700138092041,30.149852752685547,28.41632652282715,29.793960571289062,55162393
2023-11-08,30.13380622863769,30.13380622863769,30.276742935180664,29.08064842224121,29.270626068115234,50552336
2023-11-09,29.513633728027344,29.513633728027344,30.95267677307129,27.95052719116211,30.13149070739746,76588454
2023-11-10,30.40462875366211,30.40462875366211,30.56221580505371,29.10051918029785,29.513399124145508,61892699
2023-11-11,30.29990768432617,30.29990768432617,30.706987380981445,29.248180389404297,30.404645919799805,64499785
2023-11-12,31.22574615478516,31.22574615478516,31.58041763305664,29.47251510620117,30.33438873291016,66493711
2023-11-13,29.718965530395508,29.718965530395508,31.739953994750977,29.718965530395508,31.22608757019043,62632343
2023-11-14,29.38654518127441,29.38654518127441,30.418434143066406,28.496074676513672,29.723682403564453,64472722
2023-11-15,30.402727127075195,30.402727127075195,30.5739688873291,29.314268112182617,29.38847923278809,61521650
2023-11-16,29.51219367980957,29.51219367980957,30.94820213317871,29.06858253479004,30.40129852294922,69835651
2023-11-17,29.286075592041016,29.286075592041016,30.280981063842773,28.28016662597656,29.51382064819336,69140295
2023-11-18,28.91100311279297,28.91100311279297,29.320220947265625,27.83491897583008,29.288164138793945,64269115
2023-11-19,29.281476974487305,29.281476974487305,29.311906814575195,28.30324935913086,28.911306381225582,53501131
2023-11-20,28.9395694732666,28.9395694732666,29.621562957763672,28.63750457763672,29.277868270874023,60044002
2023-11-21,26.949857711791992,26.949857711791992,29.265628814697266,26.85440444946289,28.935977935791016,67793256
2023-11-22,28.456228256225582,28.456228256225582,28.68155288696289,26.83702850341797,26.919452667236328,66747904
2023-11-23,28.808185577392575,28.808185577392575,28.85605812072754,28.263961791992188,28.461912155151367,63209387
2023-11-24,29.579753875732425,29.579753875732425,30.141664505004883,28.760801315307617,28.806884765625,65126328
2023-11-25,30.09011459350586,30.09011459350586,30.245332717895508,29.530929565429688,29.582387924194336,65533281
2023-11-26,29.561159133911133,29.561159133911133,30.17735290527344,29.027029037475582,30.090505599975582,57609038
2023-11-27,28.78805160522461,28.78805160522461,29.70064163208008,28.35192108154297,29.557430267333984,59841278
2023-11-28,28.97585105895996,28.97585105895996,29.48932266235352,28.19232177734375,28.78689765930176,69338756
2023-11-29,29.07549476623535,29.07549476623535,29.305103302001957,28.75502014160156,28.97403907775879,64541559
2023-11-30,29.4827823638916,29.4827823638916,29.729326248168945,28.96782875061035,29.07807922363281,60627653
2023-12-01,29.772724151611328,29.772724151611328,29.874208450317383,29.278947830200195,29.476673126220703,60637333
2023-12-02,31.46224021911621,31.46224021911621,31.67367172241211,29.772846221923828,29.772846221923828,60311939
2023-12-03,30.79942512512207,30.79942512512207,32.00411605834961,30.60108757019043,31.462661743164062,78801777
2023-12-04,31.634593963623047,31.634593963623047,31.805200576782227,30.56114387512207,30.798770904541016,78171665
2023-12-05,31.67622184753418,31.67622184753418,32.00316619873047,30.513916015625,31.63603782653809,83046798
2023-12-06,31.131607055664062,31.131607055664062,31.91086769104004,30.65032196044922,31.677387237548828,88276774
2023-12-07,32.03142547607422,32.03142547607422,32.28383255004883,30.960731506347656,31.13663101196289,73779065
2023-12-08,33.41812896728516,33.41812896728516,33.60025405883789,31.84223747253418,32.0312385559082,69195177
2023-12-09,33.42645263671875,33.42645263671875,34.63682174682617,33.27668762207031,33.41825866699219,69084646
2023-12-10,33.56463623046875,33.56463623046875,34.09849166870117,33.03499221801758,33.4278564453125,65350592
2023-12-11,30.341951370239254,30.341951370239254,33.673519134521484,29.42449951171875,33.5674934387207,83402113
2023-12-12,30.994617462158203,30.994617462158203,31.136377334594727,30.224899291992188,30.344417572021484,68028181
2023-12-13,30.63599395751953,30.63599395751953,31.02461814880371,29.66273307800293,30.989200592041016,73597713
2023-12-14,30.58565902709961,30.58565902709961,31.001638412475582,29.967500686645508,30.64009475708008,70117030
2023-12-15,29.495763778686523,29.495763778686523,30.60209846496582,29.48838424682617,30.596681594848636,64237006
2023-12-16,29.94141960144043,29.94141960144043,30.359695434570312,29.355566024780277,29.49706268310547,69473735
2023-12-17,29.721895217895508,29.721895217895508,30.30073356628418,29.52900505065918,29.94309425354004,68124107
2023-12-18,28.920116424560547,28.920116424560547,29.81926918029785,27.84444046020508,29.72101593017578,77396826
2023-12-19,27.84184837341309,27.84184837341309,29.555328369140625,27.559955596923828,28.92220687866211,73288190
2023-12-20,29.107967376708984,29.107967376708984,29.909639358520508,27.708898544311523,27.840803146362305,70981983
2023-12-21,29.974252700805664,29.974252700805664,30.362628936767575,28.9709587097168,29.111814498901367,72612683
2023-12-22,30.407236099243164,30.407236099243164,30.456567764282227,29.66681861877441,29.97702407836914,65172959
2023-12-23,30.36424446105957,30.36424446105957,30.439828872680664,29.723785400390625,30.40333366394043,70065620
2023-12-24,30.15789794921875,30.15789794921875,31.013391494750977,29.699174880981445,30.36404609680176,72364558
2023-12-25,31.26614761352539,31.26614761352539,31.612791061401367,30.06151390075684,30.161840438842773,70234253
2023-12-26,30.35648727416992,30.35648727416992,31.708356857299805,29.387853622436523,31.265304565429688,74980146
2023-12-27,31.77129173278809,31.77129173278809,32.164188385009766,29.34941291809082,30.354734420776367,78710053
2023-12-28,31.90668296813965,31.90668296813965,32.7000732421875,31.570756912231445,31.778358459472656,76357139
2023-12-29,28.68631935119629,28.68631935119629,32.033546447753906,28.210813522338867,31.900724411010746,109959445
2023-12-30,28.7077751159668,28.7077751159668,29.04994201660156,28.258018493652344,28.68386459350586,71843218
2023-12-31,26.904693603515625,26.904693603515625,28.783470153808597,26.75874137878418,28.70309829711914,68436753
2024-01-01,27.826602935791016,27.826602935791016,27.87169075012207,26.55664825439453,26.9256591796875,71106557
2024-01-02,27.593759536743164,27.593759536743164,28.310529708862305,27.211027145385746,27.867366790771484,65744135
2024-01-03,25.0543155670166,25.0543155670166,28.214937210083008,23.521970748901367,27.59457015991211,67193286
2024-01-04,24.236007690429688,24.236007690429688,25.35651588439941,24.13273048400879,25.0540714263916,73740723
2024-01-05,23.564817428588867,23.564817428588867,24.38312530517578,23.003297805786133,24.23632431030273,66445008
2024-01-06,23.04068756103516,23.04068756103516,23.575414657592773,22.33213233947754,23.56555557250977,59400192
2024-01-07,22.056127548217773,22.056127548217773,23.3677978515625,21.90667152404785,23.0408992767334,51772301
2024-01-08,21.39451789855957,21.39451789855957,22.07621192932129,20.631792068481445,22.0556583404541,43330337
2024-01-09,19.625741958618164,19.625741958618164,21.433631896972656,18.93076515197754,21.39756965637207,75796830
2024-01-10,22.23536491394043,22.23536491394043,22.56730842590332,19.610034942626957,19.632892608642575,83978882
2024-01-11,24.45722198486328,24.45722198486328,24.638792037963867,22.052255630493164,22.24190902709961,91280271
2024-01-12,23.779102325439453,23.779102325439453,25.4655876159668,22.93146133422852,24.468509674072266,78617420
2024-01-13,23.37175941467285,23.37175941467285,23.87136459350586,22.975061416625977,23.7639217376709,60631946
2024-01-14,22.72046661376953,22.72046661376953,24.07379913330078,22.705467224121094,23.37282943725586,57333730
2024-01-15,23.634477615356445,23.634477615356445,24.466331481933597,22.71754646301269,22.71754646301269,41846524
2024-01-16,23.152074813842773,23.152074813842773,23.78403854370117,22.857881546020508,23.63387680053711,56960282
2024-01-17,22.90492057800293,22.90492057800293,23.40443420410156,22.62168502807617,23.15555763244629,56761151
2024-01-18,22.46847343444824,22.46847343444824,23.249134063720703,21.93621635437012,22.906042098999023,58848884
2024-01-19,23.54812240600586,23.54812240600586,23.620929718017575,21.75189208984375,22.46942138671875,61462167
2024-01-20,23.570594787597656,23.570594787597656,23.95807838439941,23.24348258972168,23.54872703552246,55103951
2024-01-21,23.339906692504883,23.339906692504883,24.204883575439453,23.303316116333008,23.576128005981445,57341753
2024-01-22,22.200984954833984,22.200984954833984,23.431020736694336,22.14528083801269,23.34859275817871,58814629
2024-01-23,21.424129486083984,21.424129486083984,22.51129913330078,20.594900131225582,22.200984954833984,57989014
2024-01-24,21.936016082763672,21.936016082763672,22.37903213500977,21.329242706298828,21.42383575439453,57323354
2024-01-25,22.381486892700195,22.381486892700195,22.487451553344727,21.73392677307129,21.93680763244629,55377859
2024-01-26,22.71014213562012,22.71014213562012,22.843645095825195,22.06831169128418,22.37924194335937,57504922
2024-01-27,22.73872947692871,22.73872947692871,22.86277961730957,22.302221298217773,22.70406913757324,52800889
2024-01-28,22.166616439819336,22.166616439819336,22.95503044128418,21.86508178710937,22.740140914916992,52070370
2024-01-29,22.996585845947266,22.996585845947266,23.001903533935547,22.1069393157959,22.16573143005371,55567622
2024-01-30,22.56620407104492,22.56620407104492,23.211143493652344,22.495744705200195,22.996585845947266,54495895
2024-01-31,21.70331382751465,21.70331382751465,22.73223114013672,21.3701171875,22.56891250610352,53828999
2024-02-01,21.699989318847656,21.699989318847656,21.82282447814941,21.254045486450195,21.700693130493164,43918630
2024-02-02,22.03791618347168,22.03791618347168,22.076513290405277,21.644983291625977,21.69911766052246,46672157
2024-02-03,22.068822860717773,22.068822860717773,22.214622497558597,21.91216278076172,22.042856216430664,42256759
2024-02-04,21.39683151245117,21.39683151245117,22.096248626708984,21.3436336517334,22.06949615478516,39799013
2024-02-05,21.344314575195312,21.344314575195312,21.65485572814941,21.1145076751709,21.39897918701172,45453741
2024-02-06,19.2669677734375,19.2669677734375,21.52245140075684,19.25032615661621,21.34611701965332,59252539
2024-02-07,20.86329841613769,20.86329841613769,20.93988609313965,19.13422393798828,19.257524490356445,52710841
2024-02-08,20.865591049194336,20.865591049194336,20.888879776000977,20.51295280456543,20.85896110534668,47398729
2024-02-09,21.11543846130371,21.11543846130371,21.186674118041992,20.70858764648437,20.865591049194336,55547684
2024-02-10,20.895153045654297,20.895153045654297,21.20763397216797,20.44527244567871,21.11951065063477,47605284
2024-02-11,20.321378707885746,20.321378707885746,21.284082412719727,20.257266998291016,20.89196014404297,44625105
2024-02-12,21.115652084350582,21.115652084350582,21.167570114135746,20.06977081298828,20.32450485229492,48050117
2024-02-13,20.84769630432129,20.84769630432129,21.190134048461918,20.29864883422852,21.106599807739254,55458958
2024-02-14,21.29884147644043,21.29884147644043,21.384735107421875,20.646671295166016,20.84658432006836,52737845
2024-02-15,22.33247184753418,22.33247184753418,22.349401473999023,21.228086471557617,21.29936790466309,61992014
2024-02-16,22.682767868041992,22.682767868041992,22.91395378112793,22.13773727416992,22.329998016357425,57525742
2024-02-17,24.932985305786133,24.932985305786133,24.934419631958008,22.50014305114746,22.68572235107422,81975018
2024-02-18,25.606725692749023,25.606725692749023,26.912738800048828,24.665224075317383,24.913545608520508,91050606
2024-02-19,26.849294662475582,26.849294662475582,27.188291549682617,25.18868064880371,25.609458923339844,79160672
2024-02-20,24.82068634033203,24.82068634033203,27.27795791625977,23.678794860839844,26.850675582885746,88910547
2024-02-21,24.50527572631836,24.50527572631836,25.086620330810547,23.526416778564453,24.81757926940918,77273006
2024-02-22,26.72903060913086,26.72903060913086,29.38205909729004,23.766908645629883,24.505451202392575,122285492
2024-02-23,26.852109909057617,26.852109909057617,27.827392578125,26.193988800048828,26.728290557861328,87884658
2024-02-24,27.953937530517575,27.953937530517575,28.072378158569336,26.8515739440918,26.8515739440918,73794413
2024-02-25,27.71567916870117,27.71567916870117,28.15401268005371,27.38032913208008,27.95478057861328,68646279
2024-02-26,28.10769271850586,28.10769271850586,28.9152889251709,27.671266555786133,27.71609687805176,72221345
2024-02-27,28.74269676208496,28.74269676208496,29.948347091674805,28.05907821655273,28.10613822937012,88790862
2024-02-28,28.43626976013184,28.43626976013184,29.61029052734375,26.209266662597656,28.744911193847656,115475043
2024-02-29,27.87248420715332,27.87248420715332,30.27745819091797,27.108022689819336,28.4298095703125,115241519
2024-03-01,29.60205078125,29.60205078125,29.66270065307617,27.878721237182617,27.878721237182617,85733543
2024-03-02,33.23807907104492,33.23807907104492,33.26039505004883,29.401630401611328,29.603992462158203,104419516
2024-03-03,31.626361846923828,31.626361846923828,33.217586517333984,30.53796768188477,33.217586517333984,104645437
2024-03-04,32.68633270263672,32.68633270263672,33.18428421020508,30.95111656188965,31.62767219543457,110406657
2024-03-05,30.30698776245117,30.30698776245117,34.92243576049805,27.68529319763184,32.68385314941406,141977481
2024-03-06,33.00763320922852,33.00763320922852,33.00763320922852,29.185392379760746,30.30652236938477,133427771
2024-03-07,34.12896728515625,34.12896728515625,34.50413513183594,32.69261169433594,33.00763320922852,122114219
2024-03-08,34.695438385009766,34.695438385009766,34.98489761352539,33.02446365356445,34.12858581542969,121826508
2024-03-09,34.284385681152344,34.284385681152344,35.5859375,33.84931182861328,34.695438385009766,111387094
2024-03-10,33.719085693359375,33.719085693359375,34.83076095581055,32.3620491027832,34.28440475463867,119028676
2024-03-11,34.82969284057617,34.82969284057617,35.10371398925781,32.44009780883789,33.71864318847656,111637515
2024-03-12,34.17911911010742,34.17911911010742,35.08995819091797,31.7111930847168,34.82969284057617,89236124
2024-03-13,34.915000915527344,34.915000915527344,35.60249710083008,33.14357376098633,34.17911911010742,98793227
2024-03-14,34.132137298583984,34.132137298583984,35.44411849975586,32.0912971496582,34.915000915527344,97260579
2024-03-15,31.442951202392575,31.442951202392575,35.00054931640625,29.624526977539062,34.132137298583984,101653869
2024-03-16,29.099082946777344,29.099082946777344,32.09137344360352,28.30600357055664,31.442951202392575,85122478
2024-03-17,29.235918045043945,29.235918045043945,29.837995529174805,27.335866928100582,29.099082946777344,83924016
2024-03-18,27.58251190185547,27.58251190185547,29.455530166625977,26.965694427490234,29.235918045043945,82622541
2024-03-19,25.00223159790039,25.00223159790039,27.75326919555664,24.4252872467041,27.581031799316406,87968090
2024-03-20,28.351882934570312,28.351882934570312,28.496356964111328,24.39729118347168,25.00223159790039,88543735
2024-03-21,29.37198257446289,29.37198257446289,29.84914970397949,28.26298141479492,28.351882934570312,76096457
2024-03-22,28.72202682495117,28.72202682495117,29.63054847717285,27.870960235595703,29.373193740844727,66808251
2024-03-23,28.69251823425293,28.69251823425293,29.49565315246582,28.323692321777344,28.72202682495117,63642381
2024-03-24,29.774646759033203,29.774646759033203,29.872360229492188,28.650798797607425,28.69251823425293,61580347
2024-03-25,30.31367492675781,30.31367492675781,30.695024490356445,29.568416595458984,29.774646759033203,74625909
2024-03-26,31.62567901611328,31.62567901611328,31.833011627197266,30.31119728088379,30.31367492675781,77377398
2024-03-27,30.98909568786621,30.98909568786621,31.97834014892578,29.8801326751709,31.62567901611328,70240780
2024-03-28,30.78126335144043,30.78126335144043,31.657365798950195,30.369115829467773,30.98909568786621,62690807
2024-03-29,30.685302734375,30.685302734375,31.41354179382324,30.01667213439941,30.78091812133789,63284242
2024-03-30,30.085065841674805,30.085065841674805,30.85972595214844,29.85247802734375,30.68528175354004,54320273
2024-03-31,30.45420455932617,30.45420455932617,30.717897415161133,30.038423538208008,30.085065841674805,59155935
2024-04-01,28.98663330078125,28.98663330078125,30.511173248291016,28.005258560180664,30.45420455932617,72864779
2024-04-02,27.65733337402344,27.65733337402344,28.987045288085938,27.033954620361328,28.98663330078125,71330481
2024-04-03,27.196348190307617,27.196348190307617,28.40740394592285,26.75400733947754,27.65733337402344,63649289
2024-04-04,27.667638778686523,27.667638778686523,28.203693389892575,26.896408081054688,27.196348190307617,64644974
2024-04-05,27.299217224121094,27.299217224121094,27.714719772338867,26.584665298461918,27.667638778686523,58507742
2024-04-06,27.512380599975582,27.512380599975582,27.83562469482422,27.221853256225582,27.299217224121094,47700266
2024-04-07,27.84943008422852,27.84943008422852,28.08805084228516,27.45125961303711,27.512380599975582,58089791
2024-04-08,28.515363693237305,28.515363693237305,28.670446395874023,27.36529922485352,27.84943008422852,57804026
2024-04-09,27.63168716430664,27.63168716430664,28.794713973999023,27.50703239440918,28.515363693237305,59011874
2024-04-10,27.042329788208008,27.042329788208008,27.761627197265625,26.321020126342773,27.63168716430664,56947956
2024-04-11,26.541133880615234,26.541133880615234,27.20072364807129,26.38411521911621,27.042329788208008,56061716
2024-04-12,23.2742862701416,23.2742862701416,27.00006103515625,21.57673072814941,26.541133880615234,70722333
2024-04-13,20.50204849243164,20.50204849243164,23.859546661376957,18.110004425048828,23.2742862701416,72974977
2024-04-14,21.95847511291504,21.95847511291504,22.11768913269043,19.884483337402344,20.496570587158203,69039044
2024-04-15,21.236160278320312,21.236160278320312,22.93699073791504,20.520299911499023,21.95847511291504,54317886
2024-04-16,21.41949844360352,21.41949844360352,21.794553756713867,20.489131927490234,21.236160278320312,50442415
2024-04-17,21.045616149902344,21.045616149902344,21.556625366210938,20.13372039794922,21.419479370117188,51905051
2024-04-18,22.03777313232422,22.03777313232422,22.13160514831543,20.489002227783203,21.045616149902344,53165139
2024-04-19,22.274477005004883,22.274477005004883,22.855697631835938,20.328445434570312,22.03777313232422,56995165
2024-04-20,23.23243522644043,23.23243522644043,23.40543556213379,21.99050521850586,22.274513244628903,45108048
2024-04-21,22.713594436645508,22.713594436645508,23.5594539642334,22.4751091003418,23.23243522644043,47646902
2024-04-22,24.322893142700195,24.322893142700195,24.5158634185791,22.686094284057617,22.713594436645508,50583464
2024-04-23,23.94845199584961,23.94845199584961,24.440046310424805,23.627153396606445,24.322893142700195,50717764
2024-04-24,22.881759643554688,22.881759643554688,24.424264907836918,22.637283325195312,23.94845199584961,49378127
2024-04-25,23.37054252624512,23.37054252624512,23.55796813964844,22.359025955200195,22.88384437561035,49137268
2024-04-26,22.88431167602539,22.88431167602539,23.3779296875,22.61562728881836,23.37054252624512,43984518
2024-04-27,23.207778930664062,23.207778930664062,23.235782623291016,22.28903579711914,22.88431167602539,44659486
2024-04-28,22.463350296020508,22.463350296020508,23.5937614440918,22.418611526489254,23.207778930664062,43843420
2024-04-29,22.37031364440918,22.37031364440918,22.69157218933105,21.84917259216309,22.463350296020508,49193336
2024-04-30,21.37674331665039,21.37674331665039,22.52370262145996,20.60955047607422,22.37031364440918,41931191
2024-05-01,22.24585723876953,22.24585723876953,22.28246688842773,20.24588394165039,21.37674331665039,46378830
2024-05-02,22.770755767822266,22.770755767822266,23.05124282836914,21.617504119873047,22.24585723876953,44652179
2024-05-03,23.026878356933597,23.026878356933597,23.405874252319336,22.24557876586914,22.770755767822266,45502452
2024-05-04,23.102989196777344,23.102989196777344,23.322566986083984,22.78830909729004,23.026878356933597,42417555
2024-05-05,23.093664169311523,23.093664169311523,23.307222366333008,22.66917991638184,23.102989196777344,41886231
2024-05-06,22.870790481567383,22.870790481567383,24.86082649230957,22.86448097229004,23.09364891052246,46364814
2024-05-07,22.48300170898437,22.48300170898437,23.27206420898437,22.421823501586918,22.870790481567383,42330829
2024-05-08,23.479854583740234,23.479854583740234,23.63898086547852,22.286348342895508,22.48300170898437,45308888
2024-05-09,23.46822738647461,23.46822738647461,23.80422019958496,22.910985946655277,23.479854583740234,47154954
2024-05-10,22.87454032897949,22.87454032897949,24.06510734558105,22.726787567138672,23.46839904785156,48795512
2024-05-11,22.743309020996094,22.743309020996094,23.20844078063965,22.562238693237305,22.87454032897949,39748244
2024-05-12,22.627939224243164,22.627939224243164,23.135936737060547,22.602392196655277,22.743309020996094,40574895
2024-05-13,22.20039939880371,22.20039939880371,22.87052154541016,21.67724609375,22.627939224243164,42670990
2024-05-14,21.923065185546875,21.923065185546875,22.550220489501957,21.856359481811523,22.20039939880371,41253628
2024-05-15,23.245460510253903,23.245460510253903,23.372222900390625,21.91715431213379,21.923065185546875,49865615
2024-05-16,23.71422576904297,23.71422576904297,23.77775764465332,22.902423858642575,23.24003791809082,48165013
2024-05-17,23.60559463500977,23.60559463500977,23.902080535888672,23.247743606567383,23.71421432495117,46416668
2024-05-18,23.54230499267578,23.54230499267578,23.71484375,23.21030616760254,23.60559463500977,42469309
2024-05-19,23.27164649963379,23.27164649963379,23.824485778808597,22.992061614990234,23.54230499267578,47513620
2024-05-20,25.010499954223636,25.010499954223636,25.040576934814453,23.054018020629883,23.27164649963379,54880149
2024-05-21,24.56485366821289,24.56485366821289,25.440040588378903,24.24415397644043,25.01030158996582,54084258
2024-05-22,24.70294570922852,24.70294570922852,24.916757583618164,24.149433135986328,24.56485366821289,44833346
2024-05-23,25.26414680480957,25.26414680480957,25.297822952270508,23.512643814086918,24.70294570922852,55903403
2024-05-24,27.735050201416016,27.735050201416016,27.735246658325195,25.2585563659668,25.26414680480957,71739147
2024-05-25,26.89959526062012,26.89959526062012,27.776382446289062,26.531612396240234,27.735050201416016,41834602
2024-05-26,26.518291473388672,26.518291473388672,27.13274383544922,26.223712921142575,26.89959526062012,18906711
2024-05-27,26.974838256835938,26.974838256835938,28.08174133300781,26.313573837280277,26.518291473388672,49044482
2024-05-28,26.603376388549805,26.603376388549805,27.00924491882324,26.182430267333984,26.974838256835938,47608758
2024-05-29,26.809770584106445,26.809770584106445,27.37670516967773,26.34478759765625,26.603376388549805,47042339
2024-05-30,26.68028259277344,26.68028259277344,27.18948173522949,26.202808380126957,26.80984878540039,51853582
2024-05-31,26.911434173583984,26.911434173583984,27.050106048583984,26.382736206054688,26.68028259277344,46022415
2024-06-01,26.82942008972168,26.82942008972168,27.01255798339844,26.372825622558597,26.911434173583984,45200156
2024-06-02,26.365123748779297,26.365123748779297,27.30047607421875,26.23231506347656,26.82938003540039,47178632
2024-06-03,25.485740661621094,25.485740661621094,26.794967651367188,25.343921661376957,26.365123748779297,51909073
2024-06-04,27.514514923095703,27.514514923095703,28.37433433532715,25.1856746673584,25.485740661621094,61997816
2024-06-05,26.50568962097168,26.50568962097168,27.737768173217773,26.414257049560547,27.514514923095703,52839366
2024-06-06,26.71926689147949,26.71926689147949,27.300743103027344,26.051952362060547,26.505897521972656,46190447
2024-06-07,24.93180656433105,24.93180656433105,26.973388671875,23.400785446166992,26.71926689147949,54773882
2024-06-08,22.988924026489254,22.988924026489254,25.25013542175293,22.88848114013672,24.92320251464844,58641498
2024-06-09,23.7410831451416,23.7410831451416,23.741575241088867,22.957918167114254,22.98760223388672,96748054
2024-06-10,23.556516647338867,23.556516647338867,24.35821914672852,23.32476043701172,23.741174697875977,99545448
2024-06-11,22.781843185424805,22.781843185424805,23.73096466064453,22.066822052001957,23.55659294128418,99310655
2024-06-12,23.567089080810547,23.567089080810547,23.97974967956543,22.430391311645508,22.78217887878418,63633348
2024-06-13,22.821346282958984,22.821346282958984,23.784517288208008,22.6991024017334,23.567359924316406,56452689
2024-06-14,22.751691818237305,22.751691818237305,23.68190574645996,22.20511817932129,22.81575965881348,52493231
2024-06-15,22.64286422729492,22.64286422729492,23.04060935974121,22.43468475341797,22.751251220703125,45818543
2024-06-16,22.85330581665039,22.85330581665039,23.039766311645508,22.37623786926269,22.64434814453125,41942072
2024-06-17,21.724197387695312,21.724197387695312,23.01177024841309,21.36727523803711,22.856342315673828,47599945
2024-06-18,20.496309280395508,20.496309280395508,21.76787376403809,19.53618049621582,21.72071647644043,55790684
2024-06-19,20.04249382019043,20.04249382019043,21.29525375366211,19.768274307250977,20.495685577392575,45170026
2024-06-20,20.002668380737305,20.002668380737305,20.72146415710449,19.793275833129883,20.04249382019043,34824671
2024-06-21,20.04863166809082,20.04863166809082,20.401058197021484,19.646514892578125,20.003297805786133,42889509
2024-06-22,20.027189254760746,20.027189254760746,20.13494682312012,19.810550689697266,20.051145553588867,38104598
2024-06-23,19.555849075317383,19.555849075317383,21.227006912231445,19.487531661987305,20.02166557312012,36190908
2024-06-24,19.792068481445312,19.792068481445312,19.876914978027344,19.12135505676269,19.55453872680664,46620588
2024-06-25,20.15439987182617,20.15439987182617,20.348047256469727,19.497262954711918,19.79570960998535,40570060
2024-06-26,19.90471839904785,19.90471839904785,20.43195533752441,19.54215431213379,20.1536922454834,31483545
2024-06-27,20.84279060363769,20.84279060363769,20.905292510986328,19.763341903686523,19.9019832611084,39959695
2024-06-28,20.604795455932617,20.604795455932617,21.160764694213867,20.602622985839844,20.843725204467773,42249269
2024-06-29,20.213571548461918,20.213571548461918,20.821977615356445,20.176029205322266,20.609697341918945,33715085
2024-06-30,20.87279319763184,20.87279319763184,20.904033660888672,19.830272674560547,20.21355628967285,42473894
2024-07-01,20.72786903381348,20.72786903381348,21.269983291625977,20.268672943115234,20.87859916687012,41413677
2024-07-02,20.758989334106445,20.758989334106445,20.78521156311035,20.418195724487305,20.712535858154297,37856692
2024-07-03,20.74460792541504,20.74460792541504,20.94627952575684,19.920799255371094,20.760799407958984,44761523
2024-07-04,18.352703094482425,18.352703094482425,20.825109481811523,18.34974670410156,20.736103057861328,47419586
2024-07-05,18.293577194213867,18.293577194213867,18.36963653564453,16.00467872619629,18.347490310668945,56943022
2024-07-06,19.840656280517575,19.840656280517575,20.00104713439941,18.24959373474121,18.292110443115234,38256381
2024-07-07,18.66809463500977,18.66809463500977,20.16401481628418,18.57403564453125,19.83784484863281,45789776
2024-07-08,20.48626136779785,20.48626136779785,20.48626136779785,17.75979232788086,18.674148559570312,52197162
2024-07-09,22.61253547668457,22.61253547668457,22.98084259033203,20.364843368530277,20.48350715637207,69679154
2024-07-10,23.422849655151367,23.422849655151367,23.475736618041992,22.298770904541016,22.612518310546875,61346643
2024-07-11,24.236299514770508,24.236299514770508,24.319734573364254,22.989171981811523,23.419551849365234,58169041
2024-07-12,24.04059410095215,24.04059410095215,24.33799934387207,23.38840103149414,24.235572814941406,53362389
2024-07-13,26.762134552001957,26.762134552001957,27.01494407653809,23.95033836364746,24.04901123046875,70137431
2024-07-14,29.2934684753418,29.2934684753418,29.981914520263672,26.651519775390625,26.76704216003418,92943678
2024-07-15,28.26293182373047,28.26293182373047,29.98549461364746,28.24237632751465,29.312915802001957,77891459
2024-07-16,30.32826042175293,30.32826042175293,32.1086540222168,27.7995548248291,28.24099540710449,105438423
2024-07-17,31.163795471191406,31.163795471191406,32.402957916259766,29.93553924560547,30.30367088317871,82409029
2024-07-18,30.667320251464844,30.667320251464844,32.07839584350586,30.3364315032959,31.16356086730957,82454510
2024-07-19,29.56151008605957,29.56151008605957,31.508176803588867,29.065937042236328,30.681432723999023,76656571
2024-07-20,29.6477108001709,29.6477108001709,29.91377067565918,28.855199813842773,29.56151008605957,61416845
2024-07-21,31.9813289642334,31.9813289642334,32.58009338378906,29.422344207763672,29.6477108001709,99951346
2024-07-22,30.36894416809082,30.36894416809082,32.33121871948242,30.331249237060547,31.9813289642334,286921774
2024-07-23,29.72846031188965,29.72846031188965,31.45882225036621,29.50592041015625,30.36894416809082,68341369
2024-07-24,30.049840927124023,30.049840927124023,30.42276954650879,29.342472076416016,29.72649383544922,60455310
2024-07-25,30.22024726867676,30.22024726867676,30.44362449645996,28.274730682373047,30.049840927124023,80460169
2024-07-26,32.53010559082031,32.53010559082031,32.86221694946289,30.17397689819336,30.22024726867676,81238602
2024-07-27,31.665748596191406,31.665748596191406,32.53494644165039,30.801729202270508,32.53010559082031,71701204
2024-07-28,32.0660514831543,32.0660514831543,32.96658706665039,31.13603782653809,31.665748596191406,74092442
2024-07-29,33.01543045043945,33.01543045043945,33.51791763305664,31.566198348999023,32.0660514831543,81079345
2024-07-30,32.21244430541992,32.21244430541992,33.48427200317383,31.346508026123047,33.01543045043945,74117721
2024-07-31,33.66474151611328,33.66474151611328,33.678680419921875,31.0240421295166,32.21244430541992,79751525
2024-08-01,32.45149230957031,32.45149230957031,33.67179870605469,30.63391494750977,33.66474151611328,80396719
2024-08-02,32.61457443237305,32.61457443237305,34.33744430541992,29.404090881347656,32.45149230957031,91484280
2024-08-03,31.84495735168457,31.84495735168457,34.43998718261719,31.704158782958984,32.61457443237305,98987244
2024-08-04,30.841028213500977,30.841028213500977,32.538841247558594,30.19893264770508,31.84495735168457,68735467
2024-08-05,30.156370162963867,30.156370162963867,31.91417694091797,25.64982414245605,30.841028213500977,127948784
2024-08-06,31.807382583618164,31.807382583618164,32.714603424072266,29.177654266357425,30.156152725219727,86497968
2024-08-07,32.393428802490234,32.393428802490234,33.95756912231445,31.218164443969727,31.807382583618164,91975698
2024-08-08,35.912113189697266,35.912113189697266,36.3875617980957,31.633283615112305,32.393428802490234,94519586
2024-08-09,40.78422164916992,40.78422164916992,40.79161834716797,35.39095687866211,35.912113189697266,136452222
2024-08-10,41.30157470703125,41.30157470703125,41.735008239746094,40.38179397583008,40.78422164916992,93295001
2024-08-11,41.12996673583984,41.12996673583984,41.67207717895508,39.44231033325195,41.30177307128906,95541530
2024-08-12,43.50475311279297,43.50475311279297,43.736793518066406,40.10308456420898,41.12996673583984,103664311
2024-08-13,43.01409530639648,43.01409530639648,43.856571197509766,40.260040283203125,43.50475311279297,97471999
2024-08-14,42.29930877685547,42.29930877685547,45.06988143920898,42.20494842529297,43.01409530639648,94471415
2024-08-15,42.73959732055664,42.73959732055664,43.08692169189453,40.64369583129883,42.29930877685547,85243114
2024-08-16,42.32156753540039,42.32156753540039,42.92799377441406,41.57342529296875,42.73959732055664,76074665
2024-08-17,43.58633041381836,43.58633041381836,44.28839111328125,41.85886764526367,42.32156753540039,73599795
2024-08-18,42.75476837158203,42.75476837158203,44.17021179199219,42.21438217163086,43.58492660522461,75599641
2024-08-19,41.96021270751953,41.96021270751953,43.45690155029297,41.02788543701172,42.75276947021485,80860160
2024-08-20,41.56571960449219,41.56571960449219,42.49938583374024,41.23620223999024,41.96021270751953,78738856
2024-08-21,41.478702545166016,41.478702545166016,42.98603057861328,41.00948715209961,41.56571960449219,76638345
2024-08-22,41.422760009765625,41.422760009765625,42.09370803833008,41.15348815917969,41.478702545166016,71132754
2024-08-23,42.44936752319336,42.44936752319336,42.45159530639648,39.80172348022461,41.422760009765625,83291501
2024-08-24,43.01649475097656,43.01649475097656,44.3344612121582,41.08525466918945,42.44936752319336,79017717
2024-08-25,39.8086051940918,39.8086051940918,43.024635314941406,39.76136779785156,43.01649475097656,76925283
2024-08-26,36.790157318115234,36.790157318115234,41.10340881347656,36.499290466308594,39.8086051940918,77763995
2024-08-27,35.57517623901367,35.57517623901367,37.21422958374024,35.02820587158203,36.790157318115234,69381095
2024-08-28,33.55805969238281,33.55805969238281,35.74224853515625,32.629150390625,35.57517623901367,71952607
2024-08-29,33.27426528930664,33.27426528930664,34.54616165161133,32.97104263305664,33.55805969238281,65780972
2024-08-30,33.07578659057617,33.07578659057617,33.45817565917969,32.01044845581055,33.27426528930664,69527591
2024-08-31,32.211387634277344,32.211387634277344,33.09246063232422,32.06575012207031,33.07578659057617,61560560
2024-09-01,29.41118049621582,29.41118049621582,32.507904052734375,29.1562614440918,32.211387634277344,63941839
2024-09-02,29.56616973876953,29.56616973876953,29.746206283569336,28.39602279663086,29.41118049621582,63901418
2024-09-03,28.724950790405277,28.724950790405277,30.360153198242188,28.724950790405277,29.56616973876953,55442598
2024-09-04,29.614755630493164,29.614755630493164,29.98221206665039,27.63802146911621,28.72378921508789,57419652
2024-09-05,29.002586364746094,29.002586364746094,29.787303924560547,28.743030548095703,29.614755630493164,49675929
2024-09-06,26.96405601501465,26.96405601501465,29.47101211547852,26.28764533996582,29.002586364746094,59255636
2024-09-07,27.77476119995117,27.77476119995117,28.87888526916504,26.93035697937012,26.96405601501465,49193629
2024-09-08,27.71586036682129,27.71586036682129,28.095947265625,27.205320358276367,27.77476119995117,46953452
2024-09-09,29.35058212280273,29.35058212280273,29.44828224182129,27.44487762451172,27.71586036682129,55195229
2024-09-10,30.866670608520508,30.866670608520508,31.057483673095703,29.04010391235352,29.35058212280273,54504210
2024-09-11,29.647762298583984,29.647762298583984,30.869384765625,29.177082061767575,30.866670608520508,64184114
2024-09-12,29.38199234008789,29.38199234008789,30.297496795654297,29.220088958740234,29.647762298583984,54118551
2024-09-13,30.657175064086918,30.657175064086918,30.86357307434082,29.29061889648437,29.38199234008789,57813354
2024-09-14,30.642498016357425,30.642498016357425,31.00720977783203,30.16824722290039,30.657175064086918,49182792
2024-09-15,29.218923568725582,29.218923568725582,31.351051330566406,29.18921661376953,30.642498016357425,49187943
2024-09-16,29.12478446960449,29.12478446960449,29.625518798828125,28.717369079589844,29.218923568725582,56400410
2024-09-17,29.787824630737305,29.787824630737305,30.37848854064941,28.94754219055176,29.12478446960449,45703888
2024-09-18,30.5613956451416,30.5613956451416,30.56255149841309,29.05370712280273,29.787824630737305,60740465
2024-09-19,31.62099838256836,31.62099838256836,32.305965423583984,30.558677673339844,30.5613956451416,70452606
2024-09-20,31.216630935668945,31.216630935668945,32.46826934814453,30.37025260925293,31.62099838256836,71643571
2024-09-21,31.26326942443848,31.26326942443848,31.52147674560547,30.51076316833496,31.21788024902344,63250962
2024-09-22,30.205713272094727,30.205713272094727,31.403669357299805,29.458703994750977,31.26326942443848,59993497
2024-09-23,29.623241424560547,29.623241424560547,31.02527618408203,28.793079376220703,30.205713272094727,62910612
2024-09-24,29.38925552368164,29.38925552368164,30.062902450561523,28.8665714263916,29.62006950378418,55848133
2024-09-25,28.31661605834961,28.31661605834961,29.876436233520508,28.17309188842773,29.38925552368164,65020697
2024-09-26,30.19012451171875,30.19012451171875,30.91706085205078,28.105653762817383,28.31661605834961,73025475
2024-09-27,30.426660537719727,30.426660537719727,31.300073623657227,30.156497955322266,30.18973922729492,67969445
2024-09-28,29.454736709594727,29.454736709594727,31.272706985473636,28.902952194213867,30.426660537719727,61648546
2024-09-29,29.10489273071289,29.10489273071289,29.48961639404297,29.002870559692383,29.454736709594727,57943238
2024-09-30,27.777708053588867,27.777708053588867,29.10798454284668,27.552135467529297,29.10489273071289,64364076
2024-10-01,26.6589469909668,26.6589469909668,28.56025505065918,26.069618225097656,27.777708053588867,64808769
2024-10-02,25.91199493408203,25.91199493408203,27.551990509033203,25.364595413208008,26.6589469909668,57601746
2024-10-03,25.653703689575195,25.653703689575195,26.37505340576172,24.51438331604004,25.91199493408203,58584950
2024-10-04,26.784698486328125,26.784698486328125,27.049388885498047,25.43245506286621,25.653703689575195,59776610
2024-10-05,27.375808715820312,27.375808715820312,28.28843688964844,26.63429450988769,26.784698486328125,67469357
2024-10-06,29.32060813903809,29.32060813903809,29.321517944335938,27.34802627563477,27.375808715820312,73769643
2024-10-07,28.98506546020508,28.98506546020508,30.16364097595215,28.91751480102539,29.32060813903809,69215214
2024-10-08,28.9758358001709,28.9758358001709,29.510900497436523,28.317235946655277,28.98506546020508,67143231
2024-10-09,29.09828186035156,29.09828186035156,29.34836196899414,28.58747100830078,28.9758358001709,62959350
2024-10-10,33.81901168823242,33.81901168823242,33.907981872558594,29.057939529418945,29.09828186035156,84368752
2024-10-11,36.19582748413086,36.19582748413086,36.86275863647461,33.221031188964844,33.81901168823242,119822193
2024-10-12,34.507381439208984,34.507381439208984,36.4502067565918,34.29459762573242,36.19582748413086,78076229
2024-10-13,35.49099349975586,35.49099349975586,37.37686920166016,34.085960388183594,34.507381439208984,83264073
2024-10-14,36.16063690185547,36.16063690185547,38.25259017944336,35.18427276611328,35.48920822143555,80961573
2024-10-15,37.43145751953125,37.43145751953125,38.28091049194336,36.08793258666992,36.16063690185547,82945978
2024-10-16,36.974220275878906,36.974220275878906,40.56425094604492,36.76211929321289,37.43145751953125,91910657
2024-10-17,36.15833282470703,36.15833282470703,37.547271728515625,35.058860778808594,36.974220275878906,76386461
2024-10-18,35.82101821899414,35.82101821899414,37.52619934082031,35.47235107421875,36.15833282470703,69521777
2024-10-19,37.03998947143555,37.03998947143555,37.040523529052734,35.33112716674805,35.82101821899414,58095761
2024-10-20,36.876590728759766,36.876590728759766,37.407039642333984,35.94813537597656,37.03998947143555,51904906
2024-10-21,37.40596389770508,37.40596389770508,39.06885147094727,36.11262512207031,36.876590728759766,69053580
2024-10-22,37.91183090209961,37.91183090209961,38.774513244628906,36.603275299072266,37.40596389770508,64721566
2024-10-23,37.74554443359375,37.74554443359375,38.57191848754883,37.22701644897461,37.91183090209961,69259372
2024-10-24,37.105506896972656,37.105506896972656,38.586082458496094,35.96152114868164,37.8424186706543,70216224
2024-10-25,35.897518157958984,35.897518157958984,37.84109115600586,34.22026443481445,37.105506896972656,70034103
2024-10-26,34.54476547241211,34.54476547241211,36.538700103759766,34.52652740478516,35.897518157958984,64285831
2024-10-27,38.42604446411133,38.42604446411133,38.42604446411133,33.108253479003906,34.54476547241211,64930718
2024-10-28,38.31877136230469,38.31877136230469,38.86622619628906,36.92048645019531,38.4276237487793,88353610
2024-10-29,38.49439239501953,38.49439239501953,40.9699821472168,35.90314865112305,38.31877136230469,93847527
2024-10-30,38.43634033203125,38.43634033203125,39.76604080200195,37.96434020996094,38.49439239501953,76583416
2024-10-31,36.77294158935547,36.77294158935547,38.440185546875,36.68599319458008,38.43621826171875,67598403
2024-11-01,37.89275360107422,37.89275360107422,38.03915023803711,36.46304702758789,36.77294158935547,72597392
2024-11-02,36.77778244018555,36.77778244018555,38.66230392456055,36.203880310058594,37.89275360107422,60784590
2024-11-03,37.22488784790039,37.22488784790039,37.7667350769043,35.64741516113281,36.77778244018555,66030051
2024-11-04,36.94184875488281,36.94184875488281,38.17669296264648,36.28091430664063,37.22488784790039,68487712
2024-11-05,38.25615692138672,38.25615692138672,38.85177612304688,36.66328048706055,36.94184875488281,70046027
2024-11-06,43.189491271972656,43.189491271972656,43.24499130249024,37.84152221679688,38.25714111328125,111680544
2024-11-07,44.07174682617188,44.07174682617188,45.609954833984375,42.82389450073242,43.189491271972656,102731924
2024-11-08,46.08826446533203,46.08826446533203,46.47013473510742,42.19612884521485,44.07174682617188,105291429
2024-11-09,46.05669403076172,46.05669403076172,47.45088577270508,44.2031135559082,46.08826446533203,95442033
2024-11-10,45.5346908569336,45.5346908569336,48.11003494262695,44.2548828125,46.05669403076172,121997422
2024-11-11,45.28257369995117,45.28257369995117,47.787559509277344,43.448333740234375,45.5346908569336,119247075
2024-11-12,42.16720962524414,42.16720962524414,45.34089660644531,40.06015396118164,45.28257369995117,128059088
2024-11-13,38.62181091308594,38.62181091308594,42.42951202392578,37.491172790527344,42.16720962524414,117297801
2024-11-14,36.88201522827149,36.88201522827149,39.32165145874024,36.501861572265625,38.62181091308594,91992950
2024-11-15,38.596073150634766,38.596073150634766,38.943321228027344,36.5090446472168,36.88201522827149,85649212
2024-11-16,44.88045120239258,44.88045120239258,46.68548202514648,38.07260513305664,38.47042465209961,114087962
2024-11-17,44.40325546264648,44.40325546264648,45.75503921508789,42.265472412109375,44.88045120239258,102350713
2024-11-18,44.89572143554688,44.89572143554688,47.80312728881836,44.27072143554688,44.40325546264648,107080508
2024-11-19,42.75538635253906,42.75538635253906,45.13836288452149,42.44374847412109,44.89572143554688,92083794
2024-11-20,41.524227142333984,41.524227142333984,43.52729797363281,40.61213302612305,42.75538635253906,94388794
2024-11-21,45.50249099731445,45.50249099731445,46.59683227539063,40.7197151184082,41.524227142333984,100373101
2024-11-22,45.80514526367188,45.80514526367188,47.0039176940918,43.6464958190918,45.50303649902344,108710527
2024-11-23,48.86812210083008,48.86812210083008,50.11727142333984,45.80508041381836,45.80508041381836,128962496
2024-11-24,52.50380325317383,52.50380325317383,57.22160720825195,48.525508880615234,48.86812210083008,134513261
2024-11-25,47.89128494262695,47.89128494262695,53.86847686767578,46.76719284057617,52.50380325317383,104566899
2024-11-26,51.55291748046875,51.55291748046875,51.55291748046875,44.02281188964844,47.89128494262695,116148121
2024-11-27,56.42596435546875,56.42596435546875,58.0948600769043,50.59732437133789,51.55291748046875,193550464
2024-11-28,55.79014205932617,55.79014205932617,58.92460632324219,55.17719268798828,56.42596435546875,114308010
2024-11-29,54.50129699707031,54.50129699707031,56.478126525878906,54.32572937011719,55.79014205932617,110556879
2024-11-30,59.36020278930664,59.36020278930664,62.04891586303711,53.65377426147461,54.50129699707031,140521755
2024-12-01,60.08063888549805,60.08063888549805,60.15219879150391,56.26287078857422,59.36020278930664,126100463
2024-12-02,74.69274139404297,74.69274139404297,76.61016845703125,57.5101203918457,60.08063888549805,289950266
2024-12-03,73.38301849365234,73.38301849365234,78.95474243164062,68.90467071533203,74.69499206542969,223902793
2024-12-04,69.79193878173828,69.79193878173828,76.40831756591797,68.70183563232422,73.38301849365234,170548498
2024-12-05,71.97203063964844,71.97203063964844,75.18368530273438,67.52340698242188,69.79193878173828,182280624
2024-12-06,70.45970153808594,70.45970153808594,74.27790069580078,68.46634674072266,70.93596649169922,159551903
2024-12-07,70.37126922607422,70.37126922607422,72.54280853271484,69.90324401855469,70.45970153808594,131040719
2024-12-08,74.51241302490234,74.51241302490234,74.94168090820312,68.79263305664062,71.03633117675781,148128551
2024-12-09,58.76510620117188,58.76510620117188,74.59888458251953,53.1009521484375,74.51241302490234,203651196
2024-12-10,58.87652587890625,58.87652587890625,60.02190399169922,53.80414962768555,58.76934814453125,178455518
2024-12-11,63.67333984375,63.67333984375,64.58050537109375,56.66728210449219,58.87652587890625,132530324
2024-12-12,59.491737365722656,59.491737365722656,67.3935546875,58.75730895996094,63.67333984375,158228382
2024-12-13,59.99041748046875,59.99041748046875,59.99223327636719,57.54035568237305,59.491737365722656,125786118
2024-12-14,58.37591171264648,58.37591171264648,60.47732162475586,57.03675079345703,59.99041748046875,124510866
2024-12-15,58.967586517333984,58.967586517333984,59.59345626831055,56.31504440307617,58.37591171264648,117271696
2024-12-16,56.4200439453125,56.4200439453125,60.78898620605469,56.29740524291992,58.967586517333984,133670256
2024-12-17,55.187259674072266,55.187259674072266,57.77501678466797,54.635555267333984,56.4200439453125,119572122
2024-12-18,50.67087173461914,50.67087173461914,56.05355453491211,50.57255935668945,55.1818733215332,124345773
2024-12-19,48.45158386230469,48.45158386230469,53.38133239746094,46.40642166137695,50.67087173461914,156868460
2024-12-20,54.71711349487305,54.71711349487305,55.81811141967773,41.38298797607422,48.45158386230469,193248741
2024-12-21,53.571407318115234,53.571407318115234,56.84999465942383,52.11528396606445,54.71711349487305,138388446
2024-12-22,57.79356002807617,57.79356002807617,59.147117614746094,50.55063629150391,53.571407318115234,149160969
2024-12-23,65.88282012939453,65.88282012939453,68.21521759033203,55.03444290161133,57.79290771484375,184778451
2024-12-24,69.15792846679688,69.15792846679688,71.54773712158203,64.33869171142578,65.88282012939453,194114822
2024-12-25,73.61805725097656,73.61805725097656,77.77351379394531,68.76997375488281,69.18218994140625,200799597
2024-12-26,68.92432403564453,68.92432403564453,73.98639678955078,66.49967193603516,73.61805725097656,154235596
2024-12-27,61.978248596191406,61.978248596191406,70.08135986328125,61.52351379394531,68.92391204833984,128490485
2024-12-28,62.43677520751953,62.43677520751953,63.97160339355469,59.729774475097656,61.978248596191406,110267623
2024-12-29,60.44409942626953,60.44409942626953,66.1202621459961,59.83745956420898,62.43677520751953,115674262
2024-12-30,58.19503021240234,58.19503021240234,62.33734130859375,57.26764297485352,60.44393539428711,124372488
2024-12-31,56.12566757202149,56.12566757202149,60.683101654052734,55.634883880615234,58.19503021240234,109381966
2025-01-01,58.1131706237793,58.1131706237793,58.807220458984375,55.11152267456055,56.12566757202149,104529941
2025-01-02,59.39713668823242,59.39713668823242,61.11002349853516,57.85457611083984,58.11303329467773,113128617
2025-01-03,60.917850494384766,60.917850494384766,61.99711227416992,56.75707244873047,59.39713668823242,105195950
2025-01-04,59.1881217956543,59.1881217956543,60.93741607666016,58.73963928222656,60.917850494384766,101883396
2025-01-05,58.53622817993164,58.53622817993164,59.46305465698242,57.19392013549805,59.1881217956543,104227723
2025-01-06,60.163333892822266,60.163333892822266,61.353328704833984,57.32014083862305,58.53622817993164,106510200
2025-01-07,52.333984375,52.333984375,60.35937881469727,51.61334609985352,60.164161682128906,118004784
2025-01-08,50.26442337036133,50.26442337036133,53.30582427978516,47.71157455444336,52.333984375,110375549
2025-01-09,46.9492301940918,46.9492301940918,50.90123748779297,46.48943710327149,50.26442337036133,107380880
2025-01-10,48.31907272338867,48.31907272338867,48.74534606933594,46.75216293334961,46.94898986816406,99859708
2025-01-11,48.48731231689453,48.48731231689453,49.36614227294922,47.27556228637695,48.3100814819336,84135464
2025-01-12,47.99576950073242,47.99576950073242,48.87855529785156,47.367862701416016,48.48731231689453,88087800
2025-01-13,48.41705322265625,48.41705322265625,49.10634231567383,44.00096130371094,47.99576950073242,112799666
2025-01-14,51.21126556396485,51.21126556396485,51.55479431152344,48.30657958984375,48.41705322265625,94942988
2025-01-15,55.333099365234375,55.333099365234375,55.342811584472656,50.14570617675781,51.21126556396485,107976408
2025-01-16,54.10566329956055,54.10566329956055,55.37774658203125,52.80812454223633,55.33526611328125,103937467
2025-01-17,54.96680068969727,54.96680068969727,56.654544830322266,54.02436447143555,54.10566329956055,111726698
2025-01-18,51.996280670166016,51.996280670166016,55.02412033081055,50.633392333984375,54.96680068969727,109323149
2025-01-19,46.72472381591797,46.72472381591797,52.40908432006836,46.11719131469727,51.996280670166016,125450174
2025-01-20,47.55696487426758,47.55696487426758,51.63261413574219,45.86544418334961,46.72472381591797,129833778
2025-01-21,49.03487777709961,49.03487777709961,50.703609466552734,45.6690788269043,47.55696487426758,111537192
2025-01-22,48.42685317993164,48.42685317993164,49.96623611450195,48.332130432128906,49.03487777709961,140157163
2025-01-23,48.614166259765625,48.614166259765625,49.36773681640625,46.8467903137207,48.42462539672852,137783446
2025-01-24,46.195682525634766,46.195682525634766,49.3270149230957,46.06090927124024,48.61460113525391,136726341
2025-01-25,46.44871520996094,46.44871520996094,46.934608459472656,45.72358322143555,46.19560623168945,98464606
2025-01-26,44.86687469482422,44.86687469482422,47.18058776855469,44.86687469482422,46.44961929321289,104582715
2025-01-27,43.06056594848633,43.06056594848633,45.21736907958984,40.9873275756836,44.86631774902344,127097139
2025-01-28,41.73085403442383,41.73085403442383,44.73283004760742,41.36179733276367,43.064453125,99574491
2025-01-29,42.404258728027344,42.404258728027344,43.88764572143555,41.019264221191406,41.73085403442383,105301651
2025-01-30,43.96355438232422,43.96355438232422,45.66814422607422,42.15593719482422,42.40719223022461,91862793
2025-01-31,43.1640625,43.1640625,45.326690673828125,42.48592758178711,43.96146011352539,88784385
2025-02-01,39.29878234863281,39.29878234863281,43.68911743164063,39.29878234863281,43.159706115722656,82541716
2025-02-02,33.13776016235352,33.13776016235352,39.91812133789063,31.95256996154785,39.29878234863281,93944083
2025-02-03,35.492122650146484,35.492122650146484,35.8686408996582,26.13565444946289,33.13776016235352,106854094
2025-02-04,32.21047592163086,32.21047592163086,35.70772171020508,31.34640121459961,35.492122650146484,73978671
2025-02-05,32.11423110961914,32.11423110961914,33.50518035888672,31.60078239440918,32.21031188964844,55034122
2025-02-06,29.829559326171875,29.829559326171875,32.53611755371094,29.574716567993164,32.11423110961914,61227848
2025-02-07,30.08131217956543,30.08131217956543,32.22812271118164,29.178600311279297,29.829559326171875,67268791
2025-02-08,31.939598083496094,31.939598083496094,31.94910049438477,29.611974716186523,30.08131217956543,59754888
2025-02-09,32.52326583862305,32.52326583862305,34.05724334716797,30.899185180664062,31.94256019592285,64257276
2025-02-10,32.4892463684082,32.4892463684082,33.09932327270508,31.248140335083008,32.52326583862305,66576758
2025-02-11,33.058319091796875,33.058319091796875,34.79981994628906,32.36589050292969,32.48414611816406,63128833
2025-02-12,32.687618255615234,32.687618255615234,33.32313919067383,30.297054290771484,33.05834197998047,77262031
2025-02-13,32.46263122558594,32.46263122558594,33.75886535644531,31.163715362548828,32.6892204284668,69054523
2025-02-14,33.027137756347656,33.027137756347656,33.75437545776367,32.272090911865234,32.46263122558594,69846632
2025-02-15,32.549461364746094,32.549461364746094,33.46982955932617,31.967021942138672,33.02798843383789,57765682
2025-02-16,34.243141174316406,34.243141174316406,35.395606994628906,31.50965118408203,32.549461364746094,64861750
2025-02-17,36.41507339477539,36.41507339477539,36.56006622314453,34.19218826293945,34.24074172973633,73443582
2025-02-18,33.83474349975586,33.83474349975586,36.63832473754883,32.64456558227539,36.41500854492188,73369057
2025-02-19,36.17159652709961,36.17159652709961,36.67364501953125,33.474422454833984,33.83390808105469,72206112
2025-02-20,36.60042953491211,36.60042953491211,38.8105354309082,35.84709930419922,36.17159652709961,78335373
2025-02-21,35.126956939697266,35.126956939697266,38.07462310791016,34.28916931152344,36.6008415222168,76451195
2025-02-22,35.90625762939453,35.90625762939453,36.59829711914063,35.04890441894531,35.12618637084961,64847818
2025-02-23,35.90320587158203,35.90320587158203,37.888614654541016,35.628143310546875,35.90625762939453,64671514
2025-02-24,33.10737991333008,33.10737991333008,36.723880767822266,32.24526596069336,35.90320587158203,72985836
2025-02-25,33.53015899658203,33.53015899658203,34.52975845336914,30.772462844848636,33.10737991333008,79689597
2025-02-26,36.0462532043457,36.0462532043457,36.77894592285156,33.24043273925781,33.52705764770508,72380216
2025-02-27,36.68706130981445,36.68706130981445,37.52799987792969,35.62205505371094,36.04417037963867,63357042
2025-02-28,37.56681442260742,37.56681442260742,37.61308288574219,35.087337493896484,36.68706130981445,75706568
2025-03-01,37.803993225097656,37.803993225097656,38.04231643676758,36.65660858154297,37.566383361816406,66392239
2025-03-02,41.285682678222656,41.285682678222656,43.047489166259766,37.35854721069336,37.803993225097656,89767103
2025-03-03,36.31492233276367,36.31492233276367,42.77162170410156,36.30987548828125,41.285682678222656,84307497
2025-03-04,35.057247161865234,35.057247161865234,36.46973037719727,33.284645080566406,36.31492233276367,72923649
2025-03-05,36.40102005004883,36.40102005004883,37.29790496826172,35.02425765991211,35.05719757080078,71939557
2025-03-06,34.1029167175293,34.1029167175293,37.14746475219727,33.87594223022461,36.40102005004883,63824288
2025-03-07,32.91796112060547,32.91796112060547,34.304222106933594,32.837345123291016,34.1029167175293,59060848
2025-03-08,32.61700820922852,32.61700820922852,33.27483367919922,32.378440856933594,32.91802978515625,47854358
2025-03-09,29.88069725036621,29.88069725036621,33.02053451538086,29.409568786621094,32.61699295043945,58126783
2025-03-10,29.23420524597168,29.23420524597168,31.90239715576172,28.12682342529297,29.8787784576416,62798211
2025-03-11,30.233625411987305,30.233625411987305,30.992753982543945,28.17736053466797,29.226581573486328,70153082
2025-03-12,30.34259414672852,30.34259414672852,30.59920883178711,28.31058692932129,30.233625411987305,64685578
2025-03-13,31.00528717041016,31.00528717041016,31.075326919555664,29.77376747131348,30.34259414672852,61949880
2025-03-14,32.32062911987305,32.32062911987305,32.564327239990234,30.88953971862793,31.00528717041016,64224899
2025-03-15,32.519832611083984,32.519832611083984,32.607635498046875,31.51972770690918,32.320579528808594,56950967
2025-03-16,32.77986145019531,32.77986145019531,33.9387092590332,32.10564422607422,32.519798278808594,66995432
2025-03-17,34.27528381347656,34.27528381347656,34.72020721435547,32.76223373413086,32.77986145019531,64781227
2025-03-18,33.2391471862793,33.2391471862793,34.27528381347656,32.3381233215332,34.27528381347656,59823856
2025-03-19,34.282928466796875,34.282928466796875,34.37234878540039,32.96053695678711,33.2391471862793,61897677
2025-03-20,33.889461517333984,33.889461517333984,34.55672836303711,32.89403533935547,34.282928466796875,65394658
2025-03-21,30.76328659057617,30.76328659057617,33.90913772583008,29.737276077270508,33.889461517333984,76912831
2025-03-22,31.09705352783203,31.09705352783203,31.247886657714844,29.91379737854004,30.76328659057617,69431874
2025-03-23,30.98551177978516,30.98551177978516,31.84052276611328,30.712499618530277,31.09705352783203,63516884
2025-03-24,32.37255859375,32.37255859375,32.790828704833984,30.86815643310547,30.98551177978516,63769444
2025-03-25,36.49277877807617,36.49277877807617,37.09703826904297,31.854198455810547,32.37297439575195,83281418
2025-03-26,38.867431640625,38.867431640625,38.94004821777344,36.04566955566406,36.49277877807617,81986536
2025-03-27,37.26461410522461,37.26461410522461,39.43244171142578,37.25040817260742,38.86898422241211,45309501
2025-03-28,36.91315078735352,36.91315078735352,37.60659408569336,35.4277229309082,37.26461410522461,65135411
2025-03-29,36.09169387817383,36.09169387817383,37.08416748046875,34.9934196472168,36.91315078735352,63353630
2025-03-30,37.54279327392578,37.54279327392578,37.89353942871094,35.77386474609375,36.09161758422852,58168161
2025-03-31,39.31795883178711,39.31795883178711,39.31916427612305,36.8873291015625,37.54279327392578,70317333
2025-04-01,40.563106536865234,40.563106536865234,42.27538299560547,38.41829299926758,39.31795883178711,77431155
2025-04-02,38.88355255126953,38.88355255126953,41.16996765136719,38.65933990478516,40.56310272216797,74103265
2025-04-03,38.95362091064453,38.95362091064453,40.72116088867188,37.49814224243164,38.88991928100586,72196293
2025-04-04,39.33430862426758,39.33430862426758,40.74758529663086,38.338626861572266,38.95362091064453,75871347
2025-04-05,37.51824569702149,37.51824569702149,40.134307861328125,36.83229446411133,39.33430862426758,70028030
2025-04-06,35.7333869934082,35.7333869934082,38.5182991027832,35.5911979675293,37.5179557800293,70388431
2025-04-07,34.061771392822266,34.061771392822266,36.775665283203125,27.72047233581543,35.77611541748047,114453292
2025-04-08,35.238243103027344,35.238243103027344,35.68709945678711,33.824859619140625,34.061771392822266,84393986
2025-04-09,36.4650764465332,36.4650764465332,38.171661376953125,33.820335388183594,35.234588623046875,120082941
2025-04-10,36.32624053955078,36.32624053955078,36.54617691040039,31.45011138916016,36.46522521972656,106033679
2025-04-11,35.35068893432617,35.35068893432617,37.90616226196289,35.25962829589844,36.32676696777344,105774693
2025-04-12,34.88187026977539,34.88187026977539,35.52914810180664,34.71002197265625,35.35068893432617,71347191
2025-04-13,31.11440658569336,31.11440658569336,34.97886276245117,30.31053733825684,34.88187026977539,89234385
2025-04-14,31.135408401489254,31.135408401489254,34.47120666503906,30.767013549804688,31.1186580657959,86070977
2025-04-15,30.80806350708008,30.80806350708008,32.1623420715332,30.27347946166992,31.135408401489254,68838988
2025-04-16,31.040546417236328,31.040546417236328,32.15242004394531,30.460208892822266,30.80806350708008,59622533
2025-04-17,30.70594787597656,30.70594787597656,31.50645446777344,30.252389907836918,31.040546417236328,57173930
2025-04-18,30.876049041748047,30.876049041748047,31.785058975219727,29.866003036499023,30.70594787597656,58351955
2025-04-19,31.702836990356445,31.702836990356445,32.052181243896484,30.838645935058597,30.876049041748047,55708755
2025-04-20,31.49580764770508,31.49580764770508,32.330848693847656,30.52803421020508,31.70302963256836,58467648
2025-04-21,31.21361541748047,31.21361541748047,32.743873596191406,31.09625244140625,31.49580764770508,60212432
2025-04-22,33.027687072753906,33.027687072753906,33.17043685913086,30.777013778686523,31.213359832763672,66592987
2025-04-23,34.241424560546875,34.241424560546875,34.47582244873047,32.45560836791992,33.027687072753906,66542336
2025-04-24,34.27947235107422,34.27947235107422,34.42008590698242,32.187259674072266,34.24138259887695,64969430
2025-04-25,34.10439682006836,34.10439682006836,35.273197174072266,33.962459564208984,34.27947235107422,60957281
2025-04-26,33.45626449584961,33.45626449584961,34.96500396728516,32.911956787109375,34.10444641113281,63531170
2025-04-27,32.884944915771484,32.884944915771484,33.7655143737793,32.64376449584961,33.45626449584961,56218985
2025-04-28,35.57941055297852,35.57941055297852,39.79592514038086,32.281883239746094,32.884944915771484,99419505
2025-04-29,34.55958557128906,34.55958557128906,36.5536994934082,33.97182083129883,35.57939147949219,68911273
2025-04-30,35.927581787109375,35.927581787109375,36.8090934753418,34.30158233642578,34.55950927734375,59672052
2025-05-01,37.543678283691406,37.543678283691406,38.08413314819336,35.27675247192383,35.92759323120117,68603048
2025-05-02,36.90245056152344,36.90245056152344,37.97293472290039,35.69448471069336,37.54938507080078,68248095
2025-05-03,36.014041900634766,36.014041900634766,37.34016799926758,35.31201934814453,36.9024543762207,60199041
2025-05-04,35.8472900390625,35.8472900390625,36.50445175170898,34.55916976928711,36.013771057128906,57949148
2025-05-05,36.831573486328125,36.831573486328125,37.24917984008789,35.58883285522461,35.83722305297852,62907707
2025-05-06,38.23778533935547,38.23778533935547,38.339942932128906,34.68126678466797,36.83157730102539,68110810
2025-05-07,40.3552360534668,40.3552360534668,41.02482223510742,37.25511932373047,38.23778533935547,77027306
2025-05-08,41.92666244506836,41.92666244506836,42.0140266418457,39.45066833496094,40.355262756347656,72096919
2025-05-09,42.28796005249024,42.28796005249024,43.30509567260742,41.05805969238281,41.92666244506836,77243062
2025-05-10,43.60921859741211,43.60921859741211,43.75751876831055,41.03166580200195,42.2879753112793,73527304
2025-05-11,45.215911865234375,45.215911865234375,45.635032653808594,41.39889907836914,43.60921859741211,78528430
2025-05-12,44.62298583984375,44.62298583984375,45.61975860595703,41.87195587158203,45.21599578857422,72239820
2025-05-13,43.686065673828125,43.686065673828125,44.62298583984375,41.74852752685547,44.62298583984375,68982154
2025-05-14,42.48735809326172,42.48735809326172,43.76348876953125,40.34907913208008,43.686065673828125,77023570
2025-05-15,42.40254211425781,42.40254211425781,43.25236511230469,39.90644454956055,42.48723602294922,73607978
2025-05-16,40.469329833984375,40.469329833984375,43.16852188110352,39.88431930541992,42.40391159057617,64647537
2025-05-17,40.35161590576172,40.35161590576172,42.26626205444336,39.24266815185547,40.469329833984375,95676475
2025-05-18,42.25503158569336,42.25503158569336,42.348388671875,39.93269348144531,40.35161590576172,72300072
2025-05-19,40.69370651245117,40.69370651245117,42.29021072387695,39.04888534545898,42.25040817260742,77064730
2025-05-20,41.18833923339844,41.18833923339844,41.1983528137207,39.41988754272461,40.69370651245117,66828554
2025-05-21,42.9049186706543,42.9049186706543,42.92162704467773,40.34181213378906,41.18833923339844,71507420
2025-05-22,49.00138092041016,49.00138092041016,50.68054962158203,42.90486145019531,42.9049186706543,95997483
2025-05-23,46.77608489990234,46.77608489990234,50.51280212402344,46.625770568847656,49.00138092041016,87161131
2025-05-24,49.11302947998047,49.11302947998047,49.76961135864258,46.50996398925781,46.77608489990234,66026034
2025-05-25,54.84767150878906,54.84767150878906,54.87743377685547,46.835330963134766,49.11302947998047,102605507
2025-05-26,54.41238021850586,54.41238021850586,56.53539276123047,51.10386657714844,54.84767150878906,98357430
2025-05-27,52.41836929321289,52.41836929321289,55.82875442504883,51.078861236572266,54.411903381347656,99157904
2025-05-28,53.46114730834961,53.46114730834961,54.147491455078125,50.13562774658203,52.41836166381836,94101116
2025-05-29,53.649898529052734,53.649898529052734,55.85642623901367,52.87451934814453,53.461185455322266,93452214
2025-05-30,48.58611297607422,48.58611297607422,53.87508392333984,43.31051254272461,53.649898529052734,79890790
2025-05-31,50.569313049316406,50.569313049316406,50.79158401489258,45.35732269287109,48.58556365966797,80856432
2025-06-01,52.908294677734375,52.908294677734375,53.38490676879883,49.12618637084961,50.58273315429688,86120608
2025-06-02,54.109161376953125,54.109161376953125,54.359222412109375,52.17919158935547,52.90821838378906,82276258
2025-06-03,54.84580612182617,54.84580612182617,55.775638580322266,52.4492301940918,54.109161376953125,93236630
2025-06-04,50.29656982421875,50.29656982421875,54.84592819213867,49.99349212646485,54.84580612182617,81450588
2025-06-05,48.39998245239258,48.39998245239258,50.80117034912109,47.54607391357422,50.29656982421875,81263202
2025-06-06,48.13761901855469,48.13761901855469,49.86971282958984,46.84614562988281,48.399993896484375,77149423
2025-06-07,50.468074798583984,50.468074798583984,50.610618591308594,47.49606323242188,48.14133834838867,67434790
2025-06-08,49.14928817749024,49.14928817749024,50.987430572509766,48.765113830566406,50.4731674194336,73272265
2025-06-09,51.49122619628906,51.49122619628906,51.66992950439453,48.5323371887207,49.14928817749024,73026498
2025-06-10,52.398197174072266,52.398197174072266,52.95448303222656,50.165557861328125,51.49122619628906,78342525
2025-06-11,50.09353256225586,50.09353256225586,52.78015899658203,49.26948165893555,52.398197174072266,80821564
2025-06-12,48.20524215698242,48.20524215698242,51.260719299316406,47.62571716308594,50.09353256225586,80985683
2025-06-13,45.51742172241211,45.51742172241211,48.21189498901367,44.02808380126953,48.20524215698242,81312713
2025-06-14,44.37913131713867,44.37913131713867,45.89330291748047,43.5013313293457,45.51742172241211,69196570
2025-06-15,43.38608932495117,43.38608932495117,44.989967346191406,42.93434143066406,44.37913131713867,64641512
2025-06-16,44.33211135864258,44.33211135864258,46.45903015136719,43.12985229492188,43.3868293762207,79140833
2025-06-17,41.195091247558594,41.195091247558594,44.48526382446289,40.667083740234375,44.33113479614258,64140168
2025-06-18,42.05910110473633,42.05910110473633,42.80135345458984,40.78137969970703,41.195091247558594,63470230
2025-06-19,41.72328186035156,41.72328186035156,42.464237213134766,41.14720916748047,42.05910110473633,61396751
2025-06-20,40.19041442871094,40.19041442871094,42.12168502807617,39.3674201965332,41.72328567504883,62417640
2025-06-21,39.421634674072266,39.421634674072266,41.4002685546875,38.7764892578125,40.19062423706055,65678612
2025-06-22,38.11890411376953,38.11890411376953,40.14617156982422,36.60057067871094,39.42329788208008,67625069
2025-06-23,41.64240646362305,41.64240646362305,41.71128845214844,37.85979843139648,38.11890411376953,71053113
2025-06-24,42.72050476074219,42.72050476074219,42.93125915527344,41.39174270629883,41.64240646362305,76777603
2025-06-25,41.438236236572266,41.438236236572266,43.05413055419922,41.07640838623047,42.72050476074219,78816963
2025-06-26,39.10468292236328,39.10468292236328,41.83993148803711,38.88007736206055,41.438236236572266,83838304
2025-06-27,38.707786560058594,38.707786560058594,40.087520599365234,38.53569793701172,39.10468292236328,77152985
2025-06-28,39.02067184448242,39.02067184448242,39.375823974609375,37.48232269287109,38.707786560058594,68724059
2025-06-29,40.12734603881836,40.12734603881836,40.29584884643555,38.19547271728516,39.02067184448242,74486223
2025-06-30,38.2512092590332,38.2512092590332,40.44454956054688,38.239891052246094,40.12734603881836,27789146
2025-07-01,36.943695068359375,36.943695068359375,38.40947341918945,36.47687149047852,38.2512092590332,47230965
2025-07-02,38.94158554077149,38.94158554077149,39.055755615234375,36.80967712402344,36.943695068359375,60777224
2025-07-03,40.888916015625,40.888916015625,40.888916015625,38.571170806884766,38.94158554077149,119212531
2025-07-04,40.113277435302734,40.113277435302734,41.94107437133789,39.17618560791016,40.888916015625,74935137
2025-07-05,39.249977111816406,39.249977111816406,40.72371673583984,38.55001831054688,40.113277435302734,86239562
2025-07-06,39.309818267822266,39.309818267822266,40.078800201416016,37.79344940185547,39.249977111816406,137197761
2025-07-07,38.77645111083984,38.77645111083984,39.67891311645508,38.1479606628418,39.309818267822266,85896201
2025-07-08,43.657711029052734,43.657711029052734,43.66188049316406,38.30816268920898,38.77645111083984,96877591
2025-07-09,40.973392486572266,40.973392486572266,44.642879486083984,39.00764465332031,43.657711029052734,76471510
2025-07-10,42.04550552368164,42.04550552368164,42.41276931762695,40.25258255004883,40.973392486572266,123666125
2025-07-11,42.03304672241211,42.03304672241211,43.76506042480469,41.43512344360352,42.04550552368164,122434987
2025-07-12,42.28648376464844,42.28648376464844,42.962215423583984,40.57145690917969,42.03304672241211,85314704
2025-07-13,42.39606475830078,42.39606475830078,43.7187614440918,41.89754486083984,42.28648376464844,86998805
2025-07-14,43.1153450012207,43.1153450012207,44.45831680297852,42.2830696105957,42.39606475830078,89884455
2025-07-15,43.77292251586914,43.77292251586914,43.956825256347656,41.5777702331543,43.1153450012207,84059356
2025-07-16,44.20937347412109,44.20937347412109,44.77614212036133,43.150978088378906,43.77292251586914,26241582
2025-07-17,45.544921875,45.544921875,46.05487060546875,43.56568145751953,44.20937347412109,95055492
2025-07-18,44.24215316772461,44.24215316772461,47.056640625,43.794044494628906,45.544921875,84952851
2025-07-19,44.71579360961914,44.71579360961914,45.33647155761719,42.967620849609375,44.24300765991211,127476094
2025-07-20,45.03129577636719,45.03129577636719,45.84936141967773,43.92906188964844,44.71579360961914,148472092
2025-07-21,44.68674087524414,44.68674087524414,45.94962692260742,44.08366775512695,45.03129577636719,95325294
2025-07-22,44.04561233520508,44.04561233520508,44.68674087524414,42.36932373046875,44.68674087524414,106058312
2025-07-23,41.36760711669922,41.36760711669922,44.09737014770508,40.60000228881836,44.04561233520508,30812963
2025-07-24,40.20568084716797,40.20568084716797,41.906837463378906,39.45457077026367,41.36760711669922,59087831
2025-07-25,40.77964782714844,40.77964782714844,40.781497955322266,38.73976135253906,40.20568084716797,112028692
2025-07-26,41.220584869384766,41.220584869384766,41.72077941894531,40.5162239074707,40.77964782714844,89432991
2025-07-27,41.85646438598633,41.85646438598633,41.89941787719727,41.17074203491211,41.220584869384766,139135515
2025-07-28,40.51958084106445,40.51958084106445,43.31303405761719,40.242713928222656,41.85646438598633,90566416
2025-07-29,40.43116760253906,40.43116760253906,41.65084838867188,39.80284881591797,40.51863479614258,131134774
2025-07-30,38.41047668457031,38.41047668457031,40.64796447753906,37.45594787597656,40.43116760253906,131500440
2025-07-31,36.965919494628906,36.965919494628906,39.51972198486328,36.78043365478516,38.41047668457031,90606093
2025-08-01,35.89788055419922,35.89788055419922,37.28901290893555,35.36883544921875,36.965919494628906,131555123
2025-08-02,35.34112930297852,35.34112930297852,36.1115837097168,34.710975646972656,35.89752578735352,109633909
2025-08-03,36.14866256713867,36.14866256713867,36.69646835327149,34.997684478759766,35.34112930297852,53383957
2025-08-04,37.02363967895508,37.02363967895508,37.32725524902344,35.965423583984375,36.14855194091797,42930871
2025-08-05,35.467742919921875,35.467742919921875,37.10795593261719,35.01829528808594,37.02363967895508,130043513
2025-08-06,36.08480072021485,36.08480072021485,36.27537536621094,34.926849365234375,35.467742919921875,116899033
2025-08-07,38.12910079956055,38.12910079956055,38.13275146484375,35.98104476928711,36.08480072021485,130551094
2025-08-08,38.73772811889648,38.73772811889648,39.14276885986328,37.63884735107422,38.12910079956055,69941382
2025-08-09,40.23998641967773,40.23998641967773,40.41228485107422,38.72318649291992,38.73772811889648,58902604
2025-08-10,39.48803329467773,39.48803329467773,40.8780517578125,38.39323425292969,40.23998641967773,82447852
2025-08-11,36.73398208618164,36.73398208618164,40.309715270996094,36.45734786987305,39.48803329467773,82606808
2025-08-12,39.524600982666016,39.524600982666016,40.17454147338867,36.682987213134766,36.73398208618164,74792622
2025-08-13,39.3484001159668,39.3484001159668,40.87363052368164,38.17535400390625,39.524600982666016,106561764
2025-08-14,36.63409423828125,36.63409423828125,40.25149917602539,36.45050048828125,39.3484001159668,99598175
2025-08-15,36.42374038696289,36.42374038696289,38.53562545776367,36.07868194580078,36.63409423828125,84099679
2025-08-16,36.78497314453125,36.78497314453125,37.15774917602539,36.028900146484375,36.42374038696289,81849343
2025-08-17,37.07538986206055,37.07538986206055,37.85478210449219,36.36090087890625,36.78498077392578,76506783
2025-08-18,35.30450820922852,35.30450820922852,37.077884674072266,35.28728103637695,37.07538986206055,81352408
2025-08-19,34.592430114746094,34.592430114746094,36.1311149597168,34.58732223510742,35.30450820922852,84438710
2025-08-20,39.041133880615234,39.041133880615234,39.367919921875,34.476200103759766,34.59320831298828,104236942
2025-08-21,42.4459342956543,42.4459342956543,42.80322647094727,37.92223739624024,39.041133880615234,101518831
2025-08-22,43.956390380859375,43.956390380859375,44.99254989624024,41.71269607543945,42.4459342956543,114568001
2025-08-23,44.77116394042969,44.77116394042969,44.947662353515625,42.57975769042969,43.956390380859375,82737237
2025-08-24,42.55852890014648,42.55852890014648,44.89131546020508,42.24208450317383,44.777774810791016,76260802
2025-08-25,40.21215438842773,40.21215438842773,42.7755126953125,38.985931396484375,42.56645965576172,76150749
2025-08-26,43.03199768066406,43.03199768066406,43.0367546081543,39.32672119140625,40.21215438842773,66766279
2025-08-27,42.19109344482422,42.19109344482422,43.38361740112305,41.68489074707031,43.03242874145508,72438958
2025-08-28,42.47841644287109,42.47841644287109,43.40738296508789,41.24980545043945,42.19117736816406,82266793
2025-08-29,40.216434478759766,40.216434478759766,43.62505722045898,40.13930892944336,42.480995178222656,82346180
2025-08-30,40.01616668701172,40.01616668701172,40.28968048095703,39.57966232299805,40.216434478759766,28216892
2025-08-31,40.42271041870117,40.42271041870117,41.33969879150391,39.937294006347656,40.01616668701172,28963875
2025-09-01,40.47425842285156,40.47425842285156,41.11663436889648,38.74717712402344,40.42271041870117,77654696
2025-09-02,41.522369384765625,41.522369384765625,41.78125381469727,39.88741683959961,40.473426818847656,83042750
2025-09-03,41.58003234863281,41.58003234863281,42.98790740966797,40.88739776611328,41.522369384765625,86340359
2025-09-04,40.76062774658203,40.76062774658203,41.62547302246094,40.214881896972656,41.58003234863281,27202286
2025-09-05,41.09051513671875,41.09051513671875,41.83186340332031,40.638145446777344,40.76062774658203,76494965
2025-09-06,47.57129669189453,47.57129669189453,47.58058166503906,40.93186569213867,41.09051513671875,79637463
2025-09-07,48.36202239990234,48.36202239990234,48.44283676147461,45.70766067504883,47.57129669189453,90815359
2025-09-08,50.74336242675781,50.74336242675781,51.928802490234375,48.10514831542969,48.36202239990234,101345768
2025-09-09,48.312774658203125,48.312774658203125,51.14078140258789,47.687591552734375,50.74456405639648,47254896
2025-09-10,47.91849136352539,47.91849136352539,49.09281921386719,47.36796951293945,48.312774658203125,93336665
2025-09-11,47.96772766113281,47.96772766113281,48.1688232421875,47.19603729248047,47.92635345458984,91536904
2025-09-12,49.70928955078125,49.70928955078125,50.32381820678711,47.273094177246094,47.96693420410156,93185506
2025-09-13,52.782958984375,52.782958984375,52.9112663269043,48.9486198425293,49.70928955078125,94381077
2025-09-14,50.47271347045898,50.47271347045898,55.42558670043945,50.4432487487793,52.782958984375,117559231
2025-09-15,49.94935607910156,49.94935607910156,51.98857116699219,49.40310287475586,50.47271347045898,97572778
2025-09-16,51.40995788574219,51.40995788574219,53.23447036743164,49.71123504638672,49.94935607910156,33641179
2025-09-17,51.256465911865234,51.256465911865234,52.39678955078125,50.293792724609375,51.40916061401367,94974356
2025-09-18,50.46176528930664,50.46176528930664,51.40274810791016,50.153839111328125,51.25286865234375,95183056
2025-09-19,48.93694686889648,48.93694686889648,50.91812133789063,48.25962066650391,50.461181640625,99220179
2025-09-20,50.635013580322266,50.635013580322266,51.05968475341797,48.59731674194336,48.93442535400391,92929989
2025-09-21,51.87305450439453,51.87305450439453,52.27213287353516,50.56240463256836,50.635013580322266,36738981
2025-09-22,48.685646057128906,48.685646057128906,52.11808013916016,47.44943237304688,51.87448120117188,105315006
2025-09-23,55.06674575805664,55.06674575805664,55.14833068847656,47.8690299987793,48.685646057128906,114446216
2025-09-24,58.773719787597656,58.773719787597656,61.131595611572266,52.89619064331055,55.06674575805664,148698378
2025-09-25,54.42683792114258,54.42683792114258,60.25420379638672,54.29164123535156,58.77337646484375,77426306
2025-09-26,56.269134521484375,56.269134521484375,56.32374954223633,53.21408081054688,54.42898178100586,45384680
2025-09-27,55.73141098022461,55.73141098022461,56.84981155395508,53.91121673583984,56.269134521484375,39292862
2025-09-28,61.054176330566406,61.054176330566406,61.31155776977539,54.04542541503906,55.73141098022461,115920521
2025-09-29,72.07198333740234,72.07198333740234,72.60441589355469,61.054176330566406,61.054176330566406,220211377
2025-09-30,74.46339416503906,74.46339416503906,77.07634735107422,64.17402648925781,72.08258056640625,257005178
2025-10-01,120.04973602294922,120.04973602294922,126.71602630615234,74.24016571044922,74.46419525146484,656349407
2025-10-02,131.22760009765625,131.22760009765625,157.12989807128906,117.24181365966795,120.1259994506836,1003606088
2025-10-03,127.63034057617188,127.63034057617188,155.195556640625,123.9957046508789,131.23435974121094,533139288
2025-10-04,157.13072204589844,157.13072204589844,174.44732666015625,125.5767059326172,127.63575744628906,510013470
2025-10-05,165.44444274902344,165.44444274902344,170.26487731933594,144.25680541992188,157.1280059814453,508257865
2025-10-06,156.21519470214844,156.21519470214844,172.3845672607422,154.98724365234375,165.44100952148438,458860455
2025-10-07,128.166015625,128.166015625,160.44790649414062,125.86913299560548,156.21519470214844,424794405
2025-10-08,175.94253540039062,175.94253540039062,184.8559417724609,126.69377899169922,128.1503448486328,580475042
2025-10-09,213.71519470214844,213.71519470214844,216.39649963378903,165.1868438720703,175.94061279296875,1015867881
2025-10-10,228.44598388671875,228.44598388671875,269.5651550292969,159.00927734375,213.69732666015625,1706120751
2025-10-11,292.3497619628906,292.3497619628906,297.00640869140625,209.7645263671875,228.4371337890625,1517486632
2025-10-12,262.0731811523437,262.0731811523437,294.1736145019531,248.38671875,292.3069763183594,1066795376
2025-10-13,249.72251892089844,249.72251892089844,286.90887451171875,236.41827392578125,262.074462890625,634814367
2025-10-14,247.8284912109375,247.8284912109375,262.53741455078125,218.80638122558597,249.76541137695312,819411352
2025-10-15,229.92938232421875,229.92938232421875,276.7709045410156,225.23110961914065,247.8288726806641,682676521
2025-10-16,203.6495513916016,203.6495513916016,244.96923828125,203.3922271728516,229.93138122558597,668804349
2025-10-17,217.7688140869141,217.7688140869141,233.8928680419922,188.1666259765625,203.71072387695312,746576249
2025-10-18,221.56784057617188,221.56784057617188,226.7732696533203,210.98098754882807,217.7732696533203,284338540
2025-10-19,236.13800048828125,236.13800048828125,244.76263427734372,212.2223358154297,221.56784057617188,446021008
2025-10-20,268.1690368652344,268.1690368652344,283.0419006347656,230.7985076904297,236.1576232910156,619788950
2025-10-21,262.8091125488281,262.8091125488281,308.47369384765625,246.76321411132807,268.46551513671875,885519222
2025-10-22,239.2859039306641,239.2859039306641,280.6705017089844,227.7943878173828,262.8060607910156,684779249
2025-10-23,242.92124938964844,242.92124938964844,251.22671508789065,229.1828155517578,239.2859039306641,445314885
2025-10-24,271.0498352050781,271.0498352050781,272.1150207519531,242.0080718994141,242.94078063964844,515635890
2025-10-25,275.7913818359375,275.7913818359375,283.3172912597656,265.7804870605469,271.0288391113281,322180059
2025-10-26,326.5732727050781,326.5732727050781,357.3156433105469,272.54620361328125,275.8139953613281,1255923496
2025-10-27,341.6112976074219,341.6112976074219,371.5934143066406,326.1767272949219,326.64324951171875,994918197
2025-10-28,315.8741455078125,315.8741455078125,342.4373779296875,308.4515686035156,341.5729675292969,644337884
2025-10-29,351.4538879394531,351.4538879394531,361.92034912109375,311.6815185546875,315.8812866210937,652160980
2025-10-30,345.6934509277344,345.6934509277344,364.7997131347656,299.64373779296875,351.4181213378906,914581337
2025-10-31,405.1412048339844,405.1412048339844,411.1347351074219,340.78887939453125,345.86474609375,1322191710
2025-11-01,411.8503723144531,411.8503723144531,445.1470336914063,394.620361328125,405.11669921875,1178297427
2025-11-02,417.7561950683594,417.7561950683594,429.3059387207031,369.7594604492188,411.8123779296875,941568231
2025-11-03,433.6203308105469,433.6203308105469,434.1227111816406,377.52392578125,417.819091796875,965645560
2025-11-04,444.0089416503906,444.0089416503906,480.7609252929688,377.07861328125,433.5867309570313,2462004942
2025-11-05,477.6500244140625,477.6500244140625,501.5493469238281,412.3844299316406,443.88092041015625,1469931312
2025-11-06,533.6963500976562,533.6963500976562,548.6101684570312,470.3612976074219,477.6105346679688,1538021876
2025-11-07,642.8118286132812,642.8118286132812,736.5137329101562,526.2481079101562,533.9287109375,4286884278
2025-11-08,604.1056518554688,604.1056518554688,655.4063110351562,499.0136413574219,642.6477661132812,3893895621
2025-11-09,614.1033325195312,614.1033325195312,668.4969482421875,536.551513671875,604.0233154296875,2194121335
2025-11-10,519.370849609375,519.370849609375,680.6644897460938,517.9572143554688,614.3619384765625,4376500866
2025-11-11,443.11907958984375,443.11907958984375,575.8636474609375,443.0333862304688,519.396484375,2515472260
2025-11-12,507.01019287109375,507.01019287109375,543.4403686523438,426.8305969238281,443.1621398925781,2125460653
2025-11-13,521.0245971679688,521.0245971679688,532.6598510742188,471.393310546875,507.0105285644531,1613572862
2025-11-14,603.5184936523438,603.5184936523438,609.9752807617188,484.9073791503906,521.017578125,2022635060
2025-11-15,671.8980712890625,671.8980712890625,723.7257690429688,600.3151245117188,603.5184936523438,3141795643
2025-11-16,698.4344482421875,698.4344482421875,735.7701416015625,653.7958374023438,671.9520263671875,3888414820
2025-11-17,613.2484130859375,613.2484130859375,724.3760986328125,606.5095825195312,698.4351196289062,2349029302
2025-11-18,624.3610229492188,624.3610229492188,651.0833129882812,549.4620971679688,613.14013671875,2258530338
2025-11-19,674.0584106445312,674.0584106445312,680.2670288085938,583.0552368164062,624.37158203125,2045325175
2025-11-20,655.4822998046875,655.4822998046875,714.8198852539062,655.2023315429688,674.0313110351562,2224968793
2025-11-21,547.3265380859375,547.3265380859375,696.2149658203125,519.1511840820312,655.2467041015625,2374460523
2025-11-22,517.20361328125,517.20361328125,548.8307495117188,471.5542907714844,547.4246215820312,2480427947
2025-11-23,572.0390625,572.0390625,607.6639404296875,515.1796264648438,517.242919921875,1447342842
2025-11-24,519.3253173828125,519.3253173828125,592.4951782226562,517.4032592773438,572.050048828125,1239274240
2025-11-25,511.9535217285156,511.9535217285156,532.594970703125,485.44866943359375,519.3816528320312,1114327080
2025-11-26,526.5174560546875,526.5174560546875,532.6928100585938,493.007080078125,511.9476013183594,937934584
2025-11-27,489.7618713378906,489.7618713378906,546.7310791015625,484.4608459472656,526.5325317382812,852553861
2025-11-28,451.9553527832031,451.9553527832031,489.7915649414063,450.8909606933594,489.7665710449219,836062993
2025-11-29,459.6116333007813,459.6116333007813,473.1571350097656,439.9222106933594,451.8836059570313,626784326
2025-11-30,427.7196044921875,427.7196044921875,469.76959228515625,427.7196044921875,459.6318359375,717650269
2025-12-01,342.2626953125,342.2626953125,429.625732421875,325.59844970703125,427.6838989257813,1585970004
2025-12-02,313.6902160644531,313.6902160644531,382.4000549316406,307.2314147949219,342.2446594238281,1415404973
2025-12-03,339.4112548828125,339.4112548828125,378.05615234375,302.7471923828125,313.6356201171875,1559795821
2025-12-04,366.6379089355469,366.6379089355469,368.5002136230469,336.5704040527344,339.4870910644531,931266127
2025-12-05,360.4526672363281,360.4526672363281,404.1604919433594,352.9913635253906,366.7556762695313,1296313389
2025-12-06,341.97491455078125,341.97491455078125,361.66302490234375,329.7429504394531,360.4526672363281,762286838
2025-12-07,342.8537902832031,342.8537902832031,351.6177673339844,333.0673828125,341.9804992675781,717286634
2025-12-08,405.4234313964844,405.4234313964844,423.2771301269531,342.5213928222656,342.8470153808594,1285952829
2025-12-09,432.5918273925781,432.5918273925781,448.4364013671875,392.5150146484375,405.4018249511719,1196220240
2025-12-10,404.6097717285156,404.6097717285156,446.7847900390625,397.5788879394531,432.531494140625,861843813
2025-12-11,450.6173706054688,450.6173706054688,468.7838745117188,391.5613708496094,404.6472778320313,1185212137
2025-12-12,456.3460083007813,456.3460083007813,466.8649291992188,447.41156005859375,450.6095581054688,800562625
2025-12-13,443.3737487792969,443.3737487792969,468.9502868652344,423.7212219238281,456.3677062988281,908946484
2025-12-14,404.4709167480469,404.4709167480469,443.7626953125,397.0100708007813,443.3961791992188,689308303
2025-12-15,413.25927734375,413.25927734375,417.1750183105469,389.6856994628906,404.4688415527344,906891206
2025-12-16,402.7759094238281,402.7759094238281,414.3770751953125,377.11029052734375,413.25775146484375,761207517
2025-12-17,376.5624694824219,376.5624694824219,408.9569091796875,373.1236267089844,402.7834777832031,674269798
2025-12-18,387.71099853515625,387.71099853515625,403.8849792480469,373.0786437988281,376.53118896484375,767610727
2025-12-19,444.092529296875,444.092529296875,454.1581115722656,385.1329040527344,387.8538513183594,745632954
2025-12-20,447.0294494628906,447.0294494628906,454.6697692871094,435.9717102050781,444.0527038574219,529036381
2025-12-21,441.2696533203125,441.2696533203125,451.1961364746094,429.509033203125,447.0368957519531,532152873
2025-12-22,431.7469177246094,431.7469177246094,455.2174072265625,427.5415954589844,441.2732849121094,599795787
2025-12-23,416.8720397949219,416.8720397949219,436.5875244140625,411.90472412109375,431.7383117675781,522701062
2025-12-24,448.5295715332031,448.5295715332031,450.08245849609375,405.0054016113281,416.8958435058594,669927447
2025-12-25,437.92291259765625,437.92291259765625,453.2013854980469,436.52685546875,448.4846496582031,520001402
2025-12-26,447.8381652832031,447.8381652832031,448.2054138183594,435.8512268066406,437.9247131347656,477899381
2025-12-27,515.5784301757812,515.5784301757812,522.8473510742188,445.7047729492188,447.8381652832031,979251096
2025-12-28,530.1592407226562,530.1592407226562,539.8016357421875,511.923095703125,515.5805053710938,630076398
2025-12-29,540.5777587890625,540.5777587890625,554.179443359375,511.7195129394531,530.1539306640625,960837123
2025-12-30,528.4545288085938,528.4545288085938,543.3126831054688,523.51123046875,540.5732421875,622380038
2025-12-31,512.5577392578125,512.5577392578125,531.5779418945312,501.6675720214844,528.551025390625,861606612
